mode: set
github.com/Kyanite/noise/test_enhancement_065_comprehensive.go:18.49,59.47 7 0
github.com/Kyanite/noise/test_enhancement_065_comprehensive.go:59.47,61.3 1 0
github.com/Kyanite/noise/test_enhancement_065_comprehensive.go:63.2,63.47 1 0
github.com/Kyanite/noise/test_enhancement_065_comprehensive.go:63.47,65.3 1 0
github.com/Kyanite/noise/test_enhancement_065_comprehensive.go:67.2,67.44 1 0
github.com/Kyanite/noise/test_enhancement_065_comprehensive.go:67.44,69.3 1 0
github.com/Kyanite/noise/test_enhancement_065_comprehensive.go:71.2,71.55 1 0
github.com/Kyanite/noise/test_enhancement_065_comprehensive.go:71.55,73.3 1 0
github.com/Kyanite/noise/test_enhancement_065_comprehensive.go:75.2,75.44 1 0
github.com/Kyanite/noise/test_enhancement_065_comprehensive.go:75.44,77.3 1 0
github.com/Kyanite/noise/test_enhancement_065_comprehensive.go:79.2,79.48 1 0
github.com/Kyanite/noise/test_enhancement_065_comprehensive.go:79.48,81.3 1 0
github.com/Kyanite/noise/test_enhancement_065_comprehensive.go:83.2,83.54 1 0
github.com/Kyanite/noise/test_enhancement_065_comprehensive.go:83.54,85.3 1 0
github.com/Kyanite/noise/test_enhancement_065_comprehensive.go:87.2,87.44 1 0
github.com/Kyanite/noise/test_enhancement_065_comprehensive.go:87.44,89.3 1 0
github.com/Kyanite/noise/test_enhancement_065_comprehensive.go:93.75,96.25 3 0
github.com/Kyanite/noise/test_enhancement_065_comprehensive.go:96.25,98.3 1 0
github.com/Kyanite/noise/test_enhancement_065_comprehensive.go:100.2,101.21 2 0
github.com/Kyanite/noise/test_enhancement_065_comprehensive.go:105.52,107.18 2 0
github.com/Kyanite/noise/test_enhancement_065_comprehensive.go:107.18,109.3 1 0
github.com/Kyanite/noise/test_enhancement_065_comprehensive.go:111.2,111.14 1 0
github.com/Kyanite/noise/test_enhancement_065_comprehensive.go:115.77,117.20 2 0
github.com/Kyanite/noise/test_enhancement_065_comprehensive.go:117.20,119.3 1 0
github.com/Kyanite/noise/test_enhancement_065_comprehensive.go:121.2,121.16 1 0
github.com/Kyanite/noise/test_enhancement_065_comprehensive.go:125.92,128.25 2 0
github.com/Kyanite/noise/test_enhancement_065_comprehensive.go:128.25,130.3 1 0
github.com/Kyanite/noise/test_enhancement_065_comprehensive.go:133.2,134.22 2 0
github.com/Kyanite/noise/test_enhancement_065_comprehensive.go:134.22,136.3 1 0
github.com/Kyanite/noise/test_enhancement_065_comprehensive.go:139.2,139.28 1 0
github.com/Kyanite/noise/test_enhancement_065_comprehensive.go:139.28,141.17 2 0
github.com/Kyanite/noise/test_enhancement_065_comprehensive.go:141.17,143.12 2 0
github.com/Kyanite/noise/test_enhancement_065_comprehensive.go:146.3,147.35 2 0
github.com/Kyanite/noise/test_enhancement_065_comprehensive.go:147.35,149.4 1 0
github.com/Kyanite/noise/test_enhancement_065_comprehensive.go:151.3,151.88 1 0
github.com/Kyanite/noise/test_enhancement_065_comprehensive.go:155.2,156.16 2 0
github.com/Kyanite/noise/test_enhancement_065_comprehensive.go:156.16,158.3 1 0
github.com/Kyanite/noise/test_enhancement_065_comprehensive.go:160.2,160.77 1 0
github.com/Kyanite/noise/test_enhancement_065_comprehensive.go:164.104,170.75 3 0
github.com/Kyanite/noise/test_enhancement_065_comprehensive.go:170.75,172.3 1 0
github.com/Kyanite/noise/test_enhancement_065_comprehensive.go:175.2,176.81 2 0
github.com/Kyanite/noise/test_enhancement_065_comprehensive.go:176.81,178.3 1 0
github.com/Kyanite/noise/test_enhancement_065_comprehensive.go:181.2,182.56 2 0
github.com/Kyanite/noise/test_enhancement_065_comprehensive.go:182.56,184.3 1 0
github.com/Kyanite/noise/test_enhancement_065_comprehensive.go:186.2,187.58 2 0
github.com/Kyanite/noise/test_enhancement_065_comprehensive.go:187.58,189.3 1 0
github.com/Kyanite/noise/test_enhancement_065_comprehensive.go:191.2,193.111 3 0
github.com/Kyanite/noise/test_enhancement_065_comprehensive.go:197.101,207.16 4 0
github.com/Kyanite/noise/test_enhancement_065_comprehensive.go:207.16,209.3 1 0
github.com/Kyanite/noise/test_enhancement_065_comprehensive.go:209.8,209.46 1 0
github.com/Kyanite/noise/test_enhancement_065_comprehensive.go:209.46,211.3 1 0
github.com/Kyanite/noise/test_enhancement_065_comprehensive.go:211.8,213.3 1 0
github.com/Kyanite/noise/test_enhancement_065_comprehensive.go:216.2,223.16 3 0
github.com/Kyanite/noise/test_enhancement_065_comprehensive.go:223.16,225.3 1 0
github.com/Kyanite/noise/test_enhancement_065_comprehensive.go:225.8,225.44 1 0
github.com/Kyanite/noise/test_enhancement_065_comprehensive.go:225.44,227.3 1 0
github.com/Kyanite/noise/test_enhancement_065_comprehensive.go:227.8,229.3 1 0
github.com/Kyanite/noise/test_enhancement_065_comprehensive.go:232.2,238.16 3 0
github.com/Kyanite/noise/test_enhancement_065_comprehensive.go:238.16,240.3 1 0
github.com/Kyanite/noise/test_enhancement_065_comprehensive.go:240.8,240.44 1 0
github.com/Kyanite/noise/test_enhancement_065_comprehensive.go:240.44,242.3 1 0
github.com/Kyanite/noise/test_enhancement_065_comprehensive.go:242.8,244.3 1 0
github.com/Kyanite/noise/test_enhancement_065_comprehensive.go:247.2,253.16 3 0
github.com/Kyanite/noise/test_enhancement_065_comprehensive.go:253.16,255.3 1 0
github.com/Kyanite/noise/test_enhancement_065_comprehensive.go:255.8,255.35 1 0
github.com/Kyanite/noise/test_enhancement_065_comprehensive.go:255.35,257.3 1 0
github.com/Kyanite/noise/test_enhancement_065_comprehensive.go:257.8,259.3 1 0
github.com/Kyanite/noise/test_enhancement_065_comprehensive.go:263.91,268.19 3 0
github.com/Kyanite/noise/test_enhancement_065_comprehensive.go:268.19,270.3 1 0
github.com/Kyanite/noise/test_enhancement_065_comprehensive.go:270.8,272.3 1 0
github.com/Kyanite/noise/test_enhancement_065_comprehensive.go:275.2,285.16 5 0
github.com/Kyanite/noise/test_enhancement_065_comprehensive.go:285.16,287.3 1 0
github.com/Kyanite/noise/test_enhancement_065_comprehensive.go:287.8,290.3 1 0
github.com/Kyanite/noise/test_enhancement_065_comprehensive.go:294.106,297.16 2 0
github.com/Kyanite/noise/test_enhancement_065_comprehensive.go:297.16,299.3 1 0
github.com/Kyanite/noise/test_enhancement_065_comprehensive.go:299.8,302.3 2 0
github.com/Kyanite/noise/test_enhancement_065_comprehensive.go:305.2,306.16 2 0
github.com/Kyanite/noise/test_enhancement_065_comprehensive.go:306.16,308.3 1 0
github.com/Kyanite/noise/test_enhancement_065_comprehensive.go:308.8,311.3 2 0
github.com/Kyanite/noise/test_enhancement_065_comprehensive.go:314.2,315.16 2 0
github.com/Kyanite/noise/test_enhancement_065_comprehensive.go:315.16,317.3 1 0
github.com/Kyanite/noise/test_enhancement_065_comprehensive.go:317.8,320.3 2 0
github.com/Kyanite/noise/test_enhancement_065_comprehensive.go:323.2,324.16 2 0
github.com/Kyanite/noise/test_enhancement_065_comprehensive.go:324.16,326.3 1 0
github.com/Kyanite/noise/test_enhancement_065_comprehensive.go:326.8,329.3 2 0
github.com/Kyanite/noise/test_enhancement_065_comprehensive.go:332.2,333.16 2 0
github.com/Kyanite/noise/test_enhancement_065_comprehensive.go:333.16,335.3 1 0
github.com/Kyanite/noise/test_enhancement_065_comprehensive.go:335.8,338.3 2 0
github.com/Kyanite/noise/test_enhancement_065_comprehensive.go:341.2,342.16 2 0
github.com/Kyanite/noise/test_enhancement_065_comprehensive.go:342.16,344.3 1 0
github.com/Kyanite/noise/test_enhancement_065_comprehensive.go:344.8,347.3 2 0
github.com/Kyanite/noise/test_enhancement_065_comprehensive.go:350.2,351.16 2 0
github.com/Kyanite/noise/test_enhancement_065_comprehensive.go:351.16,353.3 1 0
github.com/Kyanite/noise/test_enhancement_065_comprehensive.go:353.8,356.3 2 0
github.com/Kyanite/noise/test_enhancement_065_comprehensive.go:361.76,366.44 2 0
github.com/Kyanite/noise/test_enhancement_065_comprehensive.go:366.44,369.17 2 0
github.com/Kyanite/noise/test_enhancement_065_comprehensive.go:369.17,371.4 1 0
github.com/Kyanite/noise/test_enhancement_065_comprehensive.go:374.3,380.17 3 0
github.com/Kyanite/noise/test_enhancement_065_comprehensive.go:380.17,382.4 1 0
github.com/Kyanite/noise/test_enhancement_065_comprehensive.go:385.3,386.32 2 0
github.com/Kyanite/noise/test_enhancement_065_comprehensive.go:386.32,388.4 1 0
github.com/Kyanite/noise/test_enhancement_065_comprehensive.go:391.3,392.17 2 0
github.com/Kyanite/noise/test_enhancement_065_comprehensive.go:392.17,394.4 1 0
github.com/Kyanite/noise/test_enhancement_065_comprehensive.go:396.3,397.17 2 0
github.com/Kyanite/noise/test_enhancement_065_comprehensive.go:397.17,399.4 1 0
github.com/Kyanite/noise/test_enhancement_065_comprehensive.go:401.3,401.70 1 0
github.com/Kyanite/noise/test_enhancement_065_comprehensive.go:405.2,405.46 1 0
github.com/Kyanite/noise/test_enhancement_065_comprehensive.go:405.46,408.17 2 0
github.com/Kyanite/noise/test_enhancement_065_comprehensive.go:408.17,410.4 1 0
github.com/Kyanite/noise/test_enhancement_065_comprehensive.go:413.3,420.17 3 0
github.com/Kyanite/noise/test_enhancement_065_comprehensive.go:420.17,422.4 1 0
github.com/Kyanite/noise/test_enhancement_065_comprehensive.go:425.3,426.32 2 0
github.com/Kyanite/noise/test_enhancement_065_comprehensive.go:426.32,428.4 1 0
github.com/Kyanite/noise/test_enhancement_065_comprehensive.go:431.3,432.17 2 0
github.com/Kyanite/noise/test_enhancement_065_comprehensive.go:432.17,434.4 1 0
github.com/Kyanite/noise/test_enhancement_065_comprehensive.go:436.3,436.64 1 0
github.com/Kyanite/noise/test_enhancement_065_comprehensive.go:442.39,456.16 6 0
github.com/Kyanite/noise/test_enhancement_065_comprehensive.go:456.16,458.3 1 0
github.com/Kyanite/noise/test_enhancement_065_comprehensive.go:458.8,458.43 1 0
github.com/Kyanite/noise/test_enhancement_065_comprehensive.go:458.43,460.3 1 0
github.com/Kyanite/noise/test_enhancement_065_comprehensive.go:460.8,462.3 1 0
github.com/Kyanite/noise/test_enhancement_065_comprehensive.go:465.2,467.21 3 0
github.com/Kyanite/noise/test_enhancement_065_comprehensive.go:467.21,469.29 2 0
github.com/Kyanite/noise/test_enhancement_065_comprehensive.go:469.29,471.4 1 0
github.com/Kyanite/noise/test_enhancement_065_comprehensive.go:472.3,475.42 3 0
github.com/Kyanite/noise/test_enhancement_065_comprehensive.go:475.42,477.4 1 0
github.com/Kyanite/noise/test_enhancement_065_comprehensive.go:477.9,479.4 1 0
github.com/Kyanite/noise/test_enhancement_065_comprehensive.go:483.2,488.16 5 0
github.com/Kyanite/noise/test_enhancement_065_comprehensive.go:488.16,490.3 1 0
github.com/Kyanite/noise/test_enhancement_065_comprehensive.go:490.8,490.39 1 0
github.com/Kyanite/noise/test_enhancement_065_comprehensive.go:490.39,492.3 1 0
github.com/Kyanite/noise/test_enhancement_065_comprehensive.go:492.8,494.3 1 0
github.com/Kyanite/noise/test_enhancement_065_comprehensive.go:497.2,500.57 4 0
github.com/Kyanite/noise/test_enhancement_065_comprehensive.go:504.101,514.16 4 0
github.com/Kyanite/noise/test_enhancement_065_comprehensive.go:514.16,516.3 1 0
github.com/Kyanite/noise/test_enhancement_065_comprehensive.go:516.8,516.39 1 0
github.com/Kyanite/noise/test_enhancement_065_comprehensive.go:516.39,518.3 1 0
github.com/Kyanite/noise/test_enhancement_065_comprehensive.go:521.2,527.16 3 0
github.com/Kyanite/noise/test_enhancement_065_comprehensive.go:527.16,529.3 1 0
github.com/Kyanite/noise/test_enhancement_065_comprehensive.go:529.8,531.3 1 0
github.com/Kyanite/noise/test_enhancement_065_comprehensive.go:534.2,535.16 2 0
github.com/Kyanite/noise/test_enhancement_065_comprehensive.go:535.16,537.3 1 0
github.com/Kyanite/noise/test_enhancement_065_comprehensive.go:537.8,539.3 1 0
github.com/Kyanite/noise/test_enhancement_065_comprehensive.go:542.2,544.16 3 0
github.com/Kyanite/noise/test_enhancement_065_comprehensive.go:544.16,546.3 1 0
github.com/Kyanite/noise/test_enhancement_065_comprehensive.go:546.8,548.3 1 0
github.com/Kyanite/noise/test_enhancement_065_comprehensive.go:551.2,552.44 2 0
github.com/Kyanite/noise/test_enhancement_065_comprehensive.go:552.44,554.3 1 0
github.com/Kyanite/noise/test_enhancement_065_comprehensive.go:556.2,556.50 1 0
github.com/Kyanite/noise/test_enhancement_065_comprehensive.go:560.50,561.49 1 0
github.com/Kyanite/noise/test_enhancement_065_comprehensive.go:561.49,563.3 1 0
github.com/Kyanite/noise/test_enhancement_065_comprehensive.go:567.30,577.16 5 0
github.com/Kyanite/noise/test_enhancement_065_comprehensive.go:577.16,580.3 2 0
github.com/Kyanite/noise/test_enhancement_065_comprehensive.go:582.2,591.42 10 0
github.com/Kyanite/noise/test_enhancement_065_comprehensive.go:594.31,596.2 1 0
github.com/Kyanite/noise/test_week2_features.go:15.13,37.2 12 0
github.com/Kyanite/noise/test_week2_features.go:40.24,43.16 2 0
github.com/Kyanite/noise/test_week2_features.go:43.16,46.3 2 0
github.com/Kyanite/noise/test_week2_features.go:49.2,50.24 2 0
github.com/Kyanite/noise/test_week2_features.go:50.24,53.3 2 0
github.com/Kyanite/noise/test_week2_features.go:57.2,57.28 1 0
github.com/Kyanite/noise/test_week2_features.go:57.28,60.3 2 0
github.com/Kyanite/noise/test_week2_features.go:62.2,68.14 5 0
github.com/Kyanite/noise/test_week2_features.go:68.14,70.3 1 0
github.com/Kyanite/noise/test_week2_features.go:70.8,72.3 1 0
github.com/Kyanite/noise/test_week2_features.go:76.45,77.22 1 0
github.com/Kyanite/noise/test_week2_features.go:77.22,79.3 1 0
github.com/Kyanite/noise/test_week2_features.go:82.2,83.31 2 0
github.com/Kyanite/noise/test_week2_features.go:83.31,84.12 1 0
github.com/Kyanite/noise/test_week2_features.go:84.12,86.4 1 0
github.com/Kyanite/noise/test_week2_features.go:87.3,87.20 1 0
github.com/Kyanite/noise/test_week2_features.go:91.2,92.13 2 0
github.com/Kyanite/noise/test_week2_features.go:96.22,99.22 2 0
github.com/Kyanite/noise/test_week2_features.go:99.22,102.3 2 0
github.com/Kyanite/noise/test_week2_features.go:106.2,107.34 2 0
github.com/Kyanite/noise/test_week2_features.go:107.34,109.3 1 0
github.com/Kyanite/noise/test_week2_features.go:109.8,111.3 1 0
github.com/Kyanite/noise/test_week2_features.go:114.2,115.62 2 0
github.com/Kyanite/noise/test_week2_features.go:119.31,120.27 1 0
github.com/Kyanite/noise/test_week2_features.go:120.27,122.3 1 0
github.com/Kyanite/noise/test_week2_features.go:125.2,126.13 2 0
github.com/Kyanite/noise/test_week2_features.go:130.23,134.26 3 0
github.com/Kyanite/noise/test_week2_features.go:134.26,137.3 2 0
github.com/Kyanite/noise/test_week2_features.go:140.2,158.16 7 0
github.com/Kyanite/noise/test_week2_features.go:158.16,161.3 2 0
github.com/Kyanite/noise/test_week2_features.go:163.2,167.16 3 0
github.com/Kyanite/noise/test_week2_features.go:167.16,170.3 2 0
github.com/Kyanite/noise/test_week2_features.go:172.2,175.45 2 0
github.com/Kyanite/noise/test_week2_features.go:179.75,186.41 2 0
github.com/Kyanite/noise/test_week2_features.go:186.41,192.17 5 0
github.com/Kyanite/noise/test_week2_features.go:192.17,194.12 2 0
github.com/Kyanite/noise/test_week2_features.go:197.3,197.78 1 0
github.com/Kyanite/noise/test_week2_features.go:202.24,206.25 3 0
github.com/Kyanite/noise/test_week2_features.go:206.25,209.3 2 0
github.com/Kyanite/noise/test_week2_features.go:212.2,216.25 3 0
github.com/Kyanite/noise/test_week2_features.go:216.25,219.3 2 0
github.com/Kyanite/noise/test_week2_features.go:221.2,226.25 4 0
github.com/Kyanite/noise/test_week2_features.go:226.25,229.3 2 0
github.com/Kyanite/noise/test_week2_features.go:231.2,237.36 3 0
github.com/Kyanite/noise/test_week2_features.go:241.60,245.16 3 0
github.com/Kyanite/noise/test_week2_features.go:245.16,248.3 2 0
github.com/Kyanite/noise/test_week2_features.go:250.2,251.31 2 0
github.com/Kyanite/noise/test_week2_features.go:251.31,254.3 2 0
github.com/Kyanite/noise/test_week2_features.go:256.2,260.16 3 0
github.com/Kyanite/noise/test_week2_features.go:260.16,263.3 2 0
github.com/Kyanite/noise/test_week2_features.go:265.2,266.28 2 0
github.com/Kyanite/noise/test_week2_features.go:266.28,269.3 2 0
github.com/Kyanite/noise/test_week2_features.go:271.2,271.70 1 0
github.com/Kyanite/noise/test_week2_features.go:275.62,279.16 3 0
github.com/Kyanite/noise/test_week2_features.go:279.16,282.3 2 0
github.com/Kyanite/noise/test_week2_features.go:284.2,285.31 2 0
github.com/Kyanite/noise/test_week2_features.go:285.31,288.3 2 0
github.com/Kyanite/noise/test_week2_features.go:290.2,294.52 2 0
github.com/Kyanite/noise/internal/export/format.go:21.44,25.2 1 1
github.com/Kyanite/noise/internal/export/format.go:28.103,47.22 4 1
github.com/Kyanite/noise/internal/export/format.go:48.25,50.17 2 1
github.com/Kyanite/noise/internal/export/format.go:50.17,52.4 1 0
github.com/Kyanite/noise/internal/export/format.go:53.3,56.23 2 1
github.com/Kyanite/noise/internal/export/format.go:56.23,58.15 2 0
github.com/Kyanite/noise/internal/export/format.go:58.15,60.5 1 0
github.com/Kyanite/noise/internal/export/format.go:63.24,65.25 2 0
github.com/Kyanite/noise/internal/export/format.go:67.24,69.25 2 0
github.com/Kyanite/noise/internal/export/format.go:71.22,73.17 2 0
github.com/Kyanite/noise/internal/export/format.go:73.17,75.4 1 0
github.com/Kyanite/noise/internal/export/format.go:76.3,79.19 3 0
github.com/Kyanite/noise/internal/export/format.go:79.19,81.4 1 0
github.com/Kyanite/noise/internal/export/format.go:83.3,84.22 2 0
github.com/Kyanite/noise/internal/export/format.go:84.22,86.4 1 0
github.com/Kyanite/noise/internal/export/format.go:89.3,89.23 1 0
github.com/Kyanite/noise/internal/export/format.go:89.23,91.15 2 0
github.com/Kyanite/noise/internal/export/format.go:91.15,93.5 1 0
github.com/Kyanite/noise/internal/export/format.go:96.26,99.35 2 0
github.com/Kyanite/noise/internal/export/format.go:101.27,104.28 2 1
github.com/Kyanite/noise/internal/export/format.go:106.26,109.21 2 1
github.com/Kyanite/noise/internal/export/format.go:109.21,111.4 1 1
github.com/Kyanite/noise/internal/export/format.go:112.3,112.20 1 1
github.com/Kyanite/noise/internal/export/format.go:112.20,114.4 1 1
github.com/Kyanite/noise/internal/export/format.go:117.3,118.27 2 1
github.com/Kyanite/noise/internal/export/format.go:122.2,122.26 1 1
github.com/Kyanite/noise/internal/export/format.go:122.26,124.18 2 0
github.com/Kyanite/noise/internal/export/format.go:124.18,126.4 1 0
github.com/Kyanite/noise/internal/export/format.go:129.2,129.20 1 1
github.com/Kyanite/noise/internal/export/format.go:133.85,136.47 2 1
github.com/Kyanite/noise/internal/export/format.go:136.47,138.3 1 0
github.com/Kyanite/noise/internal/export/format.go:141.2,146.13 4 1
github.com/Kyanite/noise/internal/export/format.go:147.13,149.31 1 1
github.com/Kyanite/noise/internal/export/format.go:150.14,152.31 1 1
github.com/Kyanite/noise/internal/export/format.go:153.14,155.31 1 1
github.com/Kyanite/noise/internal/export/format.go:156.10,159.17 2 1
github.com/Kyanite/noise/internal/export/format.go:159.17,161.4 1 0
github.com/Kyanite/noise/internal/export/format.go:165.2,165.61 1 1
github.com/Kyanite/noise/internal/export/format.go:165.61,167.3 1 1
github.com/Kyanite/noise/internal/export/format.go:169.2,169.12 1 1
github.com/Kyanite/noise/internal/export/format.go:173.78,184.29 6 1
github.com/Kyanite/noise/internal/export/format.go:184.29,186.23 2 1
github.com/Kyanite/noise/internal/export/format.go:186.23,188.45 1 0
github.com/Kyanite/noise/internal/export/format.go:188.45,191.5 2 0
github.com/Kyanite/noise/internal/export/format.go:194.4,195.24 2 0
github.com/Kyanite/noise/internal/export/format.go:195.24,197.5 1 0
github.com/Kyanite/noise/internal/export/format.go:198.9,198.23 1 1
github.com/Kyanite/noise/internal/export/format.go:198.23,201.88 2 0
github.com/Kyanite/noise/internal/export/format.go:201.88,204.5 2 0
github.com/Kyanite/noise/internal/export/format.go:204.10,204.28 1 0
github.com/Kyanite/noise/internal/export/format.go:204.28,206.33 1 0
github.com/Kyanite/noise/internal/export/format.go:206.33,209.6 2 0
github.com/Kyanite/noise/internal/export/format.go:210.5,210.22 1 0
github.com/Kyanite/noise/internal/export/format.go:216.2,216.43 1 1
github.com/Kyanite/noise/internal/export/format.go:216.43,218.3 1 0
github.com/Kyanite/noise/internal/export/format.go:221.2,221.24 1 1
github.com/Kyanite/noise/internal/export/format.go:221.24,223.3 1 1
github.com/Kyanite/noise/internal/export/format.go:225.2,225.22 1 1
github.com/Kyanite/noise/internal/export/format.go:229.65,241.2 5 0
github.com/Kyanite/noise/internal/export/format.go:244.67,251.29 4 0
github.com/Kyanite/noise/internal/export/format.go:251.29,254.91 2 0
github.com/Kyanite/noise/internal/export/format.go:254.91,255.12 1 0
github.com/Kyanite/noise/internal/export/format.go:259.3,260.23 2 0
github.com/Kyanite/noise/internal/export/format.go:260.23,262.69 1 0
github.com/Kyanite/noise/internal/export/format.go:262.69,264.5 1 0
github.com/Kyanite/noise/internal/export/format.go:268.2,268.15 1 0
github.com/Kyanite/noise/internal/export/format.go:272.59,277.23 3 1
github.com/Kyanite/noise/internal/export/format.go:277.23,279.41 2 1
github.com/Kyanite/noise/internal/export/format.go:279.41,281.4 1 1
github.com/Kyanite/noise/internal/export/format.go:284.2,284.10 1 0
github.com/Kyanite/noise/internal/export/format.go:288.64,296.29 5 0
github.com/Kyanite/noise/internal/export/format.go:296.29,298.23 2 0
github.com/Kyanite/noise/internal/export/format.go:298.23,300.24 2 0
github.com/Kyanite/noise/internal/export/format.go:300.24,303.5 2 0
github.com/Kyanite/noise/internal/export/format.go:304.9,304.21 1 0
github.com/Kyanite/noise/internal/export/format.go:304.21,306.94 2 0
github.com/Kyanite/noise/internal/export/format.go:306.94,309.5 2 0
github.com/Kyanite/noise/internal/export/format.go:309.10,309.28 1 0
github.com/Kyanite/noise/internal/export/format.go:309.28,313.5 1 0
github.com/Kyanite/noise/internal/export/format.go:317.2,317.42 1 0
github.com/Kyanite/noise/internal/export/format.go:321.68,324.2 2 0
github.com/Kyanite/noise/internal/export/format.go:327.66,333.29 5 0
github.com/Kyanite/noise/internal/export/format.go:333.29,334.37 1 0
github.com/Kyanite/noise/internal/export/format.go:334.37,336.12 2 0
github.com/Kyanite/noise/internal/export/format.go:339.3,339.11 1 0
github.com/Kyanite/noise/internal/export/format.go:339.11,341.21 2 0
github.com/Kyanite/noise/internal/export/format.go:341.21,343.13 2 0
github.com/Kyanite/noise/internal/export/format.go:346.4,346.72 1 0
github.com/Kyanite/noise/internal/export/format.go:346.72,347.13 1 0
github.com/Kyanite/noise/internal/export/format.go:348.10,350.5 1 0
github.com/Kyanite/noise/internal/export/format.go:353.3,353.32 1 0
github.com/Kyanite/noise/internal/export/format.go:356.2,356.35 1 0
github.com/Kyanite/noise/internal/export/format.go:360.66,385.2 13 1
github.com/Kyanite/noise/internal/export/format.go:388.92,392.25 2 0
github.com/Kyanite/noise/internal/export/format.go:392.25,396.3 3 0
github.com/Kyanite/noise/internal/export/format.go:399.2,399.21 1 0
github.com/Kyanite/noise/internal/export/format.go:399.21,403.3 3 0
github.com/Kyanite/noise/internal/export/format.go:406.2,408.29 2 0
github.com/Kyanite/noise/internal/export/format.go:408.29,412.20 2 0
github.com/Kyanite/noise/internal/export/format.go:412.20,414.12 2 0
github.com/Kyanite/noise/internal/export/format.go:418.3,418.34 1 0
github.com/Kyanite/noise/internal/export/format.go:418.34,421.25 2 0
github.com/Kyanite/noise/internal/export/format.go:421.25,425.13 4 0
github.com/Kyanite/noise/internal/export/format.go:430.3,430.30 1 0
github.com/Kyanite/noise/internal/export/format.go:430.30,435.12 4 0
github.com/Kyanite/noise/internal/export/format.go:439.3,440.28 2 0
github.com/Kyanite/noise/internal/export/format.go:443.2,443.25 1 0
github.com/Kyanite/noise/internal/export/format.go:447.69,453.29 3 1
github.com/Kyanite/noise/internal/export/format.go:453.29,457.20 2 1
github.com/Kyanite/noise/internal/export/format.go:457.20,459.12 2 1
github.com/Kyanite/noise/internal/export/format.go:463.3,466.30 2 1
github.com/Kyanite/noise/internal/export/format.go:466.30,467.12 1 0
github.com/Kyanite/noise/internal/export/format.go:470.3,471.28 2 1
github.com/Kyanite/noise/internal/export/format.go:474.2,474.25 1 1
github.com/Kyanite/noise/internal/export/format.go:478.101,482.25 2 1
github.com/Kyanite/noise/internal/export/format.go:482.25,486.3 3 1
github.com/Kyanite/noise/internal/export/format.go:488.2,489.20 2 1
github.com/Kyanite/noise/internal/export/format.go:489.20,491.3 1 1
github.com/Kyanite/noise/internal/export/format.go:493.2,493.19 1 1
github.com/Kyanite/noise/internal/export/format.go:493.19,497.3 3 1
github.com/Kyanite/noise/internal/export/format.go:500.2,501.15 2 1
github.com/Kyanite/noise/internal/export/format.go:501.15,505.3 3 1
github.com/Kyanite/noise/internal/export/format.go:507.2,512.29 3 1
github.com/Kyanite/noise/internal/export/format.go:512.29,516.20 2 1
github.com/Kyanite/noise/internal/export/format.go:516.20,518.12 2 1
github.com/Kyanite/noise/internal/export/format.go:522.3,522.34 1 1
github.com/Kyanite/noise/internal/export/format.go:522.34,525.25 2 0
github.com/Kyanite/noise/internal/export/format.go:525.25,529.13 4 0
github.com/Kyanite/noise/internal/export/format.go:534.3,534.30 1 1
github.com/Kyanite/noise/internal/export/format.go:534.30,539.12 4 1
github.com/Kyanite/noise/internal/export/format.go:543.3,544.28 2 1
github.com/Kyanite/noise/internal/export/format.go:547.2,547.25 1 1
github.com/Kyanite/noise/internal/export/format.go:553.62,560.40 3 1
github.com/Kyanite/noise/internal/export/format.go:560.40,561.42 1 1
github.com/Kyanite/noise/internal/export/format.go:561.42,563.4 1 0
github.com/Kyanite/noise/internal/export/format.go:565.2,565.14 1 1
github.com/Kyanite/noise/internal/export/format.go:569.67,586.35 5 0
github.com/Kyanite/noise/internal/export/format.go:586.35,587.39 1 0
github.com/Kyanite/noise/internal/export/format.go:587.39,589.4 1 0
github.com/Kyanite/noise/internal/export/format.go:591.2,591.11 1 0
github.com/Kyanite/noise/internal/export/format.go:595.58,601.59 3 1
github.com/Kyanite/noise/internal/export/format.go:601.59,603.3 1 1
github.com/Kyanite/noise/internal/export/format.go:606.2,609.47 3 1
github.com/Kyanite/noise/internal/export/format.go:609.47,611.3 1 0
github.com/Kyanite/noise/internal/export/format.go:613.2,613.14 1 1
github.com/Kyanite/noise/internal/export/format.go:617.61,621.23 3 1
github.com/Kyanite/noise/internal/export/format.go:621.23,623.3 1 0
github.com/Kyanite/noise/internal/export/format.go:626.2,627.32 2 1
github.com/Kyanite/noise/internal/export/format.go:627.32,628.21 1 1
github.com/Kyanite/noise/internal/export/format.go:628.21,631.4 2 1
github.com/Kyanite/noise/internal/export/format.go:635.2,637.37 3 1
github.com/Kyanite/noise/internal/export/format.go:637.37,638.23 1 1
github.com/Kyanite/noise/internal/export/format.go:638.23,641.4 2 1
github.com/Kyanite/noise/internal/export/format.go:644.2,644.23 1 1
github.com/Kyanite/noise/internal/export/service.go:20.56,25.2 1 1
github.com/Kyanite/noise/internal/export/service.go:28.89,31.16 2 1
github.com/Kyanite/noise/internal/export/service.go:31.16,33.3 1 0
github.com/Kyanite/noise/internal/export/service.go:36.2,37.22 2 1
github.com/Kyanite/noise/internal/export/service.go:37.22,39.3 1 0
github.com/Kyanite/noise/internal/export/service.go:42.2,42.33 1 1
github.com/Kyanite/noise/internal/export/service.go:42.33,44.3 1 1
github.com/Kyanite/noise/internal/export/service.go:47.2,47.68 1 1
github.com/Kyanite/noise/internal/export/service.go:47.68,49.3 1 1
github.com/Kyanite/noise/internal/export/service.go:51.2,51.24 1 1
github.com/Kyanite/noise/internal/export/service.go:55.84,60.2 3 0
github.com/Kyanite/noise/internal/export/service.go:63.88,69.2 4 0
github.com/Kyanite/noise/internal/export/service.go:72.87,78.2 4 0
github.com/Kyanite/noise/internal/export/service.go:81.87,87.2 4 0
github.com/Kyanite/noise/internal/export/service.go:90.111,98.2 6 0
github.com/Kyanite/noise/internal/export/service.go:101.89,107.2 4 0
github.com/Kyanite/noise/internal/export/service.go:110.90,116.2 4 0
github.com/Kyanite/noise/internal/export/service.go:119.89,125.2 4 0
github.com/Kyanite/noise/internal/export/service.go:128.58,132.56 2 1
github.com/Kyanite/noise/internal/export/service.go:132.56,134.3 1 0
github.com/Kyanite/noise/internal/export/service.go:137.2,138.16 2 1
github.com/Kyanite/noise/internal/export/service.go:138.16,140.3 1 0
github.com/Kyanite/noise/internal/export/service.go:143.2,143.32 1 1
github.com/Kyanite/noise/internal/export/service.go:143.32,144.62 1 1
github.com/Kyanite/noise/internal/export/service.go:144.62,146.4 1 1
github.com/Kyanite/noise/internal/export/service.go:149.2,149.21 1 1
github.com/Kyanite/noise/internal/export/service.go:153.62,155.31 1 1
github.com/Kyanite/noise/internal/export/service.go:155.31,157.3 1 1
github.com/Kyanite/noise/internal/export/service.go:160.2,160.44 1 1
github.com/Kyanite/noise/internal/export/service.go:160.44,162.3 1 0
github.com/Kyanite/noise/internal/export/service.go:164.2,164.12 1 1
github.com/Kyanite/noise/internal/export/service.go:168.64,169.31 1 1
github.com/Kyanite/noise/internal/export/service.go:169.31,171.3 1 1
github.com/Kyanite/noise/internal/export/service.go:172.2,172.17 1 0
github.com/Kyanite/noise/internal/export/service.go:176.57,178.2 1 0
github.com/Kyanite/noise/internal/export/service.go:181.48,183.2 1 0
github.com/Kyanite/noise/internal/export/service.go:186.76,189.17 2 0
github.com/Kyanite/noise/internal/export/service.go:189.17,191.3 1 0
github.com/Kyanite/noise/internal/export/service.go:194.2,201.22 4 0
github.com/Kyanite/noise/internal/export/service.go:202.26,203.19 1 0
github.com/Kyanite/noise/internal/export/service.go:204.27,205.20 1 0
github.com/Kyanite/noise/internal/export/service.go:206.26,207.20 1 0
github.com/Kyanite/noise/internal/export/service.go:208.10,209.21 1 0
github.com/Kyanite/noise/internal/export/service.go:212.2,214.17 2 0
github.com/Kyanite/noise/internal/export/service.go:218.43,224.31 3 0
github.com/Kyanite/noise/internal/export/service.go:224.31,226.3 1 0
github.com/Kyanite/noise/internal/export/service.go:229.2,229.16 1 0
github.com/Kyanite/noise/internal/export/service.go:229.16,231.3 1 0
github.com/Kyanite/noise/internal/export/service.go:233.2,233.13 1 0
github.com/Kyanite/noise/internal/export/types.go:40.38,41.12 1 0
github.com/Kyanite/noise/internal/export/types.go:42.25,43.19 1 0
github.com/Kyanite/noise/internal/export/types.go:44.24,45.18 1 0
github.com/Kyanite/noise/internal/export/types.go:46.24,47.18 1 0
github.com/Kyanite/noise/internal/export/types.go:48.22,49.16 1 0
github.com/Kyanite/noise/internal/export/types.go:50.26,51.20 1 0
github.com/Kyanite/noise/internal/export/types.go:52.27,53.21 1 0
github.com/Kyanite/noise/internal/export/types.go:54.26,55.20 1 0
github.com/Kyanite/noise/internal/export/types.go:56.10,57.19 1 0
github.com/Kyanite/noise/internal/export/types.go:71.44,79.2 1 1
github.com/Kyanite/noise/internal/app/knowledge/stub.go:27.48,49.2 4 1
github.com/Kyanite/noise/internal/app/knowledge/stub.go:52.63,192.2 11 1
github.com/Kyanite/noise/internal/app/knowledge/stub.go:195.49,197.2 1 1
github.com/Kyanite/noise/internal/app/knowledge/stub.go:200.56,204.32 3 1
github.com/Kyanite/noise/internal/app/knowledge/stub.go:204.32,206.33 2 1
github.com/Kyanite/noise/internal/app/knowledge/stub.go:206.33,208.4 1 1
github.com/Kyanite/noise/internal/app/knowledge/stub.go:211.2,212.38 2 1
github.com/Kyanite/noise/internal/app/knowledge/stub.go:212.38,214.3 1 1
github.com/Kyanite/noise/internal/app/knowledge/stub.go:216.2,217.27 2 1
github.com/Kyanite/noise/internal/app/knowledge/stub.go:217.27,219.3 1 1
github.com/Kyanite/noise/internal/app/knowledge/stub.go:223.118,231.24 4 1
github.com/Kyanite/noise/internal/app/knowledge/stub.go:231.24,233.3 1 0
github.com/Kyanite/noise/internal/app/knowledge/stub.go:234.2,234.31 1 1
github.com/Kyanite/noise/internal/app/knowledge/stub.go:234.31,236.3 1 1
github.com/Kyanite/noise/internal/app/knowledge/stub.go:239.2,242.32 3 1
github.com/Kyanite/noise/internal/app/knowledge/stub.go:242.32,243.45 1 1
github.com/Kyanite/noise/internal/app/knowledge/stub.go:243.45,250.34 5 1
github.com/Kyanite/noise/internal/app/knowledge/stub.go:250.34,251.59 1 1
github.com/Kyanite/noise/internal/app/knowledge/stub.go:251.59,253.11 2 1
github.com/Kyanite/noise/internal/app/knowledge/stub.go:258.4,259.48 2 1
github.com/Kyanite/noise/internal/app/knowledge/stub.go:259.48,260.34 1 1
github.com/Kyanite/noise/internal/app/knowledge/stub.go:260.34,262.11 2 1
github.com/Kyanite/noise/internal/app/knowledge/stub.go:267.4,268.37 2 1
github.com/Kyanite/noise/internal/app/knowledge/stub.go:268.37,269.39 1 1
github.com/Kyanite/noise/internal/app/knowledge/stub.go:269.39,270.24 1 1
github.com/Kyanite/noise/internal/app/knowledge/stub.go:270.24,272.12 2 1
github.com/Kyanite/noise/internal/app/knowledge/stub.go:277.4,278.47 1 1
github.com/Kyanite/noise/internal/app/knowledge/stub.go:278.47,280.5 1 1
github.com/Kyanite/noise/internal/app/knowledge/stub.go:285.2,285.50 1 1
github.com/Kyanite/noise/internal/app/knowledge/stub.go:285.50,287.3 1 1
github.com/Kyanite/noise/internal/app/knowledge/stub.go:290.2,290.40 1 1
github.com/Kyanite/noise/internal/app/knowledge/stub.go:290.40,292.3 1 0
github.com/Kyanite/noise/internal/app/knowledge/stub.go:294.2,303.8 3 1
github.com/Kyanite/noise/internal/app/knowledge/stub.go:307.76,308.19 1 1
github.com/Kyanite/noise/internal/app/knowledge/stub.go:308.19,310.3 1 0
github.com/Kyanite/noise/internal/app/knowledge/stub.go:312.2,320.12 6 1
github.com/Kyanite/noise/internal/app/knowledge/stub.go:324.85,326.13 2 1
github.com/Kyanite/noise/internal/app/knowledge/stub.go:326.13,328.3 1 1
github.com/Kyanite/noise/internal/app/knowledge/stub.go:329.2,329.19 1 1
github.com/Kyanite/noise/internal/app/knowledge/stub.go:333.79,334.45 1 1
github.com/Kyanite/noise/internal/app/knowledge/stub.go:334.45,336.3 1 0
github.com/Kyanite/noise/internal/app/knowledge/stub.go:338.2,342.12 4 1
github.com/Kyanite/noise/internal/app/knowledge/stub.go:346.79,347.40 1 1
github.com/Kyanite/noise/internal/app/knowledge/stub.go:347.40,349.3 1 0
github.com/Kyanite/noise/internal/app/knowledge/stub.go:351.2,357.12 4 1
github.com/Kyanite/noise/internal/app/knowledge/stub.go:361.83,363.2 1 1
github.com/Kyanite/noise/internal/app/knowledge/stub.go:366.77,368.2 1 1
github.com/Kyanite/noise/internal/app/knowledge/stub.go:371.78,374.2 2 1
github.com/Kyanite/noise/internal/app/knowledge/stub.go:377.68,380.2 1 1
github.com/Kyanite/noise/internal/app/knowledge/stub.go:383.68,387.2 2 1
github.com/Kyanite/noise/internal/app/knowledge/stub.go:390.63,393.2 1 1
github.com/Kyanite/noise/internal/app/knowledge/stub.go:401.60,405.2 1 1
github.com/Kyanite/noise/internal/app/knowledge/stub.go:408.136,411.16 2 1
github.com/Kyanite/noise/internal/app/knowledge/stub.go:411.16,413.3 1 0
github.com/Kyanite/noise/internal/app/knowledge/stub.go:416.2,424.58 3 1
github.com/Kyanite/noise/internal/app/knowledge/stub.go:424.58,425.42 1 0
github.com/Kyanite/noise/internal/app/knowledge/stub.go:425.42,426.36 1 0
github.com/Kyanite/noise/internal/app/knowledge/stub.go:426.36,427.27 1 0
github.com/Kyanite/noise/internal/app/knowledge/stub.go:427.27,430.11 3 0
github.com/Kyanite/noise/internal/app/knowledge/stub.go:433.4,433.21 1 0
github.com/Kyanite/noise/internal/app/knowledge/stub.go:433.21,434.10 1 0
github.com/Kyanite/noise/internal/app/knowledge/stub.go:440.2,440.44 1 1
github.com/Kyanite/noise/internal/app/knowledge/stub.go:440.44,443.3 2 0
github.com/Kyanite/noise/internal/app/knowledge/stub.go:446.2,446.50 1 1
github.com/Kyanite/noise/internal/app/knowledge/stub.go:446.50,447.42 1 1
github.com/Kyanite/noise/internal/app/knowledge/stub.go:447.42,448.35 1 1
github.com/Kyanite/noise/internal/app/knowledge/stub.go:448.35,449.26 1 1
github.com/Kyanite/noise/internal/app/knowledge/stub.go:449.26,452.11 3 1
github.com/Kyanite/noise/internal/app/knowledge/stub.go:455.4,455.21 1 1
github.com/Kyanite/noise/internal/app/knowledge/stub.go:455.21,456.10 1 1
github.com/Kyanite/noise/internal/app/knowledge/stub.go:461.2,461.19 1 1
github.com/Kyanite/noise/internal/app/knowledge/stub.go:461.19,462.46 1 1
github.com/Kyanite/noise/internal/app/knowledge/stub.go:462.46,466.4 3 1
github.com/Kyanite/noise/internal/app/knowledge/stub.go:466.9,466.46 1 0
github.com/Kyanite/noise/internal/app/knowledge/stub.go:466.46,470.4 3 0
github.com/Kyanite/noise/internal/app/knowledge/stub.go:470.9,473.4 2 0
github.com/Kyanite/noise/internal/app/knowledge/stub.go:475.3,475.37 1 1
github.com/Kyanite/noise/internal/app/knowledge/stub.go:476.8,480.3 2 1
github.com/Kyanite/noise/internal/app/knowledge/stub.go:482.2,482.24 1 1
github.com/Kyanite/noise/internal/app/knowledge/stub.go:486.141,489.16 2 1
github.com/Kyanite/noise/internal/app/knowledge/stub.go:489.16,491.3 1 0
github.com/Kyanite/noise/internal/app/knowledge/stub.go:494.2,501.27 2 1
github.com/Kyanite/noise/internal/app/knowledge/stub.go:501.27,503.44 2 0
github.com/Kyanite/noise/internal/app/knowledge/stub.go:503.44,507.4 3 0
github.com/Kyanite/noise/internal/app/knowledge/stub.go:507.9,510.4 2 0
github.com/Kyanite/noise/internal/app/knowledge/stub.go:511.8,514.3 2 1
github.com/Kyanite/noise/internal/app/knowledge/stub.go:516.2,516.24 1 1
github.com/Kyanite/noise/internal/app/knowledge/stub.go:520.138,526.17 3 1
github.com/Kyanite/noise/internal/app/knowledge/stub.go:526.17,528.3 1 0
github.com/Kyanite/noise/internal/app/knowledge/stub.go:530.2,530.43 1 1
github.com/Kyanite/noise/internal/app/knowledge/stub.go:534.70,536.2 1 0
github.com/Kyanite/noise/internal/theme/loader.go:9.34,76.2 45 0
github.com/Kyanite/noise/internal/theme/loader.go:79.32,82.2 2 0
github.com/Kyanite/noise/internal/theme/loader.go:85.41,86.16 1 0
github.com/Kyanite/noise/internal/theme/loader.go:86.16,89.3 2 0
github.com/Kyanite/noise/internal/theme/loader.go:92.2,94.19 3 0
github.com/Kyanite/noise/internal/theme/loader.go:94.19,96.3 1 0
github.com/Kyanite/noise/internal/theme/loader.go:97.2,97.25 1 0
github.com/Kyanite/noise/internal/theme/manager.go:18.41,20.14 2 0
github.com/Kyanite/noise/internal/theme/manager.go:20.14,22.3 1 0
github.com/Kyanite/noise/internal/theme/manager.go:23.2,26.3 1 0
github.com/Kyanite/noise/internal/theme/manager.go:30.35,34.2 3 0
github.com/Kyanite/noise/internal/theme/manager.go:37.38,41.2 3 0
github.com/Kyanite/noise/internal/theme/manager.go:44.44,47.31 3 0
github.com/Kyanite/noise/internal/theme/manager.go:47.31,51.3 3 0
github.com/Kyanite/noise/internal/theme/manager.go:53.2,55.14 3 0
github.com/Kyanite/noise/internal/theme/manager.go:59.61,62.31 3 0
github.com/Kyanite/noise/internal/theme/manager.go:62.31,66.3 3 0
github.com/Kyanite/noise/internal/theme/manager.go:67.2,67.25 1 0
github.com/Kyanite/noise/internal/theme/manager.go:72.51,73.16 1 0
github.com/Kyanite/noise/internal/theme/manager.go:73.16,76.3 2 0
github.com/Kyanite/noise/internal/theme/manager.go:78.2,79.19 2 0
github.com/Kyanite/noise/internal/theme/manager.go:79.19,82.3 2 0
github.com/Kyanite/noise/internal/theme/manager.go:83.2,83.21 1 0
github.com/Kyanite/noise/internal/theme/manager.go:94.28,95.17 1 0
github.com/Kyanite/noise/internal/theme/manager.go:95.17,97.3 1 0
github.com/Kyanite/noise/internal/theme/manager.go:98.2,98.22 1 0
github.com/Kyanite/noise/internal/theme/registry.go:12.13,150.2 16 1
github.com/Kyanite/noise/internal/theme/registry.go:153.32,154.31 1 1
github.com/Kyanite/noise/internal/theme/registry.go:154.31,156.3 1 0
github.com/Kyanite/noise/internal/theme/registry.go:157.2,157.31 1 1
github.com/Kyanite/noise/internal/theme/registry.go:161.28,163.26 2 1
github.com/Kyanite/noise/internal/theme/registry.go:163.26,165.3 1 1
github.com/Kyanite/noise/internal/theme/registry.go:166.2,166.12 1 1
github.com/Kyanite/noise/internal/theme/theme.go:17.63,21.2 1 0
github.com/Kyanite/noise/internal/theme/theme.go:24.46,28.2 1 0
github.com/Kyanite/noise/internal/theme/theme.go:31.48,35.2 1 0
github.com/Kyanite/noise/internal/theme/theme.go:38.45,42.2 1 0
github.com/Kyanite/noise/internal/theme/theme.go:45.46,50.2 1 0
github.com/Kyanite/noise/internal/theme/theme.go:53.43,57.2 1 0
github.com/Kyanite/noise/internal/plugins/examples/chord_analyzer.go:20.52,37.2 1 1
github.com/Kyanite/noise/internal/plugins/examples/chord_analyzer.go:40.66,42.2 1 1
github.com/Kyanite/noise/internal/plugins/examples/chord_analyzer.go:45.76,49.2 3 1
github.com/Kyanite/noise/internal/plugins/examples/chord_analyzer.go:52.47,54.2 1 1
github.com/Kyanite/noise/internal/plugins/examples/chord_analyzer.go:57.46,60.2 2 1
github.com/Kyanite/noise/internal/plugins/examples/chord_analyzer.go:63.47,66.2 2 1
github.com/Kyanite/noise/internal/plugins/examples/chord_analyzer.go:69.48,71.2 1 1
github.com/Kyanite/noise/internal/plugins/examples/chord_analyzer.go:74.85,86.2 3 1
github.com/Kyanite/noise/internal/plugins/examples/chord_analyzer.go:89.70,95.32 4 1
github.com/Kyanite/noise/internal/plugins/examples/chord_analyzer.go:95.32,96.39 1 1
github.com/Kyanite/noise/internal/plugins/examples/chord_analyzer.go:96.39,98.40 2 1
github.com/Kyanite/noise/internal/plugins/examples/chord_analyzer.go:98.40,100.5 1 1
github.com/Kyanite/noise/internal/plugins/examples/chord_analyzer.go:101.4,101.40 1 1
github.com/Kyanite/noise/internal/plugins/examples/chord_analyzer.go:101.40,103.5 1 1
github.com/Kyanite/noise/internal/plugins/examples/chord_analyzer.go:104.4,104.34 1 1
github.com/Kyanite/noise/internal/plugins/examples/chord_analyzer.go:108.2,108.15 1 1
github.com/Kyanite/noise/internal/plugins/examples/chord_analyzer.go:112.73,116.31 3 1
github.com/Kyanite/noise/internal/plugins/examples/chord_analyzer.go:116.31,117.19 1 1
github.com/Kyanite/noise/internal/plugins/examples/chord_analyzer.go:117.19,120.4 2 1
github.com/Kyanite/noise/internal/plugins/examples/chord_analyzer.go:123.2,123.15 1 1
github.com/Kyanite/noise/internal/plugins/examples/chord_analyzer.go:127.78,131.22 2 1
github.com/Kyanite/noise/internal/plugins/examples/chord_analyzer.go:131.22,134.3 1 1
github.com/Kyanite/noise/internal/plugins/examples/chord_analyzer.go:136.2,136.21 1 1
github.com/Kyanite/noise/internal/plugins/examples/chord_analyzer.go:140.74,143.22 1 1
github.com/Kyanite/noise/internal/plugins/examples/chord_analyzer.go:143.22,145.3 1 1
github.com/Kyanite/noise/internal/plugins/examples/chord_analyzer.go:148.2,149.31 2 1
github.com/Kyanite/noise/internal/plugins/examples/chord_analyzer.go:149.31,151.3 1 1
github.com/Kyanite/noise/internal/plugins/examples/chord_analyzer.go:154.2,156.39 3 1
github.com/Kyanite/noise/internal/plugins/examples/chord_analyzer.go:156.39,157.23 1 1
github.com/Kyanite/noise/internal/plugins/examples/chord_analyzer.go:157.23,160.4 2 1
github.com/Kyanite/noise/internal/plugins/examples/chord_analyzer.go:163.2,163.59 1 1
github.com/Kyanite/noise/internal/plugins/examples/chord_analyzer.go:167.72,168.22 1 1
github.com/Kyanite/noise/internal/plugins/examples/chord_analyzer.go:168.22,170.3 1 1
github.com/Kyanite/noise/internal/plugins/examples/chord_analyzer.go:172.2,174.31 2 1
github.com/Kyanite/noise/internal/plugins/examples/chord_analyzer.go:187.67,193.49 1 1
github.com/Kyanite/noise/internal/plugins/examples/chord_analyzer.go:193.49,195.18 2 1
github.com/Kyanite/noise/internal/plugins/examples/chord_analyzer.go:195.18,197.5 1 0
github.com/Kyanite/noise/internal/plugins/examples/chord_analyzer.go:199.4,205.43 6 1
github.com/Kyanite/noise/internal/plugins/examples/chord_analyzer.go:205.43,207.5 1 1
github.com/Kyanite/noise/internal/plugins/examples/chord_analyzer.go:209.4,209.22 1 1
github.com/Kyanite/noise/internal/plugins/examples/chord_analyzer.go:217.61,219.2 1 1
github.com/Kyanite/noise/internal/plugins/examples/markdown_export.go:19.54,35.2 1 1
github.com/Kyanite/noise/internal/plugins/examples/markdown_export.go:38.67,40.2 1 1
github.com/Kyanite/noise/internal/plugins/examples/markdown_export.go:43.77,49.16 3 1
github.com/Kyanite/noise/internal/plugins/examples/markdown_export.go:49.17,52.3 0 1
github.com/Kyanite/noise/internal/plugins/examples/markdown_export.go:54.2,54.12 1 1
github.com/Kyanite/noise/internal/plugins/examples/markdown_export.go:58.48,60.2 1 1
github.com/Kyanite/noise/internal/plugins/examples/markdown_export.go:63.47,66.2 2 1
github.com/Kyanite/noise/internal/plugins/examples/markdown_export.go:69.48,72.2 2 1
github.com/Kyanite/noise/internal/plugins/examples/markdown_export.go:75.49,77.2 1 1
github.com/Kyanite/noise/internal/plugins/examples/markdown_export.go:80.81,90.29 6 1
github.com/Kyanite/noise/internal/plugins/examples/markdown_export.go:90.29,94.20 2 1
github.com/Kyanite/noise/internal/plugins/examples/markdown_export.go:94.20,95.52 1 1
github.com/Kyanite/noise/internal/plugins/examples/markdown_export.go:95.52,97.5 1 1
github.com/Kyanite/noise/internal/plugins/examples/markdown_export.go:98.4,98.12 1 1
github.com/Kyanite/noise/internal/plugins/examples/markdown_export.go:102.3,102.30 1 1
github.com/Kyanite/noise/internal/plugins/examples/markdown_export.go:102.30,104.4 1 1
github.com/Kyanite/noise/internal/plugins/examples/markdown_export.go:104.9,106.4 1 1
github.com/Kyanite/noise/internal/plugins/examples/markdown_export.go:109.2,109.39 1 1
github.com/Kyanite/noise/internal/plugins/examples/markdown_export.go:113.63,120.45 3 1
github.com/Kyanite/noise/internal/plugins/examples/markdown_export.go:120.45,121.45 1 1
github.com/Kyanite/noise/internal/plugins/examples/markdown_export.go:121.45,123.4 1 1
github.com/Kyanite/noise/internal/plugins/examples/markdown_export.go:126.2,126.14 1 1
github.com/Kyanite/noise/internal/plugins/examples/markdown_export.go:130.72,137.49 1 1
github.com/Kyanite/noise/internal/plugins/examples/markdown_export.go:137.49,139.4 1 1
github.com/Kyanite/noise/internal/plugins/examples/markdown_export.go:145.62,147.2 1 1
github.com/Kyanite/noise/internal/ui/collaboration/presence_indicator.go:41.58,62.2 1 1
github.com/Kyanite/noise/internal/ui/collaboration/presence_indicator.go:65.67,67.2 1 1
github.com/Kyanite/noise/internal/ui/collaboration/presence_indicator.go:69.61,71.2 1 1
github.com/Kyanite/noise/internal/ui/collaboration/presence_indicator.go:74.90,76.2 1 1
github.com/Kyanite/noise/internal/ui/collaboration/presence_indicator.go:79.48,80.28 1 1
github.com/Kyanite/noise/internal/ui/collaboration/presence_indicator.go:80.28,82.3 1 1
github.com/Kyanite/noise/internal/ui/collaboration/presence_indicator.go:84.2,88.28 3 1
github.com/Kyanite/noise/internal/ui/collaboration/presence_indicator.go:88.28,90.3 1 1
github.com/Kyanite/noise/internal/ui/collaboration/presence_indicator.go:90.8,92.3 1 1
github.com/Kyanite/noise/internal/ui/collaboration/presence_indicator.go:94.2,103.41 4 1
github.com/Kyanite/noise/internal/ui/collaboration/presence_indicator.go:103.41,105.3 1 1
github.com/Kyanite/noise/internal/ui/collaboration/presence_indicator.go:108.2,108.65 1 1
github.com/Kyanite/noise/internal/ui/collaboration/presence_indicator.go:112.123,114.42 2 1
github.com/Kyanite/noise/internal/ui/collaboration/presence_indicator.go:114.42,116.3 1 1
github.com/Kyanite/noise/internal/ui/collaboration/presence_indicator.go:116.8,118.3 1 1
github.com/Kyanite/noise/internal/ui/collaboration/presence_indicator.go:121.2,128.20 4 1
github.com/Kyanite/noise/internal/ui/collaboration/presence_indicator.go:128.20,130.3 1 1
github.com/Kyanite/noise/internal/ui/collaboration/presence_indicator.go:133.2,133.62 1 1
github.com/Kyanite/noise/internal/ui/collaboration/presence_indicator.go:133.62,135.3 1 1
github.com/Kyanite/noise/internal/ui/collaboration/presence_indicator.go:138.2,143.19 4 1
github.com/Kyanite/noise/internal/ui/collaboration/presence_indicator.go:143.19,145.20 2 1
github.com/Kyanite/noise/internal/ui/collaboration/presence_indicator.go:145.20,148.4 2 1
github.com/Kyanite/noise/internal/ui/collaboration/presence_indicator.go:151.2,151.27 1 1
github.com/Kyanite/noise/internal/ui/collaboration/presence_indicator.go:155.99,158.25 2 1
github.com/Kyanite/noise/internal/ui/collaboration/presence_indicator.go:159.15,160.36 1 1
github.com/Kyanite/noise/internal/ui/collaboration/presence_indicator.go:161.16,162.36 1 1
github.com/Kyanite/noise/internal/ui/collaboration/presence_indicator.go:163.13,164.36 1 1
github.com/Kyanite/noise/internal/ui/collaboration/presence_indicator.go:165.14,166.36 1 1
github.com/Kyanite/noise/internal/ui/collaboration/presence_indicator.go:167.10,168.36 1 1
github.com/Kyanite/noise/internal/ui/collaboration/presence_indicator.go:171.2,172.41 2 1
github.com/Kyanite/noise/internal/ui/collaboration/presence_indicator.go:176.89,177.14 1 1
github.com/Kyanite/noise/internal/ui/collaboration/presence_indicator.go:178.31,179.22 1 1
github.com/Kyanite/noise/internal/ui/collaboration/presence_indicator.go:180.32,181.24 1 1
github.com/Kyanite/noise/internal/ui/collaboration/presence_indicator.go:182.32,183.27 1 1
github.com/Kyanite/noise/internal/ui/collaboration/presence_indicator.go:184.10,185.12 1 1
github.com/Kyanite/noise/internal/ui/collaboration/presence_indicator.go:190.92,194.36 2 1
github.com/Kyanite/noise/internal/ui/collaboration/presence_indicator.go:195.34,196.49 1 1
github.com/Kyanite/noise/internal/ui/collaboration/presence_indicator.go:197.32,198.36 1 1
github.com/Kyanite/noise/internal/ui/collaboration/presence_indicator.go:199.32,200.36 1 1
github.com/Kyanite/noise/internal/ui/collaboration/presence_indicator.go:201.35,202.39 1 1
github.com/Kyanite/noise/internal/ui/collaboration/presence_indicator.go:206.2,206.24 1 1
github.com/Kyanite/noise/internal/ui/collaboration/presence_indicator.go:207.31,208.45 1 1
github.com/Kyanite/noise/internal/ui/collaboration/presence_indicator.go:209.32,210.40 1 1
github.com/Kyanite/noise/internal/ui/collaboration/presence_indicator.go:211.32,212.41 1 1
github.com/Kyanite/noise/internal/ui/collaboration/presence_indicator.go:215.2,215.43 1 1
github.com/Kyanite/noise/internal/ui/collaboration/presence_indicator.go:219.50,221.2 1 1
github.com/Kyanite/noise/internal/ui/collaboration/presence_indicator.go:224.47,225.27 1 1
github.com/Kyanite/noise/internal/ui/collaboration/presence_indicator.go:225.27,227.3 1 1
github.com/Kyanite/noise/internal/ui/collaboration/presence_indicator.go:231.47,232.27 1 1
github.com/Kyanite/noise/internal/ui/collaboration/presence_indicator.go:232.27,234.3 1 1
github.com/Kyanite/noise/internal/ui/collaboration/presence_indicator.go:238.78,239.63 1 1
github.com/Kyanite/noise/internal/ui/collaboration/presence_indicator.go:239.63,241.3 1 1
github.com/Kyanite/noise/internal/ui/collaboration/presence_indicator.go:242.2,242.34 1 1
github.com/Kyanite/noise/internal/ui/collaboration/status_bar.go:36.58,56.2 1 1
github.com/Kyanite/noise/internal/ui/collaboration/status_bar.go:59.69,61.2 1 1
github.com/Kyanite/noise/internal/ui/collaboration/status_bar.go:63.63,65.2 1 1
github.com/Kyanite/noise/internal/ui/collaboration/status_bar.go:68.159,74.2 5 1
github.com/Kyanite/noise/internal/ui/collaboration/status_bar.go:77.52,79.2 1 1
github.com/Kyanite/noise/internal/ui/collaboration/status_bar.go:82.50,83.26 1 1
github.com/Kyanite/noise/internal/ui/collaboration/status_bar.go:83.26,85.3 1 1
github.com/Kyanite/noise/internal/ui/collaboration/status_bar.go:87.2,90.22 2 1
github.com/Kyanite/noise/internal/ui/collaboration/status_bar.go:90.22,92.3 1 1
github.com/Kyanite/noise/internal/ui/collaboration/status_bar.go:92.8,94.3 1 1
github.com/Kyanite/noise/internal/ui/collaboration/status_bar.go:97.2,97.25 1 1
github.com/Kyanite/noise/internal/ui/collaboration/status_bar.go:97.25,99.28 2 1
github.com/Kyanite/noise/internal/ui/collaboration/status_bar.go:99.28,101.4 1 1
github.com/Kyanite/noise/internal/ui/collaboration/status_bar.go:102.3,102.64 1 1
github.com/Kyanite/noise/internal/ui/collaboration/status_bar.go:106.2,106.30 1 1
github.com/Kyanite/noise/internal/ui/collaboration/status_bar.go:106.30,108.3 1 1
github.com/Kyanite/noise/internal/ui/collaboration/status_bar.go:111.2,111.31 1 1
github.com/Kyanite/noise/internal/ui/collaboration/status_bar.go:111.31,113.3 1 1
github.com/Kyanite/noise/internal/ui/collaboration/status_bar.go:116.2,116.21 1 1
github.com/Kyanite/noise/internal/ui/collaboration/status_bar.go:116.21,119.3 2 1
github.com/Kyanite/noise/internal/ui/collaboration/status_bar.go:121.2,121.52 1 1
github.com/Kyanite/noise/internal/ui/collaboration/status_bar.go:125.59,128.25 2 1
github.com/Kyanite/noise/internal/ui/collaboration/status_bar.go:128.25,130.3 1 1
github.com/Kyanite/noise/internal/ui/collaboration/status_bar.go:132.2,132.30 1 1
github.com/Kyanite/noise/internal/ui/collaboration/status_bar.go:132.30,134.3 1 1
github.com/Kyanite/noise/internal/ui/collaboration/status_bar.go:136.2,136.31 1 1
github.com/Kyanite/noise/internal/ui/collaboration/status_bar.go:136.31,138.3 1 1
github.com/Kyanite/noise/internal/ui/collaboration/status_bar.go:140.2,140.22 1 1
github.com/Kyanite/noise/internal/ui/collaboration/status_bar.go:140.22,142.3 1 1
github.com/Kyanite/noise/internal/ui/collaboration/status_bar.go:142.8,144.3 1 1
github.com/Kyanite/noise/internal/ui/collaboration/status_bar.go:146.2,148.68 2 1
github.com/Kyanite/noise/internal/ui/collaboration/status_bar.go:152.59,153.26 1 1
github.com/Kyanite/noise/internal/ui/collaboration/status_bar.go:153.26,155.3 1 1
github.com/Kyanite/noise/internal/ui/collaboration/status_bar.go:157.2,157.22 1 1
github.com/Kyanite/noise/internal/ui/collaboration/status_bar.go:157.22,159.3 1 1
github.com/Kyanite/noise/internal/ui/collaboration/status_bar.go:161.2,161.57 1 1
github.com/Kyanite/noise/internal/ui/collaboration/status_bar.go:165.52,167.2 1 1
github.com/Kyanite/noise/internal/ui/collaboration/status_bar.go:170.56,172.2 1 1
github.com/Kyanite/noise/internal/ui/collaboration/test_utils.go:4.38,10.2 1 1
github.com/Kyanite/noise/internal/ui/collaboration/test_utils.go:12.43,13.43 1 1
github.com/Kyanite/noise/internal/ui/collaboration/test_utils.go:13.43,14.35 1 1
github.com/Kyanite/noise/internal/ui/collaboration/test_utils.go:14.35,16.4 1 1
github.com/Kyanite/noise/internal/ui/collaboration/test_utils.go:18.2,18.14 1 1
github.com/Kyanite/noise/internal/config/config.go:123.30,197.2 1 1
github.com/Kyanite/noise/internal/config/config.go:200.30,214.35 4 1
github.com/Kyanite/noise/internal/config/config.go:214.35,216.3 1 1
github.com/Kyanite/noise/internal/config/config.go:219.2,226.41 4 1
github.com/Kyanite/noise/internal/config/config.go:226.41,228.56 1 1
github.com/Kyanite/noise/internal/config/config.go:228.56,230.4 1 1
github.com/Kyanite/noise/internal/config/config.go:234.2,234.44 1 1
github.com/Kyanite/noise/internal/config/config.go:234.44,236.3 1 0
github.com/Kyanite/noise/internal/config/config.go:239.2,242.42 2 1
github.com/Kyanite/noise/internal/config/config.go:242.42,244.3 1 0
github.com/Kyanite/noise/internal/config/config.go:246.2,246.20 1 1
github.com/Kyanite/noise/internal/config/config.go:250.31,253.53 2 1
github.com/Kyanite/noise/internal/config/config.go:253.53,255.3 1 1
github.com/Kyanite/noise/internal/config/config.go:257.2,333.16 7 1
github.com/Kyanite/noise/internal/config/config.go:333.16,335.3 1 0
github.com/Kyanite/noise/internal/config/config.go:337.2,337.60 1 1
github.com/Kyanite/noise/internal/config/config.go:337.60,339.3 1 0
github.com/Kyanite/noise/internal/config/config.go:341.2,341.12 1 1
github.com/Kyanite/noise/internal/config/config.go:345.35,347.22 1 1
github.com/Kyanite/noise/internal/config/config.go:347.22,349.3 1 1
github.com/Kyanite/noise/internal/config/config.go:351.2,351.42 1 1
github.com/Kyanite/noise/internal/config/config.go:351.42,353.3 1 1
github.com/Kyanite/noise/internal/config/config.go:356.2,356.41 1 1
github.com/Kyanite/noise/internal/config/config.go:356.41,358.3 1 1
github.com/Kyanite/noise/internal/config/config.go:361.2,361.53 1 1
github.com/Kyanite/noise/internal/config/config.go:361.53,363.3 1 1
github.com/Kyanite/noise/internal/config/config.go:365.2,365.12 1 1
github.com/Kyanite/noise/internal/config/config.go:369.36,371.55 1 1
github.com/Kyanite/noise/internal/config/config.go:371.55,373.3 1 1
github.com/Kyanite/noise/internal/config/config.go:375.2,375.56 1 1
github.com/Kyanite/noise/internal/config/config.go:375.56,377.3 1 0
github.com/Kyanite/noise/internal/config/config.go:380.2,380.56 1 1
github.com/Kyanite/noise/internal/config/config.go:380.56,382.3 1 0
github.com/Kyanite/noise/internal/config/config.go:384.2,384.56 1 1
github.com/Kyanite/noise/internal/config/config.go:384.56,387.3 1 0
github.com/Kyanite/noise/internal/config/config.go:390.2,390.53 1 1
github.com/Kyanite/noise/internal/config/config.go:390.53,392.3 1 1
github.com/Kyanite/noise/internal/config/config.go:394.2,394.54 1 1
github.com/Kyanite/noise/internal/config/config.go:394.54,396.3 1 0
github.com/Kyanite/noise/internal/config/config.go:398.2,398.53 1 1
github.com/Kyanite/noise/internal/config/config.go:398.53,400.3 1 1
github.com/Kyanite/noise/internal/config/config.go:403.2,403.52 1 1
github.com/Kyanite/noise/internal/config/config.go:403.52,405.3 1 1
github.com/Kyanite/noise/internal/config/config.go:407.2,407.56 1 1
github.com/Kyanite/noise/internal/config/config.go:407.56,409.3 1 0
github.com/Kyanite/noise/internal/config/config.go:413.33,415.16 2 1
github.com/Kyanite/noise/internal/config/config.go:415.16,417.3 1 0
github.com/Kyanite/noise/internal/config/config.go:418.2,418.41 1 1
github.com/Kyanite/noise/internal/config/config.go:422.28,424.16 2 1
github.com/Kyanite/noise/internal/config/config.go:424.16,426.3 1 0
github.com/Kyanite/noise/internal/config/config.go:427.2,427.51 1 1
github.com/Kyanite/noise/internal/config/config.go:431.38,432.57 1 1
github.com/Kyanite/noise/internal/config/config.go:432.57,435.3 1 0
github.com/Kyanite/noise/internal/config/config.go:436.2,436.22 1 1
github.com/Kyanite/noise/internal/config/config.go:440.33,442.2 1 1
github.com/Kyanite/noise/internal/config/config.go:445.35,447.2 1 1
github.com/Kyanite/noise/internal/infra/db/db.go:43.35,44.23 1 1
github.com/Kyanite/noise/internal/infra/db/db.go:44.23,46.3 1 0
github.com/Kyanite/noise/internal/infra/db/db.go:48.2,48.56 1 1
github.com/Kyanite/noise/internal/infra/db/db.go:48.56,50.3 1 0
github.com/Kyanite/noise/internal/infra/db/db.go:52.2,55.16 3 1
github.com/Kyanite/noise/internal/infra/db/db.go:55.16,56.31 1 0
github.com/Kyanite/noise/internal/infra/db/db.go:56.31,58.4 1 0
github.com/Kyanite/noise/internal/infra/db/db.go:59.3,59.49 1 0
github.com/Kyanite/noise/internal/infra/db/db.go:62.2,62.36 1 1
github.com/Kyanite/noise/internal/infra/db/db.go:62.36,64.31 2 0
github.com/Kyanite/noise/internal/infra/db/db.go:64.31,66.4 1 0
github.com/Kyanite/noise/internal/infra/db/db.go:67.3,67.49 1 0
github.com/Kyanite/noise/internal/infra/db/db.go:71.2,76.65 4 1
github.com/Kyanite/noise/internal/infra/db/db.go:76.65,78.31 2 0
github.com/Kyanite/noise/internal/infra/db/db.go:78.31,80.4 1 0
github.com/Kyanite/noise/internal/infra/db/db.go:81.3,81.55 1 0
github.com/Kyanite/noise/internal/infra/db/db.go:85.2,85.47 1 1
github.com/Kyanite/noise/internal/infra/db/db.go:85.47,88.3 2 0
github.com/Kyanite/noise/internal/infra/db/db.go:90.2,94.27 4 1
github.com/Kyanite/noise/internal/infra/db/db.go:94.27,96.3 1 1
github.com/Kyanite/noise/internal/infra/db/db.go:98.2,99.80 2 1
github.com/Kyanite/noise/internal/infra/db/db.go:99.80,102.3 2 0
github.com/Kyanite/noise/internal/infra/db/db.go:104.2,105.151 2 1
github.com/Kyanite/noise/internal/infra/db/db.go:105.151,107.3 1 0
github.com/Kyanite/noise/internal/infra/db/db.go:107.8,107.37 1 1
github.com/Kyanite/noise/internal/infra/db/db.go:107.37,109.3 1 1
github.com/Kyanite/noise/internal/infra/db/db.go:109.8,111.3 1 0
github.com/Kyanite/noise/internal/infra/db/db.go:113.2,120.8 2 1
github.com/Kyanite/noise/internal/infra/db/db.go:123.26,130.2 1 0
github.com/Kyanite/noise/internal/infra/db/db.go:132.42,133.16 1 0
github.com/Kyanite/noise/internal/infra/db/db.go:133.16,135.3 1 0
github.com/Kyanite/noise/internal/infra/db/db.go:137.2,142.68 2 0
github.com/Kyanite/noise/internal/infra/db/db.go:145.44,146.16 1 0
github.com/Kyanite/noise/internal/infra/db/db.go:146.16,148.3 1 0
github.com/Kyanite/noise/internal/infra/db/db.go:149.2,149.70 1 0
github.com/Kyanite/noise/internal/infra/db/db.go:153.47,154.15 1 1
github.com/Kyanite/noise/internal/infra/db/db.go:154.15,156.3 1 0
github.com/Kyanite/noise/internal/infra/db/db.go:158.2,160.45 3 1
github.com/Kyanite/noise/internal/infra/db/db.go:163.39,164.15 1 0
github.com/Kyanite/noise/internal/infra/db/db.go:164.15,166.3 1 0
github.com/Kyanite/noise/internal/infra/db/db.go:168.2,170.24 3 0
github.com/Kyanite/noise/internal/infra/db/db.go:174.29,175.20 1 1
github.com/Kyanite/noise/internal/infra/db/db.go:175.20,177.3 1 1
github.com/Kyanite/noise/internal/infra/db/db.go:178.2,178.12 1 0
github.com/Kyanite/noise/internal/infra/db/db.go:182.28,183.33 1 1
github.com/Kyanite/noise/internal/infra/db/db.go:183.33,185.3 1 0
github.com/Kyanite/noise/internal/infra/db/db.go:186.2,186.23 1 1
github.com/Kyanite/noise/internal/infra/db/db.go:190.43,191.45 1 1
github.com/Kyanite/noise/internal/infra/db/db.go:191.45,193.3 1 0
github.com/Kyanite/noise/internal/infra/db/db.go:194.2,194.12 1 1
github.com/Kyanite/noise/internal/infra/db/db.go:198.33,200.16 2 0
github.com/Kyanite/noise/internal/infra/db/db.go:200.16,202.3 1 0
github.com/Kyanite/noise/internal/infra/db/db.go:203.2,203.41 1 0
github.com/Kyanite/noise/internal/infra/db/db.go:207.35,212.2 1 0
github.com/Kyanite/noise/internal/infra/db/db.go:270.61,271.19 1 1
github.com/Kyanite/noise/internal/infra/db/db.go:271.19,273.3 1 0
github.com/Kyanite/noise/internal/infra/db/db.go:274.2,275.62 2 1
github.com/Kyanite/noise/internal/infra/db/db.go:275.62,277.3 1 0
github.com/Kyanite/noise/internal/infra/db/db.go:278.2,278.17 1 1
github.com/Kyanite/noise/internal/infra/db/db.go:282.55,283.16 1 1
github.com/Kyanite/noise/internal/infra/db/db.go:283.16,285.3 1 0
github.com/Kyanite/noise/internal/infra/db/db.go:286.2,287.16 2 1
github.com/Kyanite/noise/internal/infra/db/db.go:287.16,289.3 1 0
github.com/Kyanite/noise/internal/infra/db/db.go:290.2,290.31 1 1
github.com/Kyanite/noise/internal/infra/db/db.go:294.55,295.19 1 1
github.com/Kyanite/noise/internal/infra/db/db.go:295.19,297.3 1 0
github.com/Kyanite/noise/internal/infra/db/db.go:298.2,299.62 2 1
github.com/Kyanite/noise/internal/infra/db/db.go:299.62,301.3 1 0
github.com/Kyanite/noise/internal/infra/db/db.go:302.2,302.17 1 1
github.com/Kyanite/noise/internal/infra/db/db.go:306.49,307.16 1 1
github.com/Kyanite/noise/internal/infra/db/db.go:307.16,309.3 1 0
github.com/Kyanite/noise/internal/infra/db/db.go:310.2,311.16 2 1
github.com/Kyanite/noise/internal/infra/db/db.go:311.16,313.3 1 0
github.com/Kyanite/noise/internal/infra/db/db.go:314.2,314.31 1 1
github.com/Kyanite/noise/internal/infra/db/db.go:320.131,321.15 1 0
github.com/Kyanite/noise/internal/infra/db/db.go:321.15,323.3 1 0
github.com/Kyanite/noise/internal/infra/db/db.go:325.2,340.16 6 0
github.com/Kyanite/noise/internal/infra/db/db.go:344.76,345.15 1 0
github.com/Kyanite/noise/internal/infra/db/db.go:345.15,347.3 1 0
github.com/Kyanite/noise/internal/infra/db/db.go:349.2,356.62 5 0
github.com/Kyanite/noise/internal/infra/db/db.go:356.62,357.38 1 0
github.com/Kyanite/noise/internal/infra/db/db.go:357.38,360.4 2 0
github.com/Kyanite/noise/internal/infra/db/db.go:363.2,363.17 1 0
github.com/Kyanite/noise/internal/infra/db/db.go:367.67,368.15 1 0
github.com/Kyanite/noise/internal/infra/db/db.go:368.15,370.3 1 0
github.com/Kyanite/noise/internal/infra/db/db.go:372.2,375.38 3 0
github.com/Kyanite/noise/internal/infra/db/db.go:375.38,376.23 1 0
github.com/Kyanite/noise/internal/infra/db/db.go:376.23,378.4 1 0
github.com/Kyanite/noise/internal/infra/db/db.go:381.2,381.60 1 0
github.com/Kyanite/noise/internal/infra/db/db.go:385.51,386.15 1 0
github.com/Kyanite/noise/internal/infra/db/db.go:386.15,388.3 1 0
github.com/Kyanite/noise/internal/infra/db/db.go:390.2,393.38 3 0
github.com/Kyanite/noise/internal/infra/db/db.go:393.38,394.23 1 0
github.com/Kyanite/noise/internal/infra/db/db.go:394.23,397.4 2 0
github.com/Kyanite/noise/internal/infra/db/db.go:400.2,400.55 1 0
github.com/Kyanite/noise/internal/infra/db/repository.go:18.67,20.17 1 1
github.com/Kyanite/noise/internal/infra/db/repository.go:20.17,22.3 1 1
github.com/Kyanite/noise/internal/infra/db/repository.go:25.2,32.33 2 1
github.com/Kyanite/noise/internal/infra/db/repository.go:32.33,34.3 1 1
github.com/Kyanite/noise/internal/infra/db/repository.go:37.2,37.25 1 1
github.com/Kyanite/noise/internal/infra/db/repository.go:37.25,39.32 2 1
github.com/Kyanite/noise/internal/infra/db/repository.go:39.32,41.4 1 1
github.com/Kyanite/noise/internal/infra/db/repository.go:44.2,49.16 4 1
github.com/Kyanite/noise/internal/infra/db/repository.go:49.16,53.3 3 0
github.com/Kyanite/noise/internal/infra/db/repository.go:55.2,62.53 4 1
github.com/Kyanite/noise/internal/infra/db/repository.go:62.53,76.17 2 1
github.com/Kyanite/noise/internal/infra/db/repository.go:76.17,77.9 1 1
github.com/Kyanite/noise/internal/infra/db/repository.go:81.3,81.55 1 1
github.com/Kyanite/noise/internal/infra/db/repository.go:81.55,84.12 3 0
github.com/Kyanite/noise/internal/infra/db/repository.go:88.3,89.64 2 1
github.com/Kyanite/noise/internal/infra/db/repository.go:89.64,91.4 1 1
github.com/Kyanite/noise/internal/infra/db/repository.go:91.9,91.76 1 0
github.com/Kyanite/noise/internal/infra/db/repository.go:91.76,93.4 1 0
github.com/Kyanite/noise/internal/infra/db/repository.go:95.3,96.20 2 1
github.com/Kyanite/noise/internal/infra/db/repository.go:100.2,101.16 2 1
github.com/Kyanite/noise/internal/infra/db/repository.go:101.16,105.3 3 0
github.com/Kyanite/noise/internal/infra/db/repository.go:107.2,112.18 3 1
github.com/Kyanite/noise/internal/infra/db/repository.go:116.118,118.17 1 1
github.com/Kyanite/noise/internal/infra/db/repository.go:118.17,120.3 1 0
github.com/Kyanite/noise/internal/infra/db/repository.go:123.2,130.33 2 1
github.com/Kyanite/noise/internal/infra/db/repository.go:130.33,132.3 1 0
github.com/Kyanite/noise/internal/infra/db/repository.go:135.2,135.25 1 1
github.com/Kyanite/noise/internal/infra/db/repository.go:135.25,137.32 2 1
github.com/Kyanite/noise/internal/infra/db/repository.go:137.32,139.4 1 0
github.com/Kyanite/noise/internal/infra/db/repository.go:142.2,146.16 4 1
github.com/Kyanite/noise/internal/infra/db/repository.go:146.16,148.3 1 0
github.com/Kyanite/noise/internal/infra/db/repository.go:149.2,149.15 1 1
github.com/Kyanite/noise/internal/infra/db/repository.go:149.15,150.17 1 1
github.com/Kyanite/noise/internal/infra/db/repository.go:150.17,151.17 1 0
github.com/Kyanite/noise/internal/infra/db/repository.go:151.17,153.5 1 0
github.com/Kyanite/noise/internal/infra/db/repository.go:158.2,159.16 2 1
github.com/Kyanite/noise/internal/infra/db/repository.go:159.16,163.3 3 0
github.com/Kyanite/noise/internal/infra/db/repository.go:165.2,172.53 4 1
github.com/Kyanite/noise/internal/infra/db/repository.go:172.53,186.17 2 1
github.com/Kyanite/noise/internal/infra/db/repository.go:186.17,187.9 1 1
github.com/Kyanite/noise/internal/infra/db/repository.go:191.3,191.55 1 0
github.com/Kyanite/noise/internal/infra/db/repository.go:191.55,194.12 3 0
github.com/Kyanite/noise/internal/infra/db/repository.go:198.3,199.64 2 0
github.com/Kyanite/noise/internal/infra/db/repository.go:199.64,201.4 1 0
github.com/Kyanite/noise/internal/infra/db/repository.go:201.9,201.76 1 0
github.com/Kyanite/noise/internal/infra/db/repository.go:201.76,203.4 1 0
github.com/Kyanite/noise/internal/infra/db/repository.go:205.3,206.25 2 0
github.com/Kyanite/noise/internal/infra/db/repository.go:210.2,211.16 2 1
github.com/Kyanite/noise/internal/infra/db/repository.go:211.16,215.3 3 0
github.com/Kyanite/noise/internal/infra/db/repository.go:217.2,239.16 5 1
github.com/Kyanite/noise/internal/infra/db/repository.go:239.16,243.3 3 0
github.com/Kyanite/noise/internal/infra/db/repository.go:245.2,246.16 2 1
github.com/Kyanite/noise/internal/infra/db/repository.go:246.16,250.3 3 0
github.com/Kyanite/noise/internal/infra/db/repository.go:252.2,255.73 2 1
github.com/Kyanite/noise/internal/infra/db/repository.go:255.73,257.3 1 0
github.com/Kyanite/noise/internal/infra/db/repository.go:260.2,265.27 2 1
github.com/Kyanite/noise/internal/infra/db/repository.go:269.53,271.13 1 1
github.com/Kyanite/noise/internal/infra/db/repository.go:271.13,273.3 1 0
github.com/Kyanite/noise/internal/infra/db/repository.go:276.2,276.48 1 1
github.com/Kyanite/noise/internal/infra/db/repository.go:276.48,278.3 1 0
github.com/Kyanite/noise/internal/infra/db/repository.go:280.2,306.16 8 1
github.com/Kyanite/noise/internal/infra/db/repository.go:306.16,308.36 2 0
github.com/Kyanite/noise/internal/infra/db/repository.go:308.36,311.4 2 0
github.com/Kyanite/noise/internal/infra/db/repository.go:313.3,314.20 2 0
github.com/Kyanite/noise/internal/infra/db/repository.go:318.2,319.16 2 1
github.com/Kyanite/noise/internal/infra/db/repository.go:319.16,323.3 3 0
github.com/Kyanite/noise/internal/infra/db/repository.go:326.2,331.19 3 1
github.com/Kyanite/noise/internal/infra/db/repository.go:335.72,358.16 6 1
github.com/Kyanite/noise/internal/infra/db/repository.go:358.16,359.27 1 1
github.com/Kyanite/noise/internal/infra/db/repository.go:359.27,361.4 1 1
github.com/Kyanite/noise/internal/infra/db/repository.go:362.3,362.56 1 0
github.com/Kyanite/noise/internal/infra/db/repository.go:366.2,367.16 2 0
github.com/Kyanite/noise/internal/infra/db/repository.go:367.16,369.3 1 0
github.com/Kyanite/noise/internal/infra/db/repository.go:371.2,371.19 1 0
github.com/Kyanite/noise/internal/infra/db/repository.go:375.51,377.16 2 1
github.com/Kyanite/noise/internal/infra/db/repository.go:377.16,379.3 1 0
github.com/Kyanite/noise/internal/infra/db/repository.go:381.2,398.16 3 1
github.com/Kyanite/noise/internal/infra/db/repository.go:398.16,400.3 1 0
github.com/Kyanite/noise/internal/infra/db/repository.go:402.2,402.12 1 1
github.com/Kyanite/noise/internal/infra/db/repository.go:406.40,410.16 3 1
github.com/Kyanite/noise/internal/infra/db/repository.go:410.16,412.3 1 0
github.com/Kyanite/noise/internal/infra/db/repository.go:414.2,415.16 2 1
github.com/Kyanite/noise/internal/infra/db/repository.go:415.16,417.3 1 0
github.com/Kyanite/noise/internal/infra/db/repository.go:419.2,419.23 1 1
github.com/Kyanite/noise/internal/infra/db/repository.go:419.23,421.3 1 1
github.com/Kyanite/noise/internal/infra/db/repository.go:423.2,423.12 1 1
github.com/Kyanite/noise/internal/infra/db/repository.go:427.68,428.16 1 1
github.com/Kyanite/noise/internal/infra/db/repository.go:428.16,430.3 1 0
github.com/Kyanite/noise/internal/infra/db/repository.go:432.2,437.16 3 1
github.com/Kyanite/noise/internal/infra/db/repository.go:437.16,439.3 1 0
github.com/Kyanite/noise/internal/infra/db/repository.go:440.2,443.18 3 1
github.com/Kyanite/noise/internal/infra/db/repository.go:443.18,460.17 4 1
github.com/Kyanite/noise/internal/infra/db/repository.go:460.17,462.4 1 0
github.com/Kyanite/noise/internal/infra/db/repository.go:465.3,466.17 2 1
github.com/Kyanite/noise/internal/infra/db/repository.go:466.17,468.4 1 0
github.com/Kyanite/noise/internal/infra/db/repository.go:470.3,470.31 1 1
github.com/Kyanite/noise/internal/infra/db/repository.go:473.2,473.34 1 1
github.com/Kyanite/noise/internal/infra/db/repository.go:473.34,475.3 1 0
github.com/Kyanite/noise/internal/infra/db/repository.go:477.2,477.19 1 1
github.com/Kyanite/noise/internal/infra/db/repository.go:481.76,482.16 1 1
github.com/Kyanite/noise/internal/infra/db/repository.go:482.16,484.3 1 0
github.com/Kyanite/noise/internal/infra/db/repository.go:487.2,495.16 4 1
github.com/Kyanite/noise/internal/infra/db/repository.go:495.16,497.3 1 0
github.com/Kyanite/noise/internal/infra/db/repository.go:498.2,501.18 3 1
github.com/Kyanite/noise/internal/infra/db/repository.go:501.18,518.17 4 1
github.com/Kyanite/noise/internal/infra/db/repository.go:518.17,520.4 1 0
github.com/Kyanite/noise/internal/infra/db/repository.go:523.3,524.17 2 1
github.com/Kyanite/noise/internal/infra/db/repository.go:524.17,526.4 1 0
github.com/Kyanite/noise/internal/infra/db/repository.go:528.3,528.31 1 1
github.com/Kyanite/noise/internal/infra/db/repository.go:531.2,531.34 1 1
github.com/Kyanite/noise/internal/infra/db/repository.go:531.34,533.3 1 0
github.com/Kyanite/noise/internal/infra/db/repository.go:535.2,535.19 1 1
github.com/Kyanite/noise/internal/infra/db/repository.go:539.111,542.35 2 1
github.com/Kyanite/noise/internal/infra/db/repository.go:542.35,544.3 1 0
github.com/Kyanite/noise/internal/infra/db/repository.go:546.2,551.16 3 1
github.com/Kyanite/noise/internal/infra/db/repository.go:551.16,552.61 1 0
github.com/Kyanite/noise/internal/infra/db/repository.go:552.61,555.4 2 0
github.com/Kyanite/noise/internal/infra/db/repository.go:556.3,556.48 1 0
github.com/Kyanite/noise/internal/infra/db/repository.go:559.2,560.16 2 1
github.com/Kyanite/noise/internal/infra/db/repository.go:560.16,562.3 1 0
github.com/Kyanite/noise/internal/infra/db/repository.go:564.2,573.21 2 1
github.com/Kyanite/noise/internal/infra/db/repository.go:577.77,578.16 1 1
github.com/Kyanite/noise/internal/infra/db/repository.go:578.16,580.3 1 0
github.com/Kyanite/noise/internal/infra/db/repository.go:583.2,583.35 1 1
github.com/Kyanite/noise/internal/infra/db/repository.go:583.35,585.3 1 0
github.com/Kyanite/noise/internal/infra/db/repository.go:587.2,592.16 3 1
github.com/Kyanite/noise/internal/infra/db/repository.go:592.16,594.3 1 0
github.com/Kyanite/noise/internal/infra/db/repository.go:595.2,598.18 3 1
github.com/Kyanite/noise/internal/infra/db/repository.go:598.18,609.17 3 1
github.com/Kyanite/noise/internal/infra/db/repository.go:609.17,611.4 1 0
github.com/Kyanite/noise/internal/infra/db/repository.go:613.3,613.40 1 1
github.com/Kyanite/noise/internal/infra/db/repository.go:616.2,616.34 1 1
github.com/Kyanite/noise/internal/infra/db/repository.go:616.34,618.3 1 0
github.com/Kyanite/noise/internal/infra/db/repository.go:620.2,620.22 1 1
github.com/Kyanite/noise/internal/infra/db/repository.go:624.59,626.35 1 1
github.com/Kyanite/noise/internal/infra/db/repository.go:626.35,628.3 1 0
github.com/Kyanite/noise/internal/infra/db/repository.go:630.2,645.16 5 1
github.com/Kyanite/noise/internal/infra/db/repository.go:645.16,646.27 1 1
github.com/Kyanite/noise/internal/infra/db/repository.go:646.27,648.4 1 1
github.com/Kyanite/noise/internal/infra/db/repository.go:649.3,649.47 1 0
github.com/Kyanite/noise/internal/infra/db/repository.go:652.2,652.22 1 1
github.com/Kyanite/noise/internal/infra/db/repository.go:656.43,658.35 1 1
github.com/Kyanite/noise/internal/infra/db/repository.go:658.35,660.3 1 0
github.com/Kyanite/noise/internal/infra/db/repository.go:662.2,665.16 3 1
github.com/Kyanite/noise/internal/infra/db/repository.go:665.16,667.3 1 0
github.com/Kyanite/noise/internal/infra/db/repository.go:669.2,670.16 2 1
github.com/Kyanite/noise/internal/infra/db/repository.go:670.16,672.3 1 0
github.com/Kyanite/noise/internal/infra/db/repository.go:674.2,674.23 1 1
github.com/Kyanite/noise/internal/infra/db/repository.go:674.23,676.3 1 0
github.com/Kyanite/noise/internal/infra/db/repository.go:678.2,678.12 1 1
github.com/Kyanite/noise/internal/infra/db/repository.go:682.121,687.16 4 1
github.com/Kyanite/noise/internal/infra/db/repository.go:687.16,689.3 1 0
github.com/Kyanite/noise/internal/infra/db/repository.go:690.2,690.15 1 1
github.com/Kyanite/noise/internal/infra/db/repository.go:690.15,691.17 1 1
github.com/Kyanite/noise/internal/infra/db/repository.go:691.17,692.17 1 0
github.com/Kyanite/noise/internal/infra/db/repository.go:692.17,694.5 1 0
github.com/Kyanite/noise/internal/infra/db/repository.go:699.2,700.16 2 1
github.com/Kyanite/noise/internal/infra/db/repository.go:700.16,702.3 1 0
github.com/Kyanite/noise/internal/infra/db/repository.go:704.2,721.16 3 1
github.com/Kyanite/noise/internal/infra/db/repository.go:721.16,723.3 1 0
github.com/Kyanite/noise/internal/infra/db/repository.go:726.2,745.16 4 1
github.com/Kyanite/noise/internal/infra/db/repository.go:745.16,749.3 3 0
github.com/Kyanite/noise/internal/infra/db/repository.go:752.2,752.73 1 1
github.com/Kyanite/noise/internal/infra/db/repository.go:752.73,754.3 1 0
github.com/Kyanite/noise/internal/infra/db/repository.go:756.2,762.12 2 1
github.com/Kyanite/noise/internal/infra/db/repository.go:766.72,767.25 1 1
github.com/Kyanite/noise/internal/infra/db/repository.go:767.25,769.3 1 0
github.com/Kyanite/noise/internal/infra/db/repository.go:771.2,775.16 4 1
github.com/Kyanite/noise/internal/infra/db/repository.go:775.16,777.3 1 0
github.com/Kyanite/noise/internal/infra/db/repository.go:778.2,778.15 1 1
github.com/Kyanite/noise/internal/infra/db/repository.go:778.15,779.17 1 1
github.com/Kyanite/noise/internal/infra/db/repository.go:779.17,780.17 1 0
github.com/Kyanite/noise/internal/infra/db/repository.go:780.17,782.5 1 0
github.com/Kyanite/noise/internal/infra/db/repository.go:787.2,791.34 2 1
github.com/Kyanite/noise/internal/infra/db/repository.go:791.34,800.17 2 1
github.com/Kyanite/noise/internal/infra/db/repository.go:800.17,802.4 1 0
github.com/Kyanite/noise/internal/infra/db/repository.go:806.2,806.68 1 1
github.com/Kyanite/noise/internal/infra/db/repository.go:806.68,808.3 1 0
github.com/Kyanite/noise/internal/infra/db/repository.go:810.2,811.12 2 1
github.com/Kyanite/noise/internal/infra/db/repository.go:816.87,818.16 2 1
github.com/Kyanite/noise/internal/infra/db/repository.go:818.16,820.3 1 0
github.com/Kyanite/noise/internal/infra/db/repository.go:821.2,821.15 1 1
github.com/Kyanite/noise/internal/infra/db/repository.go:821.15,822.17 1 1
github.com/Kyanite/noise/internal/infra/db/repository.go:822.17,823.17 1 1
github.com/Kyanite/noise/internal/infra/db/repository.go:823.17,825.5 1 1
github.com/Kyanite/noise/internal/infra/db/repository.go:829.2,829.30 1 1
github.com/Kyanite/noise/internal/infra/db/repository.go:829.30,831.3 1 1
github.com/Kyanite/noise/internal/infra/db/repository.go:833.2,833.72 1 0
github.com/Kyanite/noise/internal/infra/db/repository.go:833.72,835.3 1 0
github.com/Kyanite/noise/internal/infra/db/repository.go:837.2,837.12 1 0
github.com/Kyanite/noise/internal/infra/db/repository.go:841.61,855.16 3 1
github.com/Kyanite/noise/internal/infra/db/repository.go:855.16,857.3 1 0
github.com/Kyanite/noise/internal/infra/db/repository.go:859.2,859.12 1 1
github.com/Kyanite/noise/internal/infra/db/repository.go:863.70,878.16 5 1
github.com/Kyanite/noise/internal/infra/db/repository.go:878.16,879.27 1 0
github.com/Kyanite/noise/internal/infra/db/repository.go:879.27,881.4 1 0
github.com/Kyanite/noise/internal/infra/db/repository.go:882.3,882.45 1 0
github.com/Kyanite/noise/internal/infra/db/repository.go:885.2,885.20 1 1
github.com/Kyanite/noise/internal/infra/db/repository.go:889.83,895.16 3 1
github.com/Kyanite/noise/internal/infra/db/repository.go:895.16,897.3 1 0
github.com/Kyanite/noise/internal/infra/db/repository.go:898.2,901.18 3 1
github.com/Kyanite/noise/internal/infra/db/repository.go:901.18,913.17 3 1
github.com/Kyanite/noise/internal/infra/db/repository.go:913.17,915.4 1 0
github.com/Kyanite/noise/internal/infra/db/repository.go:917.3,917.31 1 1
github.com/Kyanite/noise/internal/infra/db/repository.go:920.2,920.34 1 1
github.com/Kyanite/noise/internal/infra/db/repository.go:920.34,922.3 1 0
github.com/Kyanite/noise/internal/infra/db/repository.go:924.2,924.19 1 1
github.com/Kyanite/noise/internal/infra/db/repository.go:928.61,942.16 3 1
github.com/Kyanite/noise/internal/infra/db/repository.go:942.16,944.3 1 0
github.com/Kyanite/noise/internal/infra/db/repository.go:946.2,946.12 1 1
github.com/Kyanite/noise/internal/infra/db/repository.go:950.79,952.16 2 1
github.com/Kyanite/noise/internal/infra/db/repository.go:952.16,954.3 1 0
github.com/Kyanite/noise/internal/infra/db/repository.go:956.2,967.16 3 1
github.com/Kyanite/noise/internal/infra/db/repository.go:967.16,969.3 1 0
github.com/Kyanite/noise/internal/infra/db/repository.go:971.2,972.16 2 1
github.com/Kyanite/noise/internal/infra/db/repository.go:972.16,974.3 1 0
github.com/Kyanite/noise/internal/infra/db/repository.go:976.2,977.21 2 1
github.com/Kyanite/noise/internal/infra/db/repository.go:981.59,999.16 6 1
github.com/Kyanite/noise/internal/infra/db/repository.go:999.16,1000.27 1 0
github.com/Kyanite/noise/internal/infra/db/repository.go:1000.27,1002.4 1 0
github.com/Kyanite/noise/internal/infra/db/repository.go:1003.3,1003.47 1 0
github.com/Kyanite/noise/internal/infra/db/repository.go:1007.2,1008.16 2 1
github.com/Kyanite/noise/internal/infra/db/repository.go:1008.16,1010.3 1 0
github.com/Kyanite/noise/internal/infra/db/repository.go:1012.2,1012.22 1 1
github.com/Kyanite/noise/internal/infra/db/repository.go:1016.60,1018.16 2 0
github.com/Kyanite/noise/internal/infra/db/repository.go:1018.16,1020.3 1 0
github.com/Kyanite/noise/internal/infra/db/repository.go:1022.2,1034.16 3 0
github.com/Kyanite/noise/internal/infra/db/repository.go:1034.16,1036.3 1 0
github.com/Kyanite/noise/internal/infra/db/repository.go:1038.2,1038.12 1 0
github.com/Kyanite/noise/internal/infra/db/repository.go:1042.43,1046.16 3 1
github.com/Kyanite/noise/internal/infra/db/repository.go:1046.16,1048.3 1 0
github.com/Kyanite/noise/internal/infra/db/repository.go:1050.2,1051.16 2 1
github.com/Kyanite/noise/internal/infra/db/repository.go:1051.16,1053.3 1 0
github.com/Kyanite/noise/internal/infra/db/repository.go:1055.2,1055.23 1 1
github.com/Kyanite/noise/internal/infra/db/repository.go:1055.23,1057.3 1 0
github.com/Kyanite/noise/internal/infra/db/repository.go:1059.2,1059.12 1 1
github.com/Kyanite/noise/internal/infra/db/repository.go:1063.57,1069.16 3 0
github.com/Kyanite/noise/internal/infra/db/repository.go:1069.16,1071.3 1 0
github.com/Kyanite/noise/internal/infra/db/repository.go:1072.2,1075.18 3 0
github.com/Kyanite/noise/internal/infra/db/repository.go:1075.18,1087.17 4 0
github.com/Kyanite/noise/internal/infra/db/repository.go:1087.17,1089.4 1 0
github.com/Kyanite/noise/internal/infra/db/repository.go:1092.3,1093.17 2 0
github.com/Kyanite/noise/internal/infra/db/repository.go:1093.17,1095.4 1 0
github.com/Kyanite/noise/internal/infra/db/repository.go:1097.3,1097.40 1 0
github.com/Kyanite/noise/internal/infra/db/repository.go:1100.2,1100.34 1 0
github.com/Kyanite/noise/internal/infra/db/repository.go:1100.34,1102.3 1 0
github.com/Kyanite/noise/internal/infra/db/repository.go:1104.2,1104.22 1 0
github.com/Kyanite/noise/internal/infra/db/repository.go:1108.61,1113.16 4 1
github.com/Kyanite/noise/internal/infra/db/repository.go:1113.16,1115.3 1 0
github.com/Kyanite/noise/internal/infra/db/repository.go:1116.2,1116.15 1 1
github.com/Kyanite/noise/internal/infra/db/repository.go:1116.15,1117.17 1 1
github.com/Kyanite/noise/internal/infra/db/repository.go:1117.17,1118.17 1 0
github.com/Kyanite/noise/internal/infra/db/repository.go:1118.17,1120.5 1 0
github.com/Kyanite/noise/internal/infra/db/repository.go:1125.2,1126.16 2 1
github.com/Kyanite/noise/internal/infra/db/repository.go:1126.16,1128.3 1 0
github.com/Kyanite/noise/internal/infra/db/repository.go:1131.2,1131.37 1 1
github.com/Kyanite/noise/internal/infra/db/repository.go:1131.37,1132.19 1 0
github.com/Kyanite/noise/internal/infra/db/repository.go:1132.19,1134.83 1 0
github.com/Kyanite/noise/internal/infra/db/repository.go:1134.83,1136.5 1 0
github.com/Kyanite/noise/internal/infra/db/repository.go:1137.4,1137.14 1 0
github.com/Kyanite/noise/internal/infra/db/repository.go:1142.2,1145.57 2 1
github.com/Kyanite/noise/internal/infra/db/repository.go:1145.57,1147.3 1 0
github.com/Kyanite/noise/internal/infra/db/repository.go:1150.2,1150.68 1 1
github.com/Kyanite/noise/internal/infra/db/repository.go:1150.68,1152.3 1 0
github.com/Kyanite/noise/internal/infra/db/repository.go:1154.2,1155.12 2 1
github.com/Kyanite/noise/internal/infra/db/repository.go:1159.66,1162.16 2 0
github.com/Kyanite/noise/internal/infra/db/repository.go:1162.16,1164.3 1 0
github.com/Kyanite/noise/internal/infra/db/repository.go:1167.2,1167.37 1 0
github.com/Kyanite/noise/internal/infra/db/repository.go:1167.37,1168.19 1 0
github.com/Kyanite/noise/internal/infra/db/repository.go:1168.19,1170.4 1 0
github.com/Kyanite/noise/internal/infra/db/repository.go:1174.2,1177.34 2 0
github.com/Kyanite/noise/internal/infra/db/repository.go:1181.48,1182.16 1 1
github.com/Kyanite/noise/internal/infra/db/repository.go:1182.16,1184.3 1 0
github.com/Kyanite/noise/internal/infra/db/repository.go:1186.2,1201.44 3 1
github.com/Kyanite/noise/internal/infra/db/repository.go:1201.44,1202.40 1 1
github.com/Kyanite/noise/internal/infra/db/repository.go:1202.40,1204.4 1 0
github.com/Kyanite/noise/internal/infra/db/repository.go:1207.2,1207.14 1 1
github.com/Kyanite/noise/internal/infra/db/repository.go:1211.42,1212.20 1 1
github.com/Kyanite/noise/internal/infra/db/repository.go:1212.20,1214.3 1 0
github.com/Kyanite/noise/internal/infra/db/repository.go:1216.2,1219.49 3 1
github.com/Kyanite/noise/internal/infra/db/repository.go:1219.49,1221.3 1 1
github.com/Kyanite/noise/internal/infra/db/repository.go:1223.2,1223.12 1 1
github.com/Kyanite/noise/internal/infra/db/repository.go:1227.70,1228.48 1 1
github.com/Kyanite/noise/internal/infra/db/repository.go:1228.48,1230.3 1 0
github.com/Kyanite/noise/internal/infra/db/repository.go:1232.2,1233.16 2 1
github.com/Kyanite/noise/internal/infra/db/repository.go:1233.16,1235.3 1 0
github.com/Kyanite/noise/internal/infra/db/repository.go:1237.2,1237.16 1 1
github.com/Kyanite/noise/internal/infra/db/repository.go:1241.65,1242.15 1 1
github.com/Kyanite/noise/internal/infra/db/repository.go:1242.15,1244.3 1 0
github.com/Kyanite/noise/internal/infra/db/repository.go:1246.2,1246.38 1 1
github.com/Kyanite/noise/internal/infra/db/repository.go:1246.38,1248.3 1 0
github.com/Kyanite/noise/internal/infra/db/repository.go:1252.69,1253.15 1 1
github.com/Kyanite/noise/internal/infra/db/repository.go:1253.15,1255.3 1 0
github.com/Kyanite/noise/internal/infra/db/repository.go:1257.2,1257.36 1 1
github.com/Kyanite/noise/internal/infra/db/repository.go:1257.36,1259.3 1 0
github.com/Kyanite/noise/internal/infra/db/repository.go:1261.2,1261.12 1 1
github.com/Kyanite/noise/internal/infra/db/repository.go:1265.70,1266.16 1 0
github.com/Kyanite/noise/internal/infra/db/repository.go:1266.16,1268.3 1 0
github.com/Kyanite/noise/internal/infra/db/repository.go:1270.2,1275.9 3 0
github.com/Kyanite/noise/internal/infra/db/repository.go:1276.94,1277.113 1 0
github.com/Kyanite/noise/internal/infra/db/repository.go:1278.100,1279.113 1 0
github.com/Kyanite/noise/internal/infra/db/repository.go:1280.58,1281.119 1 0
github.com/Kyanite/noise/internal/infra/db/repository.go:1282.52,1283.114 1 0
github.com/Kyanite/noise/internal/infra/db/repository.go:1284.84,1285.114 1 0
github.com/Kyanite/noise/internal/infra/db/repository.go:1286.28,1287.105 1 0
github.com/Kyanite/noise/internal/infra/db/repository.go:1288.42,1289.113 1 0
github.com/Kyanite/noise/internal/infra/db/repository.go:1290.10,1291.15 1 0
github.com/Kyanite/noise/internal/infra/db/repository.go:1296.75,1314.16 6 1
github.com/Kyanite/noise/internal/infra/db/repository.go:1314.16,1315.27 1 0
github.com/Kyanite/noise/internal/infra/db/repository.go:1315.27,1317.4 1 0
github.com/Kyanite/noise/internal/infra/db/repository.go:1318.3,1318.47 1 0
github.com/Kyanite/noise/internal/infra/db/repository.go:1322.2,1323.16 2 1
github.com/Kyanite/noise/internal/infra/db/repository.go:1323.16,1325.3 1 0
github.com/Kyanite/noise/internal/infra/db/repository.go:1327.2,1327.22 1 1
github.com/Kyanite/noise/internal/infra/db/repository.go:1331.76,1333.16 2 1
github.com/Kyanite/noise/internal/infra/db/repository.go:1333.16,1335.3 1 0
github.com/Kyanite/noise/internal/infra/db/repository.go:1337.2,1349.16 3 1
github.com/Kyanite/noise/internal/infra/db/repository.go:1349.16,1351.3 1 0
github.com/Kyanite/noise/internal/infra/db/repository.go:1353.2,1353.12 1 1
github.com/Kyanite/noise/internal/infra/db/repository.go:1357.66,1362.16 4 1
github.com/Kyanite/noise/internal/infra/db/repository.go:1362.16,1364.3 1 0
github.com/Kyanite/noise/internal/infra/db/repository.go:1365.2,1365.15 1 1
github.com/Kyanite/noise/internal/infra/db/repository.go:1365.15,1366.17 1 1
github.com/Kyanite/noise/internal/infra/db/repository.go:1366.17,1367.17 1 0
github.com/Kyanite/noise/internal/infra/db/repository.go:1367.17,1369.5 1 0
github.com/Kyanite/noise/internal/infra/db/repository.go:1374.2,1375.16 2 1
github.com/Kyanite/noise/internal/infra/db/repository.go:1375.16,1377.3 1 0
github.com/Kyanite/noise/internal/infra/db/repository.go:1380.2,1381.37 2 1
github.com/Kyanite/noise/internal/infra/db/repository.go:1381.37,1382.19 1 1
github.com/Kyanite/noise/internal/infra/db/repository.go:1382.19,1385.9 3 1
github.com/Kyanite/noise/internal/infra/db/repository.go:1389.2,1389.14 1 1
github.com/Kyanite/noise/internal/infra/db/repository.go:1389.14,1391.87 1 0
github.com/Kyanite/noise/internal/infra/db/repository.go:1391.87,1393.4 1 0
github.com/Kyanite/noise/internal/infra/db/repository.go:1394.3,1394.13 1 0
github.com/Kyanite/noise/internal/infra/db/repository.go:1398.2,1398.57 1 1
github.com/Kyanite/noise/internal/infra/db/repository.go:1398.57,1400.3 1 0
github.com/Kyanite/noise/internal/infra/db/repository.go:1403.2,1403.73 1 1
github.com/Kyanite/noise/internal/infra/db/repository.go:1403.73,1405.3 1 0
github.com/Kyanite/noise/internal/infra/db/repository.go:1407.2,1408.12 2 1
github.com/Kyanite/noise/internal/infra/db/repository.go:1412.71,1415.16 2 0
github.com/Kyanite/noise/internal/infra/db/repository.go:1415.16,1417.3 1 0
github.com/Kyanite/noise/internal/infra/db/repository.go:1420.2,1420.37 1 0
github.com/Kyanite/noise/internal/infra/db/repository.go:1420.37,1421.19 1 0
github.com/Kyanite/noise/internal/infra/db/repository.go:1421.19,1423.9 2 0
github.com/Kyanite/noise/internal/infra/db/repository.go:1428.2,1428.34 1 0
github.com/Kyanite/noise/cmd/noise/main.go:24.13,27.16 2 0
github.com/Kyanite/noise/cmd/noise/main.go:27.16,30.3 2 0
github.com/Kyanite/noise/cmd/noise/main.go:33.2,34.16 2 0
github.com/Kyanite/noise/cmd/noise/main.go:34.16,37.3 2 0
github.com/Kyanite/noise/cmd/noise/main.go:40.2,41.16 2 0
github.com/Kyanite/noise/cmd/noise/main.go:41.16,44.3 2 0
github.com/Kyanite/noise/cmd/noise/main.go:46.2,54.27 5 0
github.com/Kyanite/noise/cmd/noise/main.go:54.27,56.17 2 0
github.com/Kyanite/noise/cmd/noise/main.go:56.17,58.22 2 0
github.com/Kyanite/noise/cmd/noise/main.go:58.22,61.5 2 0
github.com/Kyanite/noise/cmd/noise/main.go:62.9,64.4 1 0
github.com/Kyanite/noise/cmd/noise/main.go:65.8,67.3 1 0
github.com/Kyanite/noise/cmd/noise/main.go:70.2,71.52 2 0
github.com/Kyanite/noise/cmd/noise/main.go:71.52,73.3 1 0
github.com/Kyanite/noise/cmd/noise/main.go:73.8,75.3 1 0
github.com/Kyanite/noise/cmd/noise/main.go:78.2,81.24 2 0
github.com/Kyanite/noise/cmd/noise/main.go:81.24,83.3 1 0
github.com/Kyanite/noise/cmd/noise/main.go:86.2,93.15 2 0
github.com/Kyanite/noise/cmd/noise/main.go:93.15,94.22 1 0
github.com/Kyanite/noise/cmd/noise/main.go:94.22,95.43 1 0
github.com/Kyanite/noise/cmd/noise/main.go:95.43,97.5 1 0
github.com/Kyanite/noise/cmd/noise/main.go:99.3,99.44 1 0
github.com/Kyanite/noise/cmd/noise/main.go:103.2,104.35 2 0
github.com/Kyanite/noise/cmd/noise/main.go:104.35,107.3 2 0
github.com/Kyanite/noise/cmd/noise/main.go:111.48,117.34 2 0
github.com/Kyanite/noise/cmd/noise/main.go:117.34,118.14 1 0
github.com/Kyanite/noise/cmd/noise/main.go:119.26,121.14 2 0
github.com/Kyanite/noise/cmd/noise/main.go:122.23,124.14 2 0
github.com/Kyanite/noise/cmd/noise/main.go:125.18,127.40 1 0
github.com/Kyanite/noise/cmd/noise/main.go:128.16,136.59 2 0
github.com/Kyanite/noise/cmd/noise/main.go:136.59,139.5 2 0
github.com/Kyanite/noise/cmd/noise/main.go:140.4,140.27 1 0
github.com/Kyanite/noise/cmd/noise/main.go:141.11,142.30 1 0
github.com/Kyanite/noise/cmd/noise/main.go:142.30,145.5 1 0
github.com/Kyanite/noise/cmd/noise/main.go:149.2,149.25 1 0
github.com/Kyanite/noise/cmd/noise/main.go:153.28,155.2 1 0
github.com/Kyanite/noise/cmd/noise/main.go:158.18,184.2 25 0
github.com/Kyanite/noise/internal/data/chord_progressions.go:41.58,42.17 1 0
github.com/Kyanite/noise/internal/data/chord_progressions.go:42.17,46.3 1 0
github.com/Kyanite/noise/internal/data/chord_progressions.go:47.2,47.20 1 0
github.com/Kyanite/noise/internal/data/chord_progressions.go:51.61,56.21 3 0
github.com/Kyanite/noise/internal/data/chord_progressions.go:56.21,58.3 1 0
github.com/Kyanite/noise/internal/data/chord_progressions.go:61.2,62.16 2 0
github.com/Kyanite/noise/internal/data/chord_progressions.go:62.16,64.3 1 0
github.com/Kyanite/noise/internal/data/chord_progressions.go:67.2,68.63 2 0
github.com/Kyanite/noise/internal/data/chord_progressions.go:68.63,70.3 1 0
github.com/Kyanite/noise/internal/data/chord_progressions.go:72.2,75.12 3 0
github.com/Kyanite/noise/internal/data/chord_progressions.go:79.85,83.22 3 0
github.com/Kyanite/noise/internal/data/chord_progressions.go:83.22,84.48 1 0
github.com/Kyanite/noise/internal/data/chord_progressions.go:84.48,86.4 1 0
github.com/Kyanite/noise/internal/data/chord_progressions.go:89.2,89.35 1 0
github.com/Kyanite/noise/internal/data/chord_progressions.go:93.99,95.16 2 0
github.com/Kyanite/noise/internal/data/chord_progressions.go:95.16,97.3 1 0
github.com/Kyanite/noise/internal/data/chord_progressions.go:99.2,100.36 2 0
github.com/Kyanite/noise/internal/data/chord_progressions.go:100.36,101.24 1 0
github.com/Kyanite/noise/internal/data/chord_progressions.go:101.24,103.4 1 0
github.com/Kyanite/noise/internal/data/chord_progressions.go:106.2,106.22 1 0
github.com/Kyanite/noise/internal/data/chord_progressions.go:110.93,112.16 2 0
github.com/Kyanite/noise/internal/data/chord_progressions.go:112.16,114.3 1 0
github.com/Kyanite/noise/internal/data/chord_progressions.go:116.2,116.36 1 0
github.com/Kyanite/noise/internal/data/chord_progressions.go:116.36,117.20 1 0
github.com/Kyanite/noise/internal/data/chord_progressions.go:117.20,119.4 1 0
github.com/Kyanite/noise/internal/data/chord_progressions.go:122.2,122.72 1 0
github.com/Kyanite/noise/internal/data/chord_progressions.go:126.74,128.16 2 0
github.com/Kyanite/noise/internal/data/chord_progressions.go:128.16,130.3 1 0
github.com/Kyanite/noise/internal/data/chord_progressions.go:132.2,133.36 2 0
github.com/Kyanite/noise/internal/data/chord_progressions.go:133.36,135.3 1 0
github.com/Kyanite/noise/internal/data/chord_progressions.go:137.2,138.28 2 0
github.com/Kyanite/noise/internal/data/chord_progressions.go:138.28,140.3 1 0
github.com/Kyanite/noise/internal/data/chord_progressions.go:142.2,142.19 1 0
github.com/Kyanite/noise/internal/data/chord_progressions.go:146.61,151.2 4 0
github.com/Kyanite/noise/internal/data/chord_progressions.go:154.51,159.2 4 0
github.com/Kyanite/noise/internal/data/chord_progressions.go:162.34,164.75 1 0
github.com/Kyanite/noise/internal/data/chord_progressions.go:164.75,165.42 1 0
github.com/Kyanite/noise/internal/data/chord_progressions.go:165.42,167.4 1 0
github.com/Kyanite/noise/internal/data/chord_progressions.go:171.2,171.39 1 0
github.com/Kyanite/noise/internal/data/chord_progressions.go:177.60,179.2 1 0
github.com/Kyanite/noise/internal/data/chord_progressions.go:182.74,184.2 1 0
github.com/Kyanite/noise/internal/data/chord_progressions.go:187.68,189.2 1 0
github.com/Kyanite/noise/internal/data/chord_progressions.go:192.49,194.2 1 0
github.com/Kyanite/noise/internal/domain/quality.go:9.54,36.2 11 0
github.com/Kyanite/noise/internal/domain/quality.go:39.47,40.26 1 0
github.com/Kyanite/noise/internal/domain/quality.go:40.26,42.3 1 0
github.com/Kyanite/noise/internal/domain/quality.go:44.2,62.37 6 0
github.com/Kyanite/noise/internal/domain/quality.go:62.37,63.38 1 0
github.com/Kyanite/noise/internal/domain/quality.go:63.38,67.31 3 0
github.com/Kyanite/noise/internal/domain/quality.go:67.31,69.44 2 0
github.com/Kyanite/noise/internal/domain/quality.go:69.44,70.26 1 0
github.com/Kyanite/noise/internal/domain/quality.go:70.26,72.12 2 0
github.com/Kyanite/noise/internal/domain/quality.go:75.5,75.44 1 0
github.com/Kyanite/noise/internal/domain/quality.go:75.44,76.26 1 0
github.com/Kyanite/noise/internal/domain/quality.go:76.26,78.12 2 0
github.com/Kyanite/noise/internal/domain/quality.go:85.2,85.21 1 0
github.com/Kyanite/noise/internal/domain/quality.go:85.21,87.3 1 0
github.com/Kyanite/noise/internal/domain/quality.go:89.2,93.82 3 0
github.com/Kyanite/noise/internal/domain/quality.go:97.47,98.26 1 0
github.com/Kyanite/noise/internal/domain/quality.go:98.26,100.3 1 0
github.com/Kyanite/noise/internal/domain/quality.go:103.2,115.37 4 0
github.com/Kyanite/noise/internal/domain/quality.go:115.37,116.38 1 0
github.com/Kyanite/noise/internal/domain/quality.go:116.38,120.35 3 0
github.com/Kyanite/noise/internal/domain/quality.go:120.35,121.44 1 0
github.com/Kyanite/noise/internal/domain/quality.go:121.44,123.11 2 0
github.com/Kyanite/noise/internal/domain/quality.go:129.2,129.21 1 0
github.com/Kyanite/noise/internal/domain/quality.go:129.21,131.3 1 0
github.com/Kyanite/noise/internal/domain/quality.go:134.2,135.47 2 0
github.com/Kyanite/noise/internal/domain/quality.go:139.54,140.26 1 0
github.com/Kyanite/noise/internal/domain/quality.go:140.26,142.3 1 0
github.com/Kyanite/noise/internal/domain/quality.go:144.2,162.37 6 0
github.com/Kyanite/noise/internal/domain/quality.go:162.37,163.38 1 0
github.com/Kyanite/noise/internal/domain/quality.go:163.38,167.31 3 0
github.com/Kyanite/noise/internal/domain/quality.go:167.31,170.46 2 0
github.com/Kyanite/noise/internal/domain/quality.go:170.46,171.27 1 0
github.com/Kyanite/noise/internal/domain/quality.go:171.27,173.12 2 0
github.com/Kyanite/noise/internal/domain/quality.go:177.5,177.42 1 0
github.com/Kyanite/noise/internal/domain/quality.go:177.42,178.25 1 0
github.com/Kyanite/noise/internal/domain/quality.go:178.25,180.12 2 0
github.com/Kyanite/noise/internal/domain/quality.go:187.2,187.21 1 0
github.com/Kyanite/noise/internal/domain/quality.go:187.21,189.3 1 0
github.com/Kyanite/noise/internal/domain/quality.go:191.2,196.31 4 0
github.com/Kyanite/noise/internal/domain/quality.go:200.43,201.26 1 0
github.com/Kyanite/noise/internal/domain/quality.go:201.26,203.3 1 0
github.com/Kyanite/noise/internal/domain/quality.go:206.2,209.37 3 0
github.com/Kyanite/noise/internal/domain/quality.go:209.37,210.38 1 0
github.com/Kyanite/noise/internal/domain/quality.go:210.38,211.26 1 0
github.com/Kyanite/noise/internal/domain/quality.go:211.26,214.5 2 0
github.com/Kyanite/noise/internal/domain/quality.go:218.2,218.29 1 0
github.com/Kyanite/noise/internal/domain/quality.go:218.29,220.3 1 0
github.com/Kyanite/noise/internal/domain/quality.go:222.2,227.37 3 0
github.com/Kyanite/noise/internal/domain/quality.go:227.37,228.38 1 0
github.com/Kyanite/noise/internal/domain/quality.go:228.38,229.26 1 0
github.com/Kyanite/noise/internal/domain/quality.go:229.26,232.5 2 0
github.com/Kyanite/noise/internal/domain/quality.go:236.2,239.28 3 0
github.com/Kyanite/noise/internal/domain/quality.go:243.45,244.26 1 0
github.com/Kyanite/noise/internal/domain/quality.go:244.26,246.3 1 0
github.com/Kyanite/noise/internal/domain/quality.go:251.2,263.37 3 0
github.com/Kyanite/noise/internal/domain/quality.go:263.37,264.13 1 0
github.com/Kyanite/noise/internal/domain/quality.go:264.13,265.12 1 0
github.com/Kyanite/noise/internal/domain/quality.go:268.3,271.13 3 0
github.com/Kyanite/noise/internal/domain/quality.go:271.13,273.47 2 0
github.com/Kyanite/noise/internal/domain/quality.go:273.47,274.34 1 0
github.com/Kyanite/noise/internal/domain/quality.go:274.34,276.11 2 0
github.com/Kyanite/noise/internal/domain/quality.go:279.4,279.14 1 0
github.com/Kyanite/noise/internal/domain/quality.go:279.14,281.5 1 0
github.com/Kyanite/noise/internal/domain/quality.go:285.2,285.38 1 0
github.com/Kyanite/noise/internal/domain/quality.go:289.52,290.26 1 0
github.com/Kyanite/noise/internal/domain/quality.go:290.26,292.3 1 0
github.com/Kyanite/noise/internal/domain/quality.go:297.2,300.37 3 0
github.com/Kyanite/noise/internal/domain/quality.go:300.37,301.38 1 0
github.com/Kyanite/noise/internal/domain/quality.go:301.38,303.31 2 0
github.com/Kyanite/noise/internal/domain/quality.go:303.31,305.22 2 0
github.com/Kyanite/noise/internal/domain/quality.go:305.22,308.6 2 0
github.com/Kyanite/noise/internal/domain/quality.go:313.2,313.21 1 0
github.com/Kyanite/noise/internal/domain/quality.go:313.21,315.3 1 0
github.com/Kyanite/noise/internal/domain/quality.go:319.2,320.33 2 0
github.com/Kyanite/noise/internal/domain/quality.go:320.33,323.3 2 0
github.com/Kyanite/noise/internal/domain/quality.go:325.2,325.44 1 0
github.com/Kyanite/noise/internal/domain/quality.go:329.50,330.26 1 0
github.com/Kyanite/noise/internal/domain/quality.go:330.26,332.3 1 0
github.com/Kyanite/noise/internal/domain/quality.go:335.2,338.37 3 0
github.com/Kyanite/noise/internal/domain/quality.go:338.37,339.38 1 0
github.com/Kyanite/noise/internal/domain/quality.go:339.38,341.31 2 0
github.com/Kyanite/noise/internal/domain/quality.go:341.31,343.22 2 0
github.com/Kyanite/noise/internal/domain/quality.go:343.22,346.6 2 0
github.com/Kyanite/noise/internal/domain/quality.go:351.2,351.21 1 0
github.com/Kyanite/noise/internal/domain/quality.go:351.21,353.3 1 0
github.com/Kyanite/noise/internal/domain/quality.go:356.2,357.47 2 0
github.com/Kyanite/noise/internal/domain/quality.go:361.54,363.30 1 0
github.com/Kyanite/noise/internal/domain/quality.go:363.30,365.3 1 0
github.com/Kyanite/noise/internal/domain/quality.go:365.8,367.3 1 0
github.com/Kyanite/noise/internal/domain/quality.go:370.2,370.30 1 0
github.com/Kyanite/noise/internal/domain/quality.go:370.30,372.3 1 0
github.com/Kyanite/noise/internal/domain/quality.go:372.8,374.3 1 0
github.com/Kyanite/noise/internal/domain/quality.go:377.2,377.37 1 0
github.com/Kyanite/noise/internal/domain/quality.go:377.37,379.3 1 0
github.com/Kyanite/noise/internal/domain/quality.go:379.8,381.3 1 0
github.com/Kyanite/noise/internal/domain/quality.go:384.2,384.26 1 0
github.com/Kyanite/noise/internal/domain/quality.go:384.26,386.3 1 0
github.com/Kyanite/noise/internal/domain/quality.go:386.8,388.3 1 0
github.com/Kyanite/noise/internal/domain/quality.go:391.2,391.28 1 0
github.com/Kyanite/noise/internal/domain/quality.go:391.28,393.3 1 0
github.com/Kyanite/noise/internal/domain/quality.go:393.8,395.3 1 0
github.com/Kyanite/noise/internal/domain/quality.go:398.2,398.35 1 0
github.com/Kyanite/noise/internal/domain/quality.go:398.35,400.3 1 0
github.com/Kyanite/noise/internal/domain/quality.go:400.8,402.3 1 0
github.com/Kyanite/noise/internal/domain/quality.go:405.2,405.33 1 0
github.com/Kyanite/noise/internal/domain/quality.go:405.33,407.3 1 0
github.com/Kyanite/noise/internal/domain/quality.go:407.8,409.3 1 0
github.com/Kyanite/noise/internal/ui/dimension/dimension.go:25.55,26.21 1 0
github.com/Kyanite/noise/internal/ui/dimension/dimension.go:26.21,28.3 1 0
github.com/Kyanite/noise/internal/ui/dimension/dimension.go:29.2,29.22 1 0
github.com/Kyanite/noise/internal/ui/dimension/dimension.go:29.22,31.3 1 0
github.com/Kyanite/noise/internal/ui/dimension/dimension.go:36.42,37.28 1 0
github.com/Kyanite/noise/internal/ui/dimension/dimension.go:37.28,39.3 1 0
github.com/Kyanite/noise/internal/ui/dimension/dimension.go:40.2,40.28 1 0
github.com/Kyanite/noise/internal/ui/dimension/dimension.go:40.28,42.3 1 0
github.com/Kyanite/noise/internal/ui/dimension/dimension.go:43.2,43.14 1 0
github.com/Kyanite/noise/internal/ui/dimension/dimension.go:48.44,49.29 1 0
github.com/Kyanite/noise/internal/ui/dimension/dimension.go:49.29,51.3 1 0
github.com/Kyanite/noise/internal/ui/dimension/dimension.go:52.2,52.29 1 0
github.com/Kyanite/noise/internal/ui/dimension/dimension.go:52.29,54.3 1 0
github.com/Kyanite/noise/internal/ui/dimension/dimension.go:55.2,55.15 1 0
github.com/Kyanite/noise/internal/ui/dimension/dimension.go:60.63,64.2 3 0
github.com/Kyanite/noise/internal/ui/dimension/dimension.go:67.58,68.36 1 0
github.com/Kyanite/noise/internal/ui/dimension/dimension.go:68.36,70.3 1 0
github.com/Kyanite/noise/internal/ui/dimension/dimension.go:71.2,72.37 2 0
github.com/Kyanite/noise/internal/app/ai/archive/continuation_agent.go:17.48,19.2 1 0
github.com/Kyanite/noise/internal/app/ai/archive/continuation_agent.go:36.129,52.32 2 0
github.com/Kyanite/noise/internal/app/ai/archive/continuation_agent.go:52.32,55.3 2 0
github.com/Kyanite/noise/internal/app/ai/archive/continuation_agent.go:57.2,59.8 1 0
github.com/Kyanite/noise/internal/app/ai/archive/quality_agent.go:26.38,28.2 1 0
github.com/Kyanite/noise/internal/app/ai/archive/quality_agent.go:53.106,54.18 1 0
github.com/Kyanite/noise/internal/app/ai/archive/quality_agent.go:55.21,56.43 1 0
github.com/Kyanite/noise/internal/app/ai/archive/quality_agent.go:57.18,58.40 1 0
github.com/Kyanite/noise/internal/app/ai/archive/quality_agent.go:59.17,60.39 1 0
github.com/Kyanite/noise/internal/app/ai/archive/quality_agent.go:61.10,62.40 1 0
github.com/Kyanite/noise/internal/app/ai/archive/quality_agent.go:67.99,85.34 2 0
github.com/Kyanite/noise/internal/app/ai/archive/quality_agent.go:85.34,91.3 1 0
github.com/Kyanite/noise/internal/app/ai/archive/quality_agent.go:93.2,98.8 1 0
github.com/Kyanite/noise/internal/app/ai/archive/quality_agent.go:102.96,119.21 3 0
github.com/Kyanite/noise/internal/app/ai/archive/quality_agent.go:119.21,125.3 1 0
github.com/Kyanite/noise/internal/app/ai/archive/quality_agent.go:128.2,128.44 1 0
github.com/Kyanite/noise/internal/app/ai/archive/quality_agent.go:128.44,134.3 1 0
github.com/Kyanite/noise/internal/app/ai/archive/quality_agent.go:136.2,141.8 1 0
github.com/Kyanite/noise/internal/app/ai/archive/quality_agent.go:145.95,172.21 3 0
github.com/Kyanite/noise/internal/app/ai/archive/quality_agent.go:172.21,178.3 1 0
github.com/Kyanite/noise/internal/app/ai/archive/quality_agent.go:181.2,181.44 1 0
github.com/Kyanite/noise/internal/app/ai/archive/quality_agent.go:181.44,187.3 1 0
github.com/Kyanite/noise/internal/app/ai/archive/quality_agent.go:189.2,194.8 1 0
github.com/Kyanite/noise/internal/app/ai/archive/quality_agent.go:199.57,203.2 1 0
github.com/Kyanite/noise/internal/app/ai/archive/quality_agent.go:205.70,209.2 1 0
github.com/Kyanite/noise/internal/app/ai/archive/rapid_brainstorm_agent.go:17.54,19.2 1 0
github.com/Kyanite/noise/internal/app/ai/archive/rapid_brainstorm_agent.go:33.135,43.37 2 0
github.com/Kyanite/noise/internal/app/ai/archive/rapid_brainstorm_agent.go:43.37,45.3 1 0
github.com/Kyanite/noise/internal/app/ai/archive/rapid_brainstorm_agent.go:47.2,54.29 2 0
github.com/Kyanite/noise/internal/app/ai/archive/rapid_brainstorm_agent.go:54.29,56.3 1 0
github.com/Kyanite/noise/internal/app/ai/archive/rapid_brainstorm_agent.go:58.2,60.8 1 0
github.com/Kyanite/noise/internal/app/ai/archive/rapid_brainstorm_agent.go:64.110,72.2 1 0
github.com/Kyanite/noise/internal/app/ai/archive/variation_agent.go:17.42,19.2 1 0
github.com/Kyanite/noise/internal/app/ai/archive/variation_agent.go:36.117,52.26 2 0
github.com/Kyanite/noise/internal/app/ai/archive/variation_agent.go:52.26,53.25 1 0
github.com/Kyanite/noise/internal/app/ai/archive/variation_agent.go:54.24,55.73 1 0
github.com/Kyanite/noise/internal/app/ai/archive/variation_agent.go:56.24,57.73 1 0
github.com/Kyanite/noise/internal/app/ai/archive/variation_agent.go:58.24,59.73 1 0
github.com/Kyanite/noise/internal/app/ai/archive/variation_agent.go:63.2,66.8 1 0
github.com/Kyanite/noise/internal/logging/logger.go:33.35,34.11 1 0
github.com/Kyanite/noise/internal/logging/logger.go:35.13,36.17 1 0
github.com/Kyanite/noise/internal/logging/logger.go:37.12,38.16 1 0
github.com/Kyanite/noise/internal/logging/logger.go:39.12,40.16 1 0
github.com/Kyanite/noise/internal/logging/logger.go:41.13,42.17 1 0
github.com/Kyanite/noise/internal/logging/logger.go:43.13,44.17 1 0
github.com/Kyanite/noise/internal/logging/logger.go:45.10,46.19 1 0
github.com/Kyanite/noise/internal/logging/logger.go:67.30,74.2 1 0
github.com/Kyanite/noise/internal/logging/logger.go:77.40,81.23 2 0
github.com/Kyanite/noise/internal/logging/logger.go:81.23,83.51 2 0
github.com/Kyanite/noise/internal/logging/logger.go:83.51,85.4 1 0
github.com/Kyanite/noise/internal/logging/logger.go:87.3,88.17 2 0
github.com/Kyanite/noise/internal/logging/logger.go:88.17,90.4 1 0
github.com/Kyanite/noise/internal/logging/logger.go:93.3,93.44 1 0
github.com/Kyanite/noise/internal/logging/logger.go:96.2,103.20 2 0
github.com/Kyanite/noise/internal/logging/logger.go:107.63,119.17 5 0
github.com/Kyanite/noise/internal/logging/logger.go:119.17,121.3 1 0
github.com/Kyanite/noise/internal/logging/logger.go:121.8,121.27 1 0
github.com/Kyanite/noise/internal/logging/logger.go:121.27,123.3 1 0
github.com/Kyanite/noise/internal/logging/logger.go:126.2,127.25 2 0
github.com/Kyanite/noise/internal/logging/logger.go:127.25,129.3 1 0
github.com/Kyanite/noise/internal/logging/logger.go:131.2,138.17 2 0
github.com/Kyanite/noise/internal/logging/logger.go:142.43,143.32 1 0
github.com/Kyanite/noise/internal/logging/logger.go:144.15,145.15 1 0
github.com/Kyanite/noise/internal/logging/logger.go:146.14,147.14 1 0
github.com/Kyanite/noise/internal/logging/logger.go:148.25,149.14 1 0
github.com/Kyanite/noise/internal/logging/logger.go:150.15,151.15 1 0
github.com/Kyanite/noise/internal/logging/logger.go:152.15,153.15 1 0
github.com/Kyanite/noise/internal/logging/logger.go:154.10,155.14 1 0
github.com/Kyanite/noise/internal/logging/logger.go:160.43,162.2 1 0
github.com/Kyanite/noise/internal/logging/logger.go:165.43,167.2 1 0
github.com/Kyanite/noise/internal/logging/logger.go:170.42,171.22 1 0
github.com/Kyanite/noise/internal/logging/logger.go:171.22,173.3 1 0
github.com/Kyanite/noise/internal/logging/logger.go:177.58,178.22 1 0
github.com/Kyanite/noise/internal/logging/logger.go:178.22,180.3 1 0
github.com/Kyanite/noise/internal/logging/logger.go:184.41,185.21 1 0
github.com/Kyanite/noise/internal/logging/logger.go:185.21,187.3 1 0
github.com/Kyanite/noise/internal/logging/logger.go:191.57,192.21 1 0
github.com/Kyanite/noise/internal/logging/logger.go:192.21,194.3 1 0
github.com/Kyanite/noise/internal/logging/logger.go:198.41,199.21 1 0
github.com/Kyanite/noise/internal/logging/logger.go:199.21,201.3 1 0
github.com/Kyanite/noise/internal/logging/logger.go:205.57,206.21 1 0
github.com/Kyanite/noise/internal/logging/logger.go:206.21,208.3 1 0
github.com/Kyanite/noise/internal/logging/logger.go:212.42,213.22 1 0
github.com/Kyanite/noise/internal/logging/logger.go:213.22,215.3 1 0
github.com/Kyanite/noise/internal/logging/logger.go:219.58,220.22 1 0
github.com/Kyanite/noise/internal/logging/logger.go:220.22,222.3 1 0
github.com/Kyanite/noise/internal/logging/logger.go:226.42,227.22 1 0
github.com/Kyanite/noise/internal/logging/logger.go:227.22,229.3 1 0
github.com/Kyanite/noise/internal/logging/logger.go:230.2,230.12 1 0
github.com/Kyanite/noise/internal/logging/logger.go:234.58,235.22 1 0
github.com/Kyanite/noise/internal/logging/logger.go:235.22,237.3 1 0
github.com/Kyanite/noise/internal/logging/logger.go:238.2,238.12 1 0
github.com/Kyanite/noise/internal/logging/logger.go:242.56,246.18 3 0
github.com/Kyanite/noise/internal/logging/logger.go:246.18,249.3 2 0
github.com/Kyanite/noise/internal/logging/logger.go:249.8,251.3 1 0
github.com/Kyanite/noise/internal/logging/logger.go:253.2,254.25 2 0
github.com/Kyanite/noise/internal/logging/logger.go:258.72,262.18 3 0
github.com/Kyanite/noise/internal/logging/logger.go:262.18,265.3 2 0
github.com/Kyanite/noise/internal/logging/logger.go:265.8,267.3 1 0
github.com/Kyanite/noise/internal/logging/logger.go:269.2,270.25 2 0
github.com/Kyanite/noise/internal/logging/logger.go:274.44,276.9 2 0
github.com/Kyanite/noise/internal/logging/logger.go:276.9,278.3 1 0
github.com/Kyanite/noise/internal/logging/logger.go:281.2,282.20 2 0
github.com/Kyanite/noise/internal/logging/logger.go:282.20,284.3 1 0
github.com/Kyanite/noise/internal/logging/logger.go:286.2,286.19 1 0
github.com/Kyanite/noise/internal/logging/logger.go:293.13,296.16 3 0
github.com/Kyanite/noise/internal/logging/logger.go:296.16,302.3 1 0
github.com/Kyanite/noise/internal/logging/logger.go:302.8,304.3 1 0
github.com/Kyanite/noise/internal/logging/logger.go:308.39,310.2 1 0
github.com/Kyanite/noise/internal/logging/logger.go:313.33,315.2 1 0
github.com/Kyanite/noise/internal/logging/logger.go:318.26,319.26 1 0
github.com/Kyanite/noise/internal/logging/logger.go:319.26,321.3 1 0
github.com/Kyanite/noise/internal/logging/logger.go:322.2,322.37 1 0
github.com/Kyanite/noise/internal/logging/logger.go:328.30,330.2 1 0
github.com/Kyanite/noise/internal/logging/logger.go:333.46,335.2 1 0
github.com/Kyanite/noise/internal/logging/logger.go:338.29,340.2 1 0
github.com/Kyanite/noise/internal/logging/logger.go:343.45,345.2 1 0
github.com/Kyanite/noise/internal/logging/logger.go:348.29,350.2 1 0
github.com/Kyanite/noise/internal/logging/logger.go:353.45,355.2 1 0
github.com/Kyanite/noise/internal/logging/logger.go:358.30,360.2 1 0
github.com/Kyanite/noise/internal/logging/logger.go:363.46,365.2 1 0
github.com/Kyanite/noise/internal/logging/logger.go:368.30,370.2 1 0
github.com/Kyanite/noise/internal/logging/logger.go:373.46,375.2 1 0
github.com/Kyanite/noise/internal/errutil/errutil.go:11.46,12.16 1 0
github.com/Kyanite/noise/internal/errutil/errutil.go:12.16,14.3 1 0
github.com/Kyanite/noise/internal/errutil/errutil.go:16.2,17.14 2 0
github.com/Kyanite/noise/internal/errutil/errutil.go:17.14,19.3 1 0
github.com/Kyanite/noise/internal/errutil/errutil.go:21.2,21.45 1 0
github.com/Kyanite/noise/internal/errutil/errutil.go:26.51,27.16 1 0
github.com/Kyanite/noise/internal/errutil/errutil.go:27.16,29.3 1 0
github.com/Kyanite/noise/internal/errutil/errutil.go:31.2,32.15 2 0
github.com/Kyanite/noise/internal/errutil/errutil.go:32.15,34.3 1 0
github.com/Kyanite/noise/internal/errutil/errutil.go:36.2,36.39 1 0
github.com/Kyanite/noise/internal/errutil/errutil.go:41.65,42.16 1 0
github.com/Kyanite/noise/internal/errutil/errutil.go:42.16,44.3 1 0
github.com/Kyanite/noise/internal/errutil/errutil.go:46.2,46.55 1 0
github.com/Kyanite/noise/internal/errutil/errutil.go:50.37,52.21 2 0
github.com/Kyanite/noise/internal/errutil/errutil.go:52.21,54.3 1 0
github.com/Kyanite/noise/internal/errutil/errutil.go:56.2,56.55 1 0
github.com/Kyanite/noise/internal/errutil/errutil.go:60.32,62.27 2 0
github.com/Kyanite/noise/internal/errutil/errutil.go:62.27,63.17 1 0
github.com/Kyanite/noise/internal/errutil/errutil.go:63.17,65.4 1 0
github.com/Kyanite/noise/internal/errutil/errutil.go:68.2,68.23 1 0
github.com/Kyanite/noise/internal/errutil/errutil.go:69.9,70.13 1 0
github.com/Kyanite/noise/internal/errutil/errutil.go:71.9,72.21 1 0
github.com/Kyanite/noise/internal/errutil/errutil.go:73.10,74.34 1 0
github.com/Kyanite/noise/internal/infra/files/files.go:67.43,68.26 1 0
github.com/Kyanite/noise/internal/infra/files/files.go:68.26,70.3 1 0
github.com/Kyanite/noise/internal/infra/files/files.go:73.2,73.59 1 0
github.com/Kyanite/noise/internal/infra/files/files.go:73.59,75.3 1 0
github.com/Kyanite/noise/internal/infra/files/files.go:78.2,78.34 1 0
github.com/Kyanite/noise/internal/infra/files/files.go:78.34,80.3 1 0
github.com/Kyanite/noise/internal/infra/files/files.go:81.2,81.29 1 0
github.com/Kyanite/noise/internal/infra/files/files.go:81.29,83.3 1 0
github.com/Kyanite/noise/internal/infra/files/files.go:85.2,89.8 1 0
github.com/Kyanite/noise/internal/infra/files/files.go:93.34,95.16 2 0
github.com/Kyanite/noise/internal/infra/files/files.go:95.16,97.3 1 0
github.com/Kyanite/noise/internal/infra/files/files.go:98.2,98.50 1 0
github.com/Kyanite/noise/internal/infra/files/files.go:102.67,104.20 1 0
github.com/Kyanite/noise/internal/infra/files/files.go:104.20,106.3 1 0
github.com/Kyanite/noise/internal/infra/files/files.go:109.2,112.53 2 0
github.com/Kyanite/noise/internal/infra/files/files.go:112.53,114.3 1 0
github.com/Kyanite/noise/internal/infra/files/files.go:117.2,119.16 3 0
github.com/Kyanite/noise/internal/infra/files/files.go:119.16,121.3 1 0
github.com/Kyanite/noise/internal/infra/files/files.go:123.2,123.35 1 0
github.com/Kyanite/noise/internal/infra/files/files.go:123.35,126.3 1 0
github.com/Kyanite/noise/internal/infra/files/files.go:128.2,129.16 2 0
github.com/Kyanite/noise/internal/infra/files/files.go:129.16,131.3 1 0
github.com/Kyanite/noise/internal/infra/files/files.go:134.2,135.16 2 0
github.com/Kyanite/noise/internal/infra/files/files.go:135.16,137.3 1 0
github.com/Kyanite/noise/internal/infra/files/files.go:140.2,140.52 1 0
github.com/Kyanite/noise/internal/infra/files/files.go:140.52,142.3 1 0
github.com/Kyanite/noise/internal/infra/files/files.go:144.2,144.18 1 0
github.com/Kyanite/noise/internal/infra/files/files.go:148.71,149.17 1 0
github.com/Kyanite/noise/internal/infra/files/files.go:149.17,151.3 1 0
github.com/Kyanite/noise/internal/infra/files/files.go:153.2,153.20 1 0
github.com/Kyanite/noise/internal/infra/files/files.go:153.20,155.3 1 0
github.com/Kyanite/noise/internal/infra/files/files.go:158.2,162.48 3 0
github.com/Kyanite/noise/internal/infra/files/files.go:162.48,164.3 1 0
github.com/Kyanite/noise/internal/infra/files/files.go:167.2,168.38 2 0
github.com/Kyanite/noise/internal/infra/files/files.go:168.38,171.17 3 0
github.com/Kyanite/noise/internal/infra/files/files.go:171.17,173.4 1 0
github.com/Kyanite/noise/internal/infra/files/files.go:174.8,174.66 1 0
github.com/Kyanite/noise/internal/infra/files/files.go:174.66,177.17 2 0
github.com/Kyanite/noise/internal/infra/files/files.go:177.17,179.4 1 0
github.com/Kyanite/noise/internal/infra/files/files.go:181.3,186.29 6 0
github.com/Kyanite/noise/internal/infra/files/files.go:190.2,190.33 1 0
github.com/Kyanite/noise/internal/infra/files/files.go:190.33,193.3 1 0
github.com/Kyanite/noise/internal/infra/files/files.go:195.2,195.71 1 0
github.com/Kyanite/noise/internal/infra/files/files.go:195.71,197.3 1 0
github.com/Kyanite/noise/internal/infra/files/files.go:200.2,200.52 1 0
github.com/Kyanite/noise/internal/infra/files/files.go:200.52,202.3 1 0
github.com/Kyanite/noise/internal/infra/files/files.go:205.2,207.12 2 0
github.com/Kyanite/noise/internal/infra/files/files.go:211.53,212.20 1 0
github.com/Kyanite/noise/internal/infra/files/files.go:212.20,214.3 1 0
github.com/Kyanite/noise/internal/infra/files/files.go:216.2,219.53 2 0
github.com/Kyanite/noise/internal/infra/files/files.go:219.53,221.3 1 0
github.com/Kyanite/noise/internal/infra/files/files.go:224.2,227.44 2 0
github.com/Kyanite/noise/internal/infra/files/files.go:227.44,229.3 1 0
github.com/Kyanite/noise/internal/infra/files/files.go:232.2,234.12 2 0
github.com/Kyanite/noise/internal/infra/files/files.go:238.49,241.94 2 0
github.com/Kyanite/noise/internal/infra/files/files.go:241.94,242.17 1 0
github.com/Kyanite/noise/internal/infra/files/files.go:242.17,244.4 1 0
github.com/Kyanite/noise/internal/infra/files/files.go:247.3,247.71 1 0
github.com/Kyanite/noise/internal/infra/files/files.go:247.71,250.18 2 0
github.com/Kyanite/noise/internal/infra/files/files.go:250.18,252.5 1 0
github.com/Kyanite/noise/internal/infra/files/files.go:253.4,253.34 1 0
github.com/Kyanite/noise/internal/infra/files/files.go:256.3,256.13 1 0
github.com/Kyanite/noise/internal/infra/files/files.go:259.2,259.16 1 0
github.com/Kyanite/noise/internal/infra/files/files.go:259.16,261.3 1 0
github.com/Kyanite/noise/internal/infra/files/files.go:263.2,263.19 1 0
github.com/Kyanite/noise/internal/infra/files/files.go:267.73,268.20 1 0
github.com/Kyanite/noise/internal/infra/files/files.go:268.20,270.3 1 0
github.com/Kyanite/noise/internal/infra/files/files.go:271.2,271.20 1 0
github.com/Kyanite/noise/internal/infra/files/files.go:271.20,273.3 1 0
github.com/Kyanite/noise/internal/infra/files/files.go:275.2,281.12 5 0
github.com/Kyanite/noise/internal/infra/files/files.go:285.75,286.20 1 0
github.com/Kyanite/noise/internal/infra/files/files.go:286.20,288.3 1 0
github.com/Kyanite/noise/internal/infra/files/files.go:290.2,296.29 5 0
github.com/Kyanite/noise/internal/infra/files/files.go:296.29,297.19 1 0
github.com/Kyanite/noise/internal/infra/files/files.go:297.19,299.9 2 0
github.com/Kyanite/noise/internal/infra/files/files.go:303.2,303.12 1 0
github.com/Kyanite/noise/internal/infra/files/files.go:307.51,308.26 1 0
github.com/Kyanite/noise/internal/infra/files/files.go:308.26,310.3 1 0
github.com/Kyanite/noise/internal/infra/files/files.go:311.2,311.46 1 0
github.com/Kyanite/noise/internal/infra/files/files.go:315.109,326.2 3 0
github.com/Kyanite/noise/internal/infra/files/files.go:329.52,334.2 3 0
github.com/Kyanite/noise/internal/infra/files/files.go:337.68,342.35 4 0
github.com/Kyanite/noise/internal/infra/files/files.go:342.35,344.26 1 0
github.com/Kyanite/noise/internal/infra/files/files.go:344.26,345.16 1 0
github.com/Kyanite/noise/internal/infra/files/files.go:345.16,347.5 1 0
github.com/Kyanite/noise/internal/infra/files/files.go:353.70,359.2 4 0
github.com/Kyanite/noise/internal/infra/files/files.go:362.32,367.2 3 0
github.com/Kyanite/noise/internal/infra/files/files.go:370.33,379.2 5 0
github.com/Kyanite/noise/internal/infra/files/files.go:382.84,385.16 2 0
github.com/Kyanite/noise/internal/infra/files/files.go:385.16,387.3 1 0
github.com/Kyanite/noise/internal/infra/files/files.go:390.2,391.23 2 0
github.com/Kyanite/noise/internal/infra/files/files.go:391.23,392.72 1 0
github.com/Kyanite/noise/internal/infra/files/files.go:392.72,394.4 1 0
github.com/Kyanite/noise/internal/infra/files/files.go:398.2,398.33 1 0
github.com/Kyanite/noise/internal/infra/files/files.go:398.33,400.3 1 0
github.com/Kyanite/noise/internal/infra/files/files.go:401.2,401.33 1 0
github.com/Kyanite/noise/internal/infra/files/files.go:401.33,403.3 1 0
github.com/Kyanite/noise/internal/infra/files/files.go:406.2,410.16 3 0
github.com/Kyanite/noise/internal/infra/files/files.go:410.16,412.3 1 0
github.com/Kyanite/noise/internal/infra/files/files.go:414.2,419.8 1 0
github.com/Kyanite/noise/internal/infra/files/files.go:423.92,425.21 2 0
github.com/Kyanite/noise/internal/infra/files/files.go:425.21,427.3 1 0
github.com/Kyanite/noise/internal/infra/files/files.go:430.2,430.59 1 0
github.com/Kyanite/noise/internal/infra/files/files.go:430.59,432.3 1 0
github.com/Kyanite/noise/internal/infra/files/files.go:435.2,436.34 2 0
github.com/Kyanite/noise/internal/infra/files/files.go:436.34,437.41 1 0
github.com/Kyanite/noise/internal/infra/files/files.go:437.41,439.9 2 0
github.com/Kyanite/noise/internal/infra/files/files.go:443.2,443.19 1 0
github.com/Kyanite/noise/internal/infra/files/files.go:443.19,446.3 1 0
github.com/Kyanite/noise/internal/infra/files/files.go:449.2,452.31 3 0
github.com/Kyanite/noise/internal/infra/files/files.go:456.66,457.19 1 0
github.com/Kyanite/noise/internal/infra/files/files.go:457.19,459.3 1 0
github.com/Kyanite/noise/internal/infra/files/files.go:465.2,468.29 3 0
github.com/Kyanite/noise/internal/infra/files/files.go:468.29,470.17 2 0
github.com/Kyanite/noise/internal/infra/files/files.go:470.17,471.12 1 0
github.com/Kyanite/noise/internal/infra/files/files.go:475.3,477.30 3 0
github.com/Kyanite/noise/internal/infra/files/files.go:477.30,479.4 1 0
github.com/Kyanite/noise/internal/infra/files/files.go:481.3,484.5 1 0
github.com/Kyanite/noise/internal/infra/files/files.go:487.2,487.28 1 0
github.com/Kyanite/noise/internal/infra/files/files.go:487.28,489.3 1 0
github.com/Kyanite/noise/internal/infra/files/files.go:491.2,497.3 1 0
github.com/Kyanite/noise/internal/infra/files/files.go:501.54,508.28 5 0
github.com/Kyanite/noise/internal/infra/files/files.go:508.28,510.31 2 0
github.com/Kyanite/noise/internal/infra/files/files.go:510.31,512.4 1 0
github.com/Kyanite/noise/internal/infra/files/files.go:513.3,513.25 1 0
github.com/Kyanite/noise/internal/infra/files/files.go:517.2,517.51 1 0
github.com/Kyanite/noise/internal/infra/files/files.go:517.51,519.3 1 0
github.com/Kyanite/noise/internal/infra/files/files.go:522.2,522.16 1 0
github.com/Kyanite/noise/internal/infra/files/files.go:522.16,524.3 1 0
github.com/Kyanite/noise/internal/infra/files/files.go:526.2,526.14 1 0
github.com/Kyanite/noise/internal/infra/files/files.go:530.68,537.16 4 0
github.com/Kyanite/noise/internal/infra/files/files.go:537.16,539.3 1 0
github.com/Kyanite/noise/internal/infra/files/files.go:541.2,545.40 3 0
github.com/Kyanite/noise/internal/infra/files/files.go:545.40,554.38 6 0
github.com/Kyanite/noise/internal/infra/files/files.go:554.38,557.4 2 0
github.com/Kyanite/noise/internal/infra/files/files.go:558.3,558.27 1 0
github.com/Kyanite/noise/internal/infra/files/files.go:561.2,561.29 1 0
github.com/Kyanite/noise/internal/infra/files/repository.go:40.67,42.2 1 0
github.com/Kyanite/noise/internal/infra/files/repository.go:45.76,47.2 1 0
github.com/Kyanite/noise/internal/infra/files/repository.go:50.75,52.2 1 0
github.com/Kyanite/noise/internal/infra/files/repository.go:55.57,57.2 1 0
github.com/Kyanite/noise/internal/infra/files/repository.go:60.53,62.2 1 0
github.com/Kyanite/noise/internal/infra/files/repository.go:65.61,69.53 2 0
github.com/Kyanite/noise/internal/infra/files/repository.go:69.53,71.3 1 0
github.com/Kyanite/noise/internal/infra/files/repository.go:71.8,71.23 1 0
github.com/Kyanite/noise/internal/infra/files/repository.go:71.23,73.3 1 0
github.com/Kyanite/noise/internal/infra/files/repository.go:75.2,75.18 1 0
github.com/Kyanite/noise/internal/infra/files/repository.go:79.55,83.53 2 0
github.com/Kyanite/noise/internal/infra/files/repository.go:83.53,85.3 1 0
github.com/Kyanite/noise/internal/infra/files/repository.go:88.2,92.16 3 0
github.com/Kyanite/noise/internal/infra/files/repository.go:92.16,94.3 1 0
github.com/Kyanite/noise/internal/infra/files/repository.go:96.2,96.65 1 0
github.com/Kyanite/noise/internal/infra/files/repository.go:96.65,98.3 1 0
github.com/Kyanite/noise/internal/infra/files/repository.go:100.2,100.12 1 0
github.com/Kyanite/noise/internal/infra/files/repository.go:104.68,109.59 3 0
github.com/Kyanite/noise/internal/infra/files/repository.go:109.59,111.3 1 0
github.com/Kyanite/noise/internal/infra/files/repository.go:114.2,115.16 2 0
github.com/Kyanite/noise/internal/infra/files/repository.go:115.16,117.3 1 0
github.com/Kyanite/noise/internal/infra/files/repository.go:119.2,119.63 1 0
github.com/Kyanite/noise/internal/infra/files/repository.go:119.63,121.3 1 0
github.com/Kyanite/noise/internal/infra/files/repository.go:123.2,123.12 1 0
github.com/Kyanite/noise/internal/infra/files/repository.go:127.67,131.24 3 0
github.com/Kyanite/noise/internal/infra/files/repository.go:131.24,137.3 1 0
github.com/Kyanite/noise/internal/infra/files/repository.go:138.2,138.16 1 0
github.com/Kyanite/noise/internal/infra/files/repository.go:138.16,140.3 1 0
github.com/Kyanite/noise/internal/infra/files/repository.go:143.2,144.55 2 0
github.com/Kyanite/noise/internal/infra/files/repository.go:144.55,146.74 1 0
github.com/Kyanite/noise/internal/infra/files/repository.go:146.74,148.4 1 0
github.com/Kyanite/noise/internal/infra/files/repository.go:149.8,151.3 1 0
github.com/Kyanite/noise/internal/infra/files/repository.go:153.2,159.8 1 0
github.com/Kyanite/noise/internal/pattern/ast.go:34.27,34.28 0 0
github.com/Kyanite/noise/internal/pattern/ast.go:35.35,37.33 2 0
github.com/Kyanite/noise/internal/pattern/ast.go:37.33,39.3 1 0
github.com/Kyanite/noise/internal/pattern/ast.go:40.2,40.21 1 0
github.com/Kyanite/noise/internal/pattern/ast.go:42.34,43.27 1 0
github.com/Kyanite/noise/internal/pattern/ast.go:43.27,45.3 1 0
github.com/Kyanite/noise/internal/pattern/ast.go:46.2,46.19 1 0
github.com/Kyanite/noise/internal/pattern/ast.go:56.46,56.47 0 0
github.com/Kyanite/noise/internal/pattern/ast.go:57.46,57.47 0 0
github.com/Kyanite/noise/internal/pattern/ast.go:58.45,60.2 1 0
github.com/Kyanite/noise/internal/pattern/ast.go:61.44,61.66 1 0
github.com/Kyanite/noise/internal/pattern/ast.go:69.49,69.50 0 0
github.com/Kyanite/noise/internal/pattern/ast.go:70.49,70.50 0 0
github.com/Kyanite/noise/internal/pattern/ast.go:71.47,73.30 2 0
github.com/Kyanite/noise/internal/pattern/ast.go:73.30,75.3 1 0
github.com/Kyanite/noise/internal/pattern/ast.go:76.2,76.47 1 0
github.com/Kyanite/noise/internal/pattern/ast.go:78.46,78.68 1 0
github.com/Kyanite/noise/internal/pattern/ast.go:86.48,86.49 0 0
github.com/Kyanite/noise/internal/pattern/ast.go:87.48,87.49 0 0
github.com/Kyanite/noise/internal/pattern/ast.go:88.46,89.30 1 0
github.com/Kyanite/noise/internal/pattern/ast.go:90.19,91.36 1 0
github.com/Kyanite/noise/internal/pattern/ast.go:92.19,93.38 1 0
github.com/Kyanite/noise/internal/pattern/ast.go:94.19,95.37 1 0
github.com/Kyanite/noise/internal/pattern/ast.go:96.17,97.63 1 0
github.com/Kyanite/noise/internal/pattern/ast.go:98.17,99.13 1 0
github.com/Kyanite/noise/internal/pattern/ast.go:100.10,101.13 1 0
github.com/Kyanite/noise/internal/pattern/ast.go:104.45,104.67 1 0
github.com/Kyanite/noise/internal/pattern/ast.go:113.54,113.55 0 0
github.com/Kyanite/noise/internal/pattern/ast.go:114.54,114.55 0 0
github.com/Kyanite/noise/internal/pattern/ast.go:115.52,117.36 2 0
github.com/Kyanite/noise/internal/pattern/ast.go:117.36,119.3 1 0
github.com/Kyanite/noise/internal/pattern/ast.go:120.2,120.56 1 0
github.com/Kyanite/noise/internal/pattern/ast.go:122.51,122.74 1 0
github.com/Kyanite/noise/internal/pattern/ast.go:132.47,132.48 0 0
github.com/Kyanite/noise/internal/pattern/ast.go:133.47,133.48 0 0
github.com/Kyanite/noise/internal/pattern/ast.go:134.45,136.2 1 0
github.com/Kyanite/noise/internal/pattern/ast.go:137.44,137.66 1 0
github.com/Kyanite/noise/internal/pattern/ast.go:146.46,146.47 0 0
github.com/Kyanite/noise/internal/pattern/ast.go:147.46,147.47 0 0
github.com/Kyanite/noise/internal/pattern/ast.go:148.44,150.2 1 0
github.com/Kyanite/noise/internal/pattern/ast.go:151.43,151.65 1 0
github.com/Kyanite/noise/internal/pattern/ast.go:159.46,159.47 0 0
github.com/Kyanite/noise/internal/pattern/ast.go:160.46,160.47 0 0
github.com/Kyanite/noise/internal/pattern/ast.go:161.44,163.2 1 0
github.com/Kyanite/noise/internal/pattern/ast.go:164.43,164.65 1 0
github.com/Kyanite/noise/internal/pattern/ast.go:173.50,173.51 0 0
github.com/Kyanite/noise/internal/pattern/ast.go:174.50,174.51 0 0
github.com/Kyanite/noise/internal/pattern/ast.go:175.48,177.2 1 0
github.com/Kyanite/noise/internal/pattern/ast.go:178.47,178.69 1 0
github.com/Kyanite/noise/internal/pattern/ast.go:188.49,188.50 0 0
github.com/Kyanite/noise/internal/pattern/ast.go:189.49,189.50 0 0
github.com/Kyanite/noise/internal/pattern/ast.go:190.47,192.35 2 0
github.com/Kyanite/noise/internal/pattern/ast.go:192.35,194.3 1 0
github.com/Kyanite/noise/internal/pattern/ast.go:195.2,195.19 1 0
github.com/Kyanite/noise/internal/pattern/ast.go:195.19,197.3 1 0
github.com/Kyanite/noise/internal/pattern/ast.go:198.2,198.45 1 0
github.com/Kyanite/noise/internal/pattern/ast.go:200.46,200.68 1 0
github.com/Kyanite/noise/internal/pattern/ast.go:209.45,209.46 0 0
github.com/Kyanite/noise/internal/pattern/ast.go:210.45,210.46 0 0
github.com/Kyanite/noise/internal/pattern/ast.go:211.43,213.2 1 0
github.com/Kyanite/noise/internal/pattern/ast.go:214.42,214.64 1 0
github.com/Kyanite/noise/internal/pattern/ast.go:224.46,224.47 0 0
github.com/Kyanite/noise/internal/pattern/ast.go:225.46,225.47 0 0
github.com/Kyanite/noise/internal/pattern/ast.go:226.44,227.20 1 0
github.com/Kyanite/noise/internal/pattern/ast.go:227.20,229.3 1 0
github.com/Kyanite/noise/internal/pattern/ast.go:230.2,230.51 1 0
github.com/Kyanite/noise/internal/pattern/ast.go:232.43,232.65 1 0
github.com/Kyanite/noise/internal/pattern/ast.go:240.45,240.46 0 0
github.com/Kyanite/noise/internal/pattern/ast.go:241.45,241.46 0 0
github.com/Kyanite/noise/internal/pattern/ast.go:242.43,244.33 2 0
github.com/Kyanite/noise/internal/pattern/ast.go:244.33,246.3 1 0
github.com/Kyanite/noise/internal/pattern/ast.go:247.2,247.49 1 0
github.com/Kyanite/noise/internal/pattern/ast.go:249.42,249.64 1 0
github.com/Kyanite/noise/internal/pattern/ast.go:257.47,257.48 0 0
github.com/Kyanite/noise/internal/pattern/ast.go:258.47,258.48 0 0
github.com/Kyanite/noise/internal/pattern/ast.go:259.45,261.34 2 0
github.com/Kyanite/noise/internal/pattern/ast.go:261.34,263.3 1 0
github.com/Kyanite/noise/internal/pattern/ast.go:264.2,264.47 1 0
github.com/Kyanite/noise/internal/pattern/ast.go:266.44,266.66 1 0
github.com/Kyanite/noise/internal/pattern/ast.go:275.46,275.47 0 0
github.com/Kyanite/noise/internal/pattern/ast.go:276.46,276.47 0 0
github.com/Kyanite/noise/internal/pattern/ast.go:277.44,279.2 1 0
github.com/Kyanite/noise/internal/pattern/ast.go:280.43,280.65 1 0
github.com/Kyanite/noise/internal/pattern/ast.go:289.49,289.50 0 0
github.com/Kyanite/noise/internal/pattern/ast.go:290.49,290.50 0 0
github.com/Kyanite/noise/internal/pattern/ast.go:291.47,293.2 1 0
github.com/Kyanite/noise/internal/pattern/ast.go:294.46,294.68 1 0
github.com/Kyanite/noise/internal/pattern/ast.go:306.50,308.2 1 0
github.com/Kyanite/noise/internal/pattern/ast.go:310.49,312.2 1 0
github.com/Kyanite/noise/internal/pattern/ast.go:314.50,315.26 1 0
github.com/Kyanite/noise/internal/pattern/ast.go:316.16,317.27 1 0
github.com/Kyanite/noise/internal/pattern/ast.go:318.25,319.36 1 0
github.com/Kyanite/noise/internal/pattern/ast.go:320.27,321.38 1 0
github.com/Kyanite/noise/internal/pattern/ast.go:322.26,323.37 1 0
github.com/Kyanite/noise/internal/pattern/ast.go:324.31,325.42 1 0
github.com/Kyanite/noise/internal/pattern/ast.go:326.25,327.36 1 0
github.com/Kyanite/noise/internal/pattern/ast.go:328.24,329.35 1 0
github.com/Kyanite/noise/internal/pattern/ast.go:330.24,331.35 1 0
github.com/Kyanite/noise/internal/pattern/ast.go:332.28,333.39 1 0
github.com/Kyanite/noise/internal/pattern/ast.go:334.27,335.38 1 0
github.com/Kyanite/noise/internal/pattern/ast.go:336.23,337.34 1 0
github.com/Kyanite/noise/internal/pattern/ast.go:338.24,339.35 1 0
github.com/Kyanite/noise/internal/pattern/ast.go:340.23,341.34 1 0
github.com/Kyanite/noise/internal/pattern/ast.go:342.25,343.36 1 0
github.com/Kyanite/noise/internal/pattern/ast.go:344.24,345.35 1 0
github.com/Kyanite/noise/internal/pattern/ast.go:346.27,347.38 1 0
github.com/Kyanite/noise/internal/pattern/ast.go:348.10,349.31 1 0
github.com/Kyanite/noise/internal/pattern/ast.go:353.61,354.39 1 0
github.com/Kyanite/noise/internal/pattern/ast.go:354.39,356.3 1 0
github.com/Kyanite/noise/internal/pattern/ast.go:357.2,357.30 1 0
github.com/Kyanite/noise/internal/pattern/ast.go:360.79,363.2 2 0
github.com/Kyanite/noise/internal/pattern/ast.go:365.83,366.36 1 0
github.com/Kyanite/noise/internal/pattern/ast.go:366.36,368.3 1 0
github.com/Kyanite/noise/internal/pattern/ast.go:369.2,369.30 1 0
github.com/Kyanite/noise/internal/pattern/ast.go:372.81,374.2 1 0
github.com/Kyanite/noise/internal/pattern/ast.go:376.91,377.37 1 0
github.com/Kyanite/noise/internal/pattern/ast.go:377.37,379.3 1 0
github.com/Kyanite/noise/internal/pattern/ast.go:380.2,380.30 1 0
github.com/Kyanite/noise/internal/pattern/ast.go:383.79,387.2 3 0
github.com/Kyanite/noise/internal/pattern/ast.go:389.77,392.2 2 0
github.com/Kyanite/noise/internal/pattern/ast.go:394.77,397.2 2 0
github.com/Kyanite/noise/internal/pattern/ast.go:399.85,402.2 2 0
github.com/Kyanite/noise/internal/pattern/ast.go:404.83,406.37 2 0
github.com/Kyanite/noise/internal/pattern/ast.go:406.37,408.3 1 0
github.com/Kyanite/noise/internal/pattern/ast.go:409.2,409.30 1 0
github.com/Kyanite/noise/internal/pattern/ast.go:412.75,415.2 2 0
github.com/Kyanite/noise/internal/pattern/ast.go:417.77,420.22 3 0
github.com/Kyanite/noise/internal/pattern/ast.go:420.22,422.3 1 0
github.com/Kyanite/noise/internal/pattern/ast.go:423.2,423.30 1 0
github.com/Kyanite/noise/internal/pattern/ast.go:426.75,427.40 1 0
github.com/Kyanite/noise/internal/pattern/ast.go:427.40,429.3 1 0
github.com/Kyanite/noise/internal/pattern/ast.go:430.2,430.30 1 0
github.com/Kyanite/noise/internal/pattern/ast.go:433.79,434.36 1 0
github.com/Kyanite/noise/internal/pattern/ast.go:434.36,436.3 1 0
github.com/Kyanite/noise/internal/pattern/ast.go:437.2,437.30 1 0
github.com/Kyanite/noise/internal/pattern/ast.go:440.77,444.2 3 0
github.com/Kyanite/noise/internal/pattern/ast.go:446.83,449.2 2 0
github.com/Kyanite/noise/internal/pattern/ast.go:456.34,458.2 1 0
github.com/Kyanite/noise/internal/pattern/ast.go:460.51,461.29 1 0
github.com/Kyanite/noise/internal/pattern/ast.go:461.29,463.3 1 0
github.com/Kyanite/noise/internal/pattern/ast.go:464.2,466.15 3 0
github.com/Kyanite/noise/internal/pattern/ast.go:466.15,466.29 1 0
github.com/Kyanite/noise/internal/pattern/ast.go:467.2,467.12 1 0
github.com/Kyanite/noise/internal/pattern/ast.go:470.44,471.19 1 0
github.com/Kyanite/noise/internal/pattern/ast.go:471.19,473.3 1 0
github.com/Kyanite/noise/internal/pattern/ast.go:474.2,475.32 2 0
github.com/Kyanite/noise/internal/pattern/ast.go:475.32,477.3 1 0
github.com/Kyanite/noise/internal/pattern/ast.go:478.2,478.25 1 0
github.com/Kyanite/noise/internal/pattern/ast.go:482.26,483.29 1 0
github.com/Kyanite/noise/internal/pattern/ast.go:483.29,485.3 1 0
github.com/Kyanite/noise/internal/pattern/ast.go:486.2,488.19 3 0
github.com/Kyanite/noise/internal/pattern/lexer.go:22.36,31.2 3 0
github.com/Kyanite/noise/internal/pattern/lexer.go:34.25,40.2 5 0
github.com/Kyanite/noise/internal/pattern/lexer.go:43.28,44.36 1 0
github.com/Kyanite/noise/internal/pattern/lexer.go:44.36,46.3 1 0
github.com/Kyanite/noise/internal/pattern/lexer.go:46.8,48.3 1 0
github.com/Kyanite/noise/internal/pattern/lexer.go:49.2,51.18 3 0
github.com/Kyanite/noise/internal/pattern/lexer.go:51.18,54.3 2 0
github.com/Kyanite/noise/internal/pattern/lexer.go:54.8,56.3 1 0
github.com/Kyanite/noise/internal/pattern/lexer.go:60.33,61.36 1 0
github.com/Kyanite/noise/internal/pattern/lexer.go:61.36,63.3 1 0
github.com/Kyanite/noise/internal/pattern/lexer.go:64.2,65.11 2 0
github.com/Kyanite/noise/internal/pattern/lexer.go:69.35,80.14 4 0
github.com/Kyanite/noise/internal/pattern/lexer.go:81.9,82.45 1 0
github.com/Kyanite/noise/internal/pattern/lexer.go:83.11,85.15 2 0
github.com/Kyanite/noise/internal/pattern/lexer.go:86.11,88.15 2 0
github.com/Kyanite/noise/internal/pattern/lexer.go:89.11,91.15 2 0
github.com/Kyanite/noise/internal/pattern/lexer.go:92.11,94.15 2 0
github.com/Kyanite/noise/internal/pattern/lexer.go:95.11,97.15 2 0
github.com/Kyanite/noise/internal/pattern/lexer.go:98.11,100.15 2 0
github.com/Kyanite/noise/internal/pattern/lexer.go:101.11,103.15 2 0
github.com/Kyanite/noise/internal/pattern/lexer.go:104.11,106.15 2 0
github.com/Kyanite/noise/internal/pattern/lexer.go:107.11,109.15 2 0
github.com/Kyanite/noise/internal/pattern/lexer.go:110.11,112.26 1 0
github.com/Kyanite/noise/internal/pattern/lexer.go:112.26,116.4 3 0
github.com/Kyanite/noise/internal/pattern/lexer.go:116.9,119.4 2 0
github.com/Kyanite/noise/internal/pattern/lexer.go:120.11,122.15 2 0
github.com/Kyanite/noise/internal/pattern/lexer.go:123.11,125.15 2 0
github.com/Kyanite/noise/internal/pattern/lexer.go:126.11,128.15 2 0
github.com/Kyanite/noise/internal/pattern/lexer.go:129.11,131.15 2 0
github.com/Kyanite/noise/internal/pattern/lexer.go:132.11,134.15 2 0
github.com/Kyanite/noise/internal/pattern/lexer.go:135.11,137.15 2 0
github.com/Kyanite/noise/internal/pattern/lexer.go:138.11,140.15 2 0
github.com/Kyanite/noise/internal/pattern/lexer.go:141.11,143.26 1 0
github.com/Kyanite/noise/internal/pattern/lexer.go:143.26,147.4 3 0
github.com/Kyanite/noise/internal/pattern/lexer.go:147.9,150.4 2 0
github.com/Kyanite/noise/internal/pattern/lexer.go:151.11,153.26 1 0
github.com/Kyanite/noise/internal/pattern/lexer.go:153.26,157.4 3 0
github.com/Kyanite/noise/internal/pattern/lexer.go:157.9,157.33 1 0
github.com/Kyanite/noise/internal/pattern/lexer.go:157.33,161.4 2 0
github.com/Kyanite/noise/internal/pattern/lexer.go:161.9,168.56 4 0
github.com/Kyanite/noise/internal/pattern/lexer.go:168.56,169.34 1 0
github.com/Kyanite/noise/internal/pattern/lexer.go:169.34,172.11 3 0
github.com/Kyanite/noise/internal/pattern/lexer.go:177.4,177.42 1 0
github.com/Kyanite/noise/internal/pattern/lexer.go:177.42,181.69 1 0
github.com/Kyanite/noise/internal/pattern/lexer.go:181.69,185.49 2 0
github.com/Kyanite/noise/internal/pattern/lexer.go:185.49,188.7 2 0
github.com/Kyanite/noise/internal/pattern/lexer.go:189.11,193.6 2 0
github.com/Kyanite/noise/internal/pattern/lexer.go:194.10,198.5 2 0
github.com/Kyanite/noise/internal/pattern/lexer.go:200.11,202.26 1 0
github.com/Kyanite/noise/internal/pattern/lexer.go:202.26,206.4 3 0
github.com/Kyanite/noise/internal/pattern/lexer.go:206.9,209.4 2 0
github.com/Kyanite/noise/internal/pattern/lexer.go:210.11,212.15 2 0
github.com/Kyanite/noise/internal/pattern/lexer.go:213.11,215.15 2 0
github.com/Kyanite/noise/internal/pattern/lexer.go:216.11,218.15 2 0
github.com/Kyanite/noise/internal/pattern/lexer.go:219.11,221.15 2 0
github.com/Kyanite/noise/internal/pattern/lexer.go:222.11,224.15 2 0
github.com/Kyanite/noise/internal/pattern/lexer.go:225.11,227.15 2 0
github.com/Kyanite/noise/internal/pattern/lexer.go:228.11,231.21 3 0
github.com/Kyanite/noise/internal/pattern/lexer.go:232.10,233.20 1 0
github.com/Kyanite/noise/internal/pattern/lexer.go:233.20,237.4 3 0
github.com/Kyanite/noise/internal/pattern/lexer.go:237.9,237.28 1 0
github.com/Kyanite/noise/internal/pattern/lexer.go:237.28,242.4 4 0
github.com/Kyanite/noise/internal/pattern/lexer.go:242.9,242.25 1 0
github.com/Kyanite/noise/internal/pattern/lexer.go:242.25,245.4 2 0
github.com/Kyanite/noise/internal/pattern/lexer.go:245.9,248.4 2 0
github.com/Kyanite/noise/internal/pattern/lexer.go:251.2,251.12 1 0
github.com/Kyanite/noise/internal/pattern/lexer.go:255.34,256.28 1 0
github.com/Kyanite/noise/internal/pattern/lexer.go:256.28,258.3 1 0
github.com/Kyanite/noise/internal/pattern/lexer.go:262.41,264.53 2 0
github.com/Kyanite/noise/internal/pattern/lexer.go:264.53,266.3 1 0
github.com/Kyanite/noise/internal/pattern/lexer.go:267.2,267.37 1 0
github.com/Kyanite/noise/internal/pattern/lexer.go:271.37,275.48 3 0
github.com/Kyanite/noise/internal/pattern/lexer.go:275.48,276.18 1 0
github.com/Kyanite/noise/internal/pattern/lexer.go:276.18,278.4 1 0
github.com/Kyanite/noise/internal/pattern/lexer.go:279.3,279.15 1 0
github.com/Kyanite/noise/internal/pattern/lexer.go:282.2,282.37 1 0
github.com/Kyanite/noise/internal/pattern/lexer.go:286.37,288.6 2 0
github.com/Kyanite/noise/internal/pattern/lexer.go:288.6,290.31 2 0
github.com/Kyanite/noise/internal/pattern/lexer.go:290.31,291.9 1 0
github.com/Kyanite/noise/internal/pattern/lexer.go:294.2,296.14 3 0
github.com/Kyanite/noise/internal/pattern/lexer.go:300.42,310.31 4 0
github.com/Kyanite/noise/internal/pattern/lexer.go:310.31,312.3 1 0
github.com/Kyanite/noise/internal/pattern/lexer.go:314.2,317.17 2 0
github.com/Kyanite/noise/internal/pattern/lexer.go:317.17,321.35 2 0
github.com/Kyanite/noise/internal/pattern/lexer.go:321.35,323.4 1 0
github.com/Kyanite/noise/internal/pattern/lexer.go:324.3,324.61 1 0
github.com/Kyanite/noise/internal/pattern/lexer.go:328.2,328.56 1 0
github.com/Kyanite/noise/internal/pattern/lexer.go:332.36,335.6 2 0
github.com/Kyanite/noise/internal/pattern/lexer.go:335.6,338.27 3 0
github.com/Kyanite/noise/internal/pattern/lexer.go:338.27,339.9 1 0
github.com/Kyanite/noise/internal/pattern/lexer.go:343.2,343.15 1 0
github.com/Kyanite/noise/internal/pattern/lexer.go:347.28,349.2 1 0
github.com/Kyanite/noise/internal/pattern/lexer.go:352.29,354.2 1 0
github.com/Kyanite/noise/internal/pattern/lexer.go:357.42,397.40 2 0
github.com/Kyanite/noise/internal/pattern/lexer.go:397.40,399.3 1 0
github.com/Kyanite/noise/internal/pattern/lexer.go:401.2,401.24 1 0
github.com/Kyanite/noise/internal/pattern/lexer.go:420.41,426.26 5 0
github.com/Kyanite/noise/internal/pattern/lexer.go:426.26,428.52 1 0
github.com/Kyanite/noise/internal/pattern/lexer.go:428.52,431.12 3 0
github.com/Kyanite/noise/internal/pattern/lexer.go:432.9,432.35 1 0
github.com/Kyanite/noise/internal/pattern/lexer.go:432.35,436.12 4 0
github.com/Kyanite/noise/internal/pattern/lexer.go:439.3,443.26 3 0
github.com/Kyanite/noise/internal/pattern/lexer.go:443.26,446.22 2 0
github.com/Kyanite/noise/internal/pattern/lexer.go:446.22,449.39 3 0
github.com/Kyanite/noise/internal/pattern/lexer.go:449.39,451.6 1 0
github.com/Kyanite/noise/internal/pattern/lexer.go:451.11,453.6 1 0
github.com/Kyanite/noise/internal/pattern/lexer.go:454.5,457.13 4 0
github.com/Kyanite/noise/internal/pattern/lexer.go:461.3,461.64 1 0
github.com/Kyanite/noise/internal/pattern/lexer.go:461.64,465.4 3 0
github.com/Kyanite/noise/internal/pattern/lexer.go:465.9,465.75 1 0
github.com/Kyanite/noise/internal/pattern/lexer.go:465.75,470.4 4 0
github.com/Kyanite/noise/internal/pattern/lexer.go:470.9,472.29 1 0
github.com/Kyanite/noise/internal/pattern/lexer.go:472.29,474.20 2 0
github.com/Kyanite/noise/internal/pattern/lexer.go:475.15,479.14 4 0
github.com/Kyanite/noise/internal/pattern/lexer.go:480.15,484.14 4 0
github.com/Kyanite/noise/internal/pattern/lexer.go:485.15,489.14 4 0
github.com/Kyanite/noise/internal/pattern/lexer.go:490.15,494.14 4 0
github.com/Kyanite/noise/internal/pattern/lexer.go:499.4,501.14 3 0
github.com/Kyanite/noise/internal/pattern/lexer.go:502.13,503.24 1 0
github.com/Kyanite/noise/internal/pattern/lexer.go:504.13,505.25 1 0
github.com/Kyanite/noise/internal/pattern/lexer.go:506.13,507.28 1 0
github.com/Kyanite/noise/internal/pattern/lexer.go:508.13,509.26 1 0
github.com/Kyanite/noise/internal/pattern/lexer.go:510.13,511.26 1 0
github.com/Kyanite/noise/internal/pattern/lexer.go:512.13,513.25 1 0
github.com/Kyanite/noise/internal/pattern/lexer.go:514.13,515.25 1 0
github.com/Kyanite/noise/internal/pattern/lexer.go:516.13,517.23 1 0
github.com/Kyanite/noise/internal/pattern/lexer.go:518.13,519.28 1 0
github.com/Kyanite/noise/internal/pattern/lexer.go:520.13,521.27 1 0
github.com/Kyanite/noise/internal/pattern/lexer.go:522.13,523.22 1 0
github.com/Kyanite/noise/internal/pattern/lexer.go:524.13,525.24 1 0
github.com/Kyanite/noise/internal/pattern/lexer.go:526.13,527.26 1 0
github.com/Kyanite/noise/internal/pattern/lexer.go:528.13,529.25 1 0
github.com/Kyanite/noise/internal/pattern/lexer.go:530.13,531.29 1 0
github.com/Kyanite/noise/internal/pattern/lexer.go:532.13,533.24 1 0
github.com/Kyanite/noise/internal/pattern/lexer.go:534.13,535.25 1 0
github.com/Kyanite/noise/internal/pattern/lexer.go:536.13,537.26 1 0
github.com/Kyanite/noise/internal/pattern/lexer.go:538.13,539.26 1 0
github.com/Kyanite/noise/internal/pattern/lexer.go:540.13,541.28 1 0
github.com/Kyanite/noise/internal/pattern/lexer.go:542.13,543.28 1 0
github.com/Kyanite/noise/internal/pattern/lexer.go:544.13,545.26 1 0
github.com/Kyanite/noise/internal/pattern/lexer.go:546.13,547.26 1 0
github.com/Kyanite/noise/internal/pattern/lexer.go:548.13,549.29 1 0
github.com/Kyanite/noise/internal/pattern/lexer.go:550.12,551.23 1 0
github.com/Kyanite/noise/internal/pattern/lexer.go:553.4,555.12 3 0
github.com/Kyanite/noise/internal/pattern/lexer.go:560.2,561.15 2 0
github.com/Kyanite/noise/internal/pattern/parser.go:26.38,64.2 27 0
github.com/Kyanite/noise/internal/pattern/parser.go:67.72,69.2 1 0
github.com/Kyanite/noise/internal/pattern/parser.go:72.70,74.2 1 0
github.com/Kyanite/noise/internal/pattern/parser.go:77.30,80.2 2 0
github.com/Kyanite/noise/internal/pattern/parser.go:83.35,88.38 2 0
github.com/Kyanite/noise/internal/pattern/parser.go:88.38,90.18 2 0
github.com/Kyanite/noise/internal/pattern/parser.go:90.18,92.4 1 0
github.com/Kyanite/noise/internal/pattern/parser.go:93.3,93.16 1 0
github.com/Kyanite/noise/internal/pattern/parser.go:96.2,96.16 1 0
github.com/Kyanite/noise/internal/pattern/parser.go:100.45,101.29 1 0
github.com/Kyanite/noise/internal/pattern/parser.go:102.23,103.72 1 0
github.com/Kyanite/noise/internal/pattern/parser.go:103.72,105.4 1 0
github.com/Kyanite/noise/internal/pattern/parser.go:106.3,106.38 1 0
github.com/Kyanite/noise/internal/pattern/parser.go:107.10,108.38 1 0
github.com/Kyanite/noise/internal/pattern/parser.go:113.60,123.77 3 0
github.com/Kyanite/noise/internal/pattern/parser.go:123.77,125.3 1 0
github.com/Kyanite/noise/internal/pattern/parser.go:128.2,130.13 2 0
github.com/Kyanite/noise/internal/pattern/parser.go:134.66,139.40 2 0
github.com/Kyanite/noise/internal/pattern/parser.go:139.40,141.3 1 0
github.com/Kyanite/noise/internal/pattern/parser.go:143.2,143.13 1 0
github.com/Kyanite/noise/internal/pattern/parser.go:151.48,151.49 0 0
github.com/Kyanite/noise/internal/pattern/parser.go:152.49,152.50 0 0
github.com/Kyanite/noise/internal/pattern/parser.go:153.48,154.26 1 0
github.com/Kyanite/noise/internal/pattern/parser.go:154.26,156.3 1 0
github.com/Kyanite/noise/internal/pattern/parser.go:157.2,157.11 1 0
github.com/Kyanite/noise/internal/pattern/parser.go:159.47,160.26 1 0
github.com/Kyanite/noise/internal/pattern/parser.go:160.26,162.3 1 0
github.com/Kyanite/noise/internal/pattern/parser.go:163.2,163.19 1 0
github.com/Kyanite/noise/internal/pattern/parser.go:203.61,205.19 2 0
github.com/Kyanite/noise/internal/pattern/parser.go:205.19,208.3 2 0
github.com/Kyanite/noise/internal/pattern/parser.go:210.2,212.72 2 0
github.com/Kyanite/noise/internal/pattern/parser.go:212.72,214.19 2 0
github.com/Kyanite/noise/internal/pattern/parser.go:214.19,216.4 1 0
github.com/Kyanite/noise/internal/pattern/parser.go:218.3,220.27 2 0
github.com/Kyanite/noise/internal/pattern/parser.go:223.2,223.16 1 0
github.com/Kyanite/noise/internal/pattern/parser.go:227.50,229.16 2 0
github.com/Kyanite/noise/internal/pattern/parser.go:229.16,235.3 2 0
github.com/Kyanite/noise/internal/pattern/parser.go:237.2,240.3 1 0
github.com/Kyanite/noise/internal/pattern/parser.go:244.50,249.2 1 0
github.com/Kyanite/noise/internal/pattern/parser.go:252.47,254.37 1 0
github.com/Kyanite/noise/internal/pattern/parser.go:254.37,256.3 1 0
github.com/Kyanite/noise/internal/pattern/parser.go:259.2,259.30 1 0
github.com/Kyanite/noise/internal/pattern/parser.go:260.14,264.4 1 0
github.com/Kyanite/noise/internal/pattern/parser.go:265.15,269.4 1 0
github.com/Kyanite/noise/internal/pattern/parser.go:273.2,276.3 1 0
github.com/Kyanite/noise/internal/pattern/parser.go:280.49,288.32 3 0
github.com/Kyanite/noise/internal/pattern/parser.go:288.32,290.3 1 0
github.com/Kyanite/noise/internal/pattern/parser.go:292.2,292.32 1 0
github.com/Kyanite/noise/internal/pattern/parser.go:292.32,295.3 2 0
github.com/Kyanite/noise/internal/pattern/parser.go:297.2,300.13 3 0
github.com/Kyanite/noise/internal/pattern/parser.go:304.50,309.2 1 0
github.com/Kyanite/noise/internal/pattern/parser.go:312.48,315.23 2 0
github.com/Kyanite/noise/internal/pattern/parser.go:315.23,321.3 2 0
github.com/Kyanite/noise/internal/pattern/parser.go:324.2,325.30 2 0
github.com/Kyanite/noise/internal/pattern/parser.go:325.30,331.3 2 0
github.com/Kyanite/noise/internal/pattern/parser.go:334.2,338.67 4 0
github.com/Kyanite/noise/internal/pattern/parser.go:338.67,341.3 2 0
github.com/Kyanite/noise/internal/pattern/parser.go:343.2,343.22 1 0
github.com/Kyanite/noise/internal/pattern/parser.go:343.22,345.17 2 0
github.com/Kyanite/noise/internal/pattern/parser.go:345.17,347.4 1 0
github.com/Kyanite/noise/internal/pattern/parser.go:350.2,353.3 1 0
github.com/Kyanite/noise/internal/pattern/parser.go:357.48,362.2 1 0
github.com/Kyanite/noise/internal/pattern/parser.go:365.52,370.32 3 0
github.com/Kyanite/noise/internal/pattern/parser.go:370.32,372.3 1 0
github.com/Kyanite/noise/internal/pattern/parser.go:374.2,377.3 1 0
github.com/Kyanite/noise/internal/pattern/parser.go:381.51,388.42 3 0
github.com/Kyanite/noise/internal/pattern/parser.go:388.42,390.3 1 0
github.com/Kyanite/noise/internal/pattern/parser.go:392.2,392.13 1 0
github.com/Kyanite/noise/internal/pattern/parser.go:396.53,403.40 3 0
github.com/Kyanite/noise/internal/pattern/parser.go:403.40,405.3 1 0
github.com/Kyanite/noise/internal/pattern/parser.go:407.2,407.19 1 0
github.com/Kyanite/noise/internal/pattern/parser.go:411.66,414.27 2 0
github.com/Kyanite/noise/internal/pattern/parser.go:414.27,416.3 1 0
github.com/Kyanite/noise/internal/pattern/parser.go:418.2,420.6 2 0
github.com/Kyanite/noise/internal/pattern/parser.go:420.6,421.25 1 0
github.com/Kyanite/noise/internal/pattern/parser.go:421.25,422.9 1 0
github.com/Kyanite/noise/internal/pattern/parser.go:425.3,425.32 1 0
github.com/Kyanite/noise/internal/pattern/parser.go:425.32,428.4 2 0
github.com/Kyanite/noise/internal/pattern/parser.go:428.9,430.4 1 0
github.com/Kyanite/noise/internal/pattern/parser.go:432.3,432.49 1 0
github.com/Kyanite/noise/internal/pattern/parser.go:435.2,435.24 1 0
github.com/Kyanite/noise/internal/pattern/parser.go:435.24,437.3 1 0
github.com/Kyanite/noise/internal/pattern/parser.go:439.2,439.13 1 0
github.com/Kyanite/noise/internal/pattern/parser.go:443.75,446.27 2 0
github.com/Kyanite/noise/internal/pattern/parser.go:446.27,448.3 1 0
github.com/Kyanite/noise/internal/pattern/parser.go:450.2,451.18 2 0
github.com/Kyanite/noise/internal/pattern/parser.go:451.18,453.3 1 0
github.com/Kyanite/noise/internal/pattern/parser.go:455.2,455.29 1 0
github.com/Kyanite/noise/internal/pattern/parser.go:455.29,456.32 1 0
github.com/Kyanite/noise/internal/pattern/parser.go:456.32,458.4 1 0
github.com/Kyanite/noise/internal/pattern/parser.go:459.3,461.19 3 0
github.com/Kyanite/noise/internal/pattern/parser.go:461.19,463.4 1 0
github.com/Kyanite/noise/internal/pattern/parser.go:466.2,466.24 1 0
github.com/Kyanite/noise/internal/pattern/parser.go:466.24,468.3 1 0
github.com/Kyanite/noise/internal/pattern/parser.go:470.2,470.13 1 0
github.com/Kyanite/noise/internal/pattern/parser.go:474.56,482.31 3 0
github.com/Kyanite/noise/internal/pattern/parser.go:482.31,484.3 1 0
github.com/Kyanite/noise/internal/pattern/parser.go:486.2,490.14 3 0
github.com/Kyanite/noise/internal/pattern/parser.go:494.52,505.2 4 0
github.com/Kyanite/noise/internal/pattern/parser.go:508.68,520.2 5 0
github.com/Kyanite/noise/internal/pattern/parser.go:523.71,524.48 1 0
github.com/Kyanite/noise/internal/pattern/parser.go:524.48,525.50 1 0
github.com/Kyanite/noise/internal/pattern/parser.go:525.50,531.4 1 0
github.com/Kyanite/noise/internal/pattern/parser.go:534.2,538.12 2 0
github.com/Kyanite/noise/internal/pattern/parser.go:542.70,550.49 3 0
github.com/Kyanite/noise/internal/pattern/parser.go:550.49,556.3 2 0
github.com/Kyanite/noise/internal/pattern/parser.go:558.2,561.37 2 0
github.com/Kyanite/noise/internal/pattern/parser.go:561.37,562.33 1 0
github.com/Kyanite/noise/internal/pattern/parser.go:562.33,564.4 1 0
github.com/Kyanite/noise/internal/pattern/parser.go:566.3,566.33 1 0
github.com/Kyanite/noise/internal/pattern/parser.go:566.33,569.4 2 0
github.com/Kyanite/noise/internal/pattern/parser.go:571.3,572.54 2 0
github.com/Kyanite/noise/internal/pattern/parser.go:575.2,575.13 1 0
github.com/Kyanite/noise/internal/pattern/parser.go:579.67,589.34 4 0
github.com/Kyanite/noise/internal/pattern/parser.go:589.34,591.3 1 0
github.com/Kyanite/noise/internal/pattern/parser.go:593.2,593.13 1 0
github.com/Kyanite/noise/internal/pattern/parser.go:598.51,600.2 1 0
github.com/Kyanite/noise/internal/pattern/parser.go:602.48,604.2 1 0
github.com/Kyanite/noise/internal/pattern/parser.go:606.47,607.22 1 0
github.com/Kyanite/noise/internal/pattern/parser.go:607.22,610.3 2 0
github.com/Kyanite/noise/internal/pattern/parser.go:612.2,613.14 2 0
github.com/Kyanite/noise/internal/pattern/parser.go:616.39,617.48 1 0
github.com/Kyanite/noise/internal/pattern/parser.go:617.48,619.3 1 0
github.com/Kyanite/noise/internal/pattern/parser.go:620.2,620.15 1 0
github.com/Kyanite/noise/internal/pattern/parser.go:623.42,624.51 1 0
github.com/Kyanite/noise/internal/pattern/parser.go:624.51,626.3 1 0
github.com/Kyanite/noise/internal/pattern/parser.go:627.2,627.15 1 0
github.com/Kyanite/noise/internal/pattern/parser.go:630.52,636.2 2 0
github.com/Kyanite/noise/internal/pattern/parser.go:638.41,645.2 2 0
github.com/Kyanite/noise/internal/pattern/parser.go:648.42,650.2 1 0
github.com/Kyanite/noise/internal/pattern/parser.go:653.60,658.2 4 0
github.com/Kyanite/noise/internal/pattern/parser.go:661.84,675.21 11 0
github.com/Kyanite/noise/internal/pattern/parser.go:675.21,677.3 1 0
github.com/Kyanite/noise/internal/pattern/parser.go:679.2,680.20 2 0
github.com/Kyanite/noise/internal/pattern/parser.go:680.20,682.3 1 0
github.com/Kyanite/noise/internal/pattern/parser.go:684.2,694.42 3 0
github.com/Kyanite/noise/internal/pattern/parser.go:698.46,699.26 1 0
github.com/Kyanite/noise/internal/pattern/parser.go:699.26,701.3 1 0
github.com/Kyanite/noise/internal/pattern/parser.go:702.2,702.44 1 0
github.com/Kyanite/noise/internal/pattern/parser.go:702.44,704.3 1 0
github.com/Kyanite/noise/internal/pattern/parser.go:705.2,705.14 1 0
github.com/Kyanite/noise/internal/pattern/parser.go:708.32,709.17 1 0
github.com/Kyanite/noise/internal/pattern/parser.go:709.17,711.3 1 0
github.com/Kyanite/noise/internal/pattern/parser.go:713.2,715.26 2 0
github.com/Kyanite/noise/internal/pattern/parser.go:716.16,717.37 1 0
github.com/Kyanite/noise/internal/pattern/parser.go:717.37,719.4 1 0
github.com/Kyanite/noise/internal/pattern/parser.go:720.25,721.36 1 0
github.com/Kyanite/noise/internal/pattern/parser.go:722.27,723.34 1 0
github.com/Kyanite/noise/internal/pattern/parser.go:723.34,725.4 1 0
github.com/Kyanite/noise/internal/pattern/parser.go:726.31,727.35 1 0
github.com/Kyanite/noise/internal/pattern/parser.go:727.35,729.4 1 0
github.com/Kyanite/noise/internal/pattern/parser.go:730.25,732.31 2 0
github.com/Kyanite/noise/internal/pattern/parser.go:733.24,734.31 1 0
github.com/Kyanite/noise/internal/pattern/parser.go:735.24,736.36 1 0
github.com/Kyanite/noise/internal/pattern/parser.go:737.28,738.31 1 0
github.com/Kyanite/noise/internal/pattern/parser.go:739.27,741.35 2 0
github.com/Kyanite/noise/internal/pattern/parser.go:741.35,743.4 1 0
github.com/Kyanite/noise/internal/pattern/parser.go:744.23,745.31 1 0
github.com/Kyanite/noise/internal/pattern/parser.go:746.24,749.20 3 0
github.com/Kyanite/noise/internal/pattern/parser.go:749.20,751.4 1 0
github.com/Kyanite/noise/internal/pattern/parser.go:752.23,753.38 1 0
github.com/Kyanite/noise/internal/pattern/parser.go:753.38,755.4 1 0
github.com/Kyanite/noise/internal/pattern/parser.go:756.25,757.34 1 0
github.com/Kyanite/noise/internal/pattern/parser.go:757.34,759.4 1 0
github.com/Kyanite/noise/internal/pattern/parser.go:760.24,762.31 2 0
github.com/Kyanite/noise/internal/pattern/parser.go:763.27,764.30 1 0
github.com/Kyanite/noise/internal/pattern/parser.go:767.2,767.14 1 0
github.com/Kyanite/noise/internal/pattern/parser_test_safe.go:18.42,23.2 1 0
github.com/Kyanite/noise/internal/pattern/parser_test_safe.go:26.45,42.27 4 0
github.com/Kyanite/noise/internal/pattern/parser_test_safe.go:42.27,48.13 4 0
github.com/Kyanite/noise/internal/pattern/parser_test_safe.go:48.13,50.4 1 0
github.com/Kyanite/noise/internal/pattern/parser_test_safe.go:52.3,52.10 1 0
github.com/Kyanite/noise/internal/pattern/parser_test_safe.go:53.22,54.35 1 0
github.com/Kyanite/noise/internal/pattern/parser_test_safe.go:54.35,57.5 1 0
github.com/Kyanite/noise/internal/pattern/parser_test_safe.go:59.4,59.37 1 0
github.com/Kyanite/noise/internal/pattern/parser_test_safe.go:59.37,62.5 1 0
github.com/Kyanite/noise/internal/pattern/parser_test_safe.go:63.21,64.46 1 0
github.com/Kyanite/noise/internal/pattern/parser_test_safe.go:70.41,86.27 4 0
github.com/Kyanite/noise/internal/pattern/parser_test_safe.go:86.27,92.13 4 0
github.com/Kyanite/noise/internal/pattern/parser_test_safe.go:92.13,94.4 1 0
github.com/Kyanite/noise/internal/pattern/parser_test_safe.go:96.3,96.10 1 0
github.com/Kyanite/noise/internal/pattern/parser_test_safe.go:97.22,98.35 1 0
github.com/Kyanite/noise/internal/pattern/parser_test_safe.go:98.35,101.5 1 0
github.com/Kyanite/noise/internal/pattern/parser_test_safe.go:103.4,103.37 1 0
github.com/Kyanite/noise/internal/pattern/parser_test_safe.go:103.37,106.5 1 0
github.com/Kyanite/noise/internal/pattern/parser_test_safe.go:107.21,108.46 1 0
github.com/Kyanite/noise/internal/pattern/parser_test_safe.go:114.50,131.12 8 0
github.com/Kyanite/noise/internal/pattern/parser_test_safe.go:131.12,137.3 2 0
github.com/Kyanite/noise/internal/pattern/parser_test_safe.go:139.2,139.9 1 0
github.com/Kyanite/noise/internal/pattern/parser_test_safe.go:140.24,144.32 3 0
github.com/Kyanite/noise/internal/pattern/parser_test_safe.go:144.32,146.4 1 0
github.com/Kyanite/noise/internal/pattern/parser_test_safe.go:148.3,148.30 1 0
github.com/Kyanite/noise/internal/pattern/parser_test_safe.go:148.30,150.4 1 0
github.com/Kyanite/noise/internal/pattern/parser_test_safe.go:152.3,152.28 1 0
github.com/Kyanite/noise/internal/pattern/parser_test_safe.go:152.28,154.4 1 0
github.com/Kyanite/noise/internal/pattern/parser_test_safe.go:156.3,156.42 1 0
github.com/Kyanite/noise/internal/pattern/parser_test_safe.go:156.42,158.4 1 0
github.com/Kyanite/noise/internal/pattern/parser_test_safe.go:160.3,161.10 2 0
github.com/Kyanite/noise/internal/pattern/parser_test_safe.go:161.10,164.4 1 0
github.com/Kyanite/noise/internal/pattern/parser_test_safe.go:166.3,167.10 2 0
github.com/Kyanite/noise/internal/pattern/parser_test_safe.go:167.10,169.4 1 0
github.com/Kyanite/noise/internal/pattern/parser_test_safe.go:171.3,171.29 1 0
github.com/Kyanite/noise/internal/pattern/parser_test_safe.go:171.29,173.4 1 0
github.com/Kyanite/noise/internal/pattern/parser_test_safe.go:175.20,176.30 1 0
github.com/Kyanite/noise/internal/pattern/parser_test_safe.go:181.50,193.12 5 0
github.com/Kyanite/noise/internal/pattern/parser_test_safe.go:193.12,199.3 2 0
github.com/Kyanite/noise/internal/pattern/parser_test_safe.go:201.2,201.9 1 0
github.com/Kyanite/noise/internal/pattern/parser_test_safe.go:202.24,204.30 1 0
github.com/Kyanite/noise/internal/pattern/parser_test_safe.go:204.30,206.4 1 0
github.com/Kyanite/noise/internal/pattern/parser_test_safe.go:209.3,209.28 1 0
github.com/Kyanite/noise/internal/pattern/parser_test_safe.go:209.28,211.4 1 0
github.com/Kyanite/noise/internal/pattern/parser_test_safe.go:212.20,213.30 1 0
github.com/Kyanite/noise/internal/pattern/parser_test_safe.go:218.52,227.22 4 0
github.com/Kyanite/noise/internal/pattern/parser_test_safe.go:227.22,229.3 1 0
github.com/Kyanite/noise/internal/pattern/parser_test_safe.go:231.2,233.29 3 0
github.com/Kyanite/noise/internal/pattern/parser_test_safe.go:233.29,234.35 1 0
github.com/Kyanite/noise/internal/pattern/parser_test_safe.go:234.35,236.9 2 0
github.com/Kyanite/noise/internal/pattern/parser_test_safe.go:240.2,240.12 1 0
github.com/Kyanite/noise/internal/pattern/parser_test_safe.go:240.12,242.3 1 0
github.com/Kyanite/noise/internal/pattern/parser_test_safe.go:246.51,257.22 4 0
github.com/Kyanite/noise/internal/pattern/parser_test_safe.go:257.22,259.3 1 0
github.com/Kyanite/noise/internal/pattern/parser_test_safe.go:261.2,263.29 3 0
github.com/Kyanite/noise/internal/pattern/parser_test_safe.go:263.29,264.35 1 0
github.com/Kyanite/noise/internal/pattern/parser_test_safe.go:264.35,266.9 2 0
github.com/Kyanite/noise/internal/pattern/parser_test_safe.go:270.2,270.12 1 0
github.com/Kyanite/noise/internal/pattern/parser_test_safe.go:270.12,272.3 1 0
github.com/Kyanite/noise/internal/pattern/parser_test_safe.go:276.48,289.12 5 0
github.com/Kyanite/noise/internal/pattern/parser_test_safe.go:289.12,296.3 2 0
github.com/Kyanite/noise/internal/pattern/parser_test_safe.go:298.2,298.9 1 0
github.com/Kyanite/noise/internal/pattern/parser_test_safe.go:299.24,300.30 1 0
github.com/Kyanite/noise/internal/pattern/parser_test_safe.go:300.30,302.4 1 0
github.com/Kyanite/noise/internal/pattern/parser_test_safe.go:304.3,304.28 1 0
github.com/Kyanite/noise/internal/pattern/parser_test_safe.go:304.28,306.4 1 0
github.com/Kyanite/noise/internal/pattern/parser_test_safe.go:308.3,308.36 1 0
github.com/Kyanite/noise/internal/pattern/parser_test_safe.go:308.36,310.4 1 0
github.com/Kyanite/noise/internal/pattern/parser_test_safe.go:312.3,312.37 1 0
github.com/Kyanite/noise/internal/pattern/parser_test_safe.go:312.37,314.4 1 0
github.com/Kyanite/noise/internal/pattern/parser_test_safe.go:316.3,316.36 1 0
github.com/Kyanite/noise/internal/pattern/parser_test_safe.go:316.36,318.4 1 0
github.com/Kyanite/noise/internal/pattern/parser_test_safe.go:321.3,321.54 1 0
github.com/Kyanite/noise/internal/pattern/parser_test_safe.go:321.54,323.4 1 0
github.com/Kyanite/noise/internal/pattern/parser_test_safe.go:324.20,325.30 1 0
github.com/Kyanite/noise/internal/pattern/parser_test_safe.go:330.42,338.12 5 0
github.com/Kyanite/noise/internal/pattern/parser_test_safe.go:338.12,341.3 2 0
github.com/Kyanite/noise/internal/pattern/parser_test_safe.go:343.2,343.9 1 0
github.com/Kyanite/noise/internal/pattern/parser_test_safe.go:344.24,345.23 1 0
github.com/Kyanite/noise/internal/pattern/parser_test_safe.go:345.23,347.4 1 0
github.com/Kyanite/noise/internal/pattern/parser_test_safe.go:350.3,350.22 1 0
github.com/Kyanite/noise/internal/pattern/parser_test_safe.go:350.22,352.4 1 0
github.com/Kyanite/noise/internal/pattern/parser_test_safe.go:355.3,360.46 2 0
github.com/Kyanite/noise/internal/pattern/parser_test_safe.go:360.46,361.24 1 0
github.com/Kyanite/noise/internal/pattern/parser_test_safe.go:361.24,363.13 2 0
github.com/Kyanite/noise/internal/pattern/parser_test_safe.go:366.4,366.38 1 0
github.com/Kyanite/noise/internal/pattern/parser_test_safe.go:366.38,369.5 1 0
github.com/Kyanite/noise/internal/pattern/parser_test_safe.go:371.20,372.41 1 0
github.com/Kyanite/noise/internal/pattern/parser_test_safe.go:377.56,394.12 5 0
github.com/Kyanite/noise/internal/pattern/parser_test_safe.go:394.12,398.3 3 0
github.com/Kyanite/noise/internal/pattern/parser_test_safe.go:400.2,400.9 1 0
github.com/Kyanite/noise/internal/pattern/parser_test_safe.go:401.27,402.23 1 0
github.com/Kyanite/noise/internal/pattern/parser_test_safe.go:402.23,404.4 1 0
github.com/Kyanite/noise/internal/pattern/parser_test_safe.go:406.3,406.33 1 0
github.com/Kyanite/noise/internal/pattern/parser_test_safe.go:406.33,408.4 1 0
github.com/Kyanite/noise/internal/pattern/parser_test_safe.go:411.3,412.42 2 0
github.com/Kyanite/noise/internal/pattern/parser_test_safe.go:412.42,413.46 1 0
github.com/Kyanite/noise/internal/pattern/parser_test_safe.go:413.46,415.5 1 0
github.com/Kyanite/noise/internal/pattern/parser_test_safe.go:418.3,418.21 1 0
github.com/Kyanite/noise/internal/pattern/parser_test_safe.go:418.21,420.4 1 0
github.com/Kyanite/noise/internal/pattern/parser_test_safe.go:421.20,422.33 1 0
github.com/Kyanite/noise/internal/pattern/parser_test_safe.go:427.40,433.27 3 0
github.com/Kyanite/noise/internal/pattern/parser_test_safe.go:433.27,435.3 1 0
github.com/Kyanite/noise/internal/pattern/parser_test_safe.go:438.2,451.12 7 0
github.com/Kyanite/noise/internal/pattern/parser_test_safe.go:451.12,457.3 2 0
github.com/Kyanite/noise/internal/pattern/parser_test_safe.go:459.2,459.9 1 0
github.com/Kyanite/noise/internal/pattern/parser_test_safe.go:460.24,464.33 3 0
github.com/Kyanite/noise/internal/pattern/parser_test_safe.go:464.33,466.4 1 0
github.com/Kyanite/noise/internal/pattern/parser_test_safe.go:468.3,468.30 1 0
github.com/Kyanite/noise/internal/pattern/parser_test_safe.go:468.30,470.4 1 0
github.com/Kyanite/noise/internal/pattern/parser_test_safe.go:472.3,472.28 1 0
github.com/Kyanite/noise/internal/pattern/parser_test_safe.go:472.28,474.4 1 0
github.com/Kyanite/noise/internal/pattern/parser_test_safe.go:476.20,477.35 1 0
github.com/Kyanite/noise/internal/pattern/parser_test_safe.go:482.44,494.40 2 0
github.com/Kyanite/noise/internal/pattern/parser_test_safe.go:494.40,495.60 1 0
github.com/Kyanite/noise/internal/pattern/parser_test_safe.go:495.60,505.14 4 0
github.com/Kyanite/noise/internal/pattern/parser_test_safe.go:505.14,511.5 2 0
github.com/Kyanite/noise/internal/pattern/parser_test_safe.go:513.4,513.11 1 0
github.com/Kyanite/noise/internal/pattern/parser_test_safe.go:514.26,517.57 1 0
github.com/Kyanite/noise/internal/pattern/parser_test_safe.go:517.57,519.6 1 0
github.com/Kyanite/noise/internal/pattern/parser_test_safe.go:520.22,521.48 1 0
github.com/Kyanite/noise/internal/pattern/parser_test_safe.go:528.55,537.27 5 0
github.com/Kyanite/noise/internal/pattern/parser_test_safe.go:537.27,538.10 1 0
github.com/Kyanite/noise/internal/pattern/parser_test_safe.go:539.21,540.35 1 0
github.com/Kyanite/noise/internal/pattern/parser_test_safe.go:541.11,542.30 1 0
github.com/Kyanite/noise/internal/pattern/parser_test_safe.go:548.49,557.27 5 0
github.com/Kyanite/noise/internal/pattern/parser_test_safe.go:557.27,558.10 1 0
github.com/Kyanite/noise/internal/pattern/parser_test_safe.go:559.21,560.35 1 0
github.com/Kyanite/noise/internal/pattern/parser_test_safe.go:561.11,563.24 2 0
github.com/Kyanite/noise/internal/pattern/parser_test_safe.go:569.47,578.27 5 0
github.com/Kyanite/noise/internal/pattern/parser_test_safe.go:578.27,579.10 1 0
github.com/Kyanite/noise/internal/pattern/parser_test_safe.go:580.21,581.35 1 0
github.com/Kyanite/noise/internal/pattern/parser_test_safe.go:582.11,583.27 1 0
github.com/Kyanite/noise/internal/pattern/types.go:116.40,116.41 0 0
github.com/Kyanite/noise/internal/pattern/types.go:123.40,123.41 0 0
github.com/Kyanite/noise/internal/pattern/types.go:130.40,130.41 0 0
github.com/Kyanite/noise/internal/pattern/types.go:139.38,139.39 0 0
github.com/Kyanite/noise/internal/pattern/types.go:144.38,144.39 0 0
github.com/Kyanite/noise/internal/pattern/types.go:163.36,164.11 1 0
github.com/Kyanite/noise/internal/pattern/types.go:165.16,166.15 1 0
github.com/Kyanite/noise/internal/pattern/types.go:167.19,168.18 1 0
github.com/Kyanite/noise/internal/pattern/types.go:169.19,170.18 1 0
github.com/Kyanite/noise/internal/pattern/types.go:171.23,172.22 1 0
github.com/Kyanite/noise/internal/pattern/types.go:173.17,174.13 1 0
github.com/Kyanite/noise/internal/pattern/types.go:175.18,176.13 1 0
github.com/Kyanite/noise/internal/pattern/types.go:177.21,178.13 1 0
github.com/Kyanite/noise/internal/pattern/types.go:179.19,180.13 1 0
github.com/Kyanite/noise/internal/pattern/types.go:181.19,182.13 1 0
github.com/Kyanite/noise/internal/pattern/types.go:183.18,184.13 1 0
github.com/Kyanite/noise/internal/pattern/types.go:185.21,186.13 1 0
github.com/Kyanite/noise/internal/pattern/types.go:187.18,188.13 1 0
github.com/Kyanite/noise/internal/pattern/types.go:189.18,190.13 1 0
github.com/Kyanite/noise/internal/pattern/types.go:191.16,192.13 1 0
github.com/Kyanite/noise/internal/pattern/types.go:193.21,194.13 1 0
github.com/Kyanite/noise/internal/pattern/types.go:195.20,196.13 1 0
github.com/Kyanite/noise/internal/pattern/types.go:197.15,198.13 1 0
github.com/Kyanite/noise/internal/pattern/types.go:199.17,200.13 1 0
github.com/Kyanite/noise/internal/pattern/types.go:201.19,202.13 1 0
github.com/Kyanite/noise/internal/pattern/types.go:203.20,204.13 1 0
github.com/Kyanite/noise/internal/pattern/types.go:205.18,206.13 1 0
github.com/Kyanite/noise/internal/pattern/types.go:207.22,208.13 1 0
github.com/Kyanite/noise/internal/pattern/types.go:209.17,210.13 1 0
github.com/Kyanite/noise/internal/pattern/types.go:211.18,212.13 1 0
github.com/Kyanite/noise/internal/pattern/types.go:213.19,214.13 1 0
github.com/Kyanite/noise/internal/pattern/types.go:215.18,216.14 1 0
github.com/Kyanite/noise/internal/pattern/types.go:217.17,218.13 1 0
github.com/Kyanite/noise/internal/pattern/types.go:219.19,220.14 1 0
github.com/Kyanite/noise/internal/pattern/types.go:221.20,222.13 1 0
github.com/Kyanite/noise/internal/pattern/types.go:223.22,224.14 1 0
github.com/Kyanite/noise/internal/pattern/types.go:225.22,226.13 1 0
github.com/Kyanite/noise/internal/pattern/types.go:227.19,228.13 1 0
github.com/Kyanite/noise/internal/pattern/types.go:229.19,230.13 1 0
github.com/Kyanite/noise/internal/pattern/types.go:231.21,232.13 1 0
github.com/Kyanite/noise/internal/pattern/types.go:233.21,234.13 1 0
github.com/Kyanite/noise/internal/pattern/types.go:235.19,236.13 1 0
github.com/Kyanite/noise/internal/pattern/types.go:237.19,238.13 1 0
github.com/Kyanite/noise/internal/pattern/types.go:239.20,240.19 1 0
github.com/Kyanite/noise/internal/pattern/types.go:241.19,242.18 1 0
github.com/Kyanite/noise/internal/pattern/types.go:243.17,244.16 1 0
github.com/Kyanite/noise/internal/pattern/types.go:245.17,246.16 1 0
github.com/Kyanite/noise/internal/pattern/types.go:247.18,248.17 1 0
github.com/Kyanite/noise/internal/pattern/types.go:249.19,250.18 1 0
github.com/Kyanite/noise/internal/pattern/types.go:251.16,252.15 1 0
github.com/Kyanite/noise/internal/pattern/types.go:253.18,254.17 1 0
github.com/Kyanite/noise/internal/pattern/types.go:255.19,256.18 1 0
github.com/Kyanite/noise/internal/pattern/types.go:257.19,258.18 1 0
github.com/Kyanite/noise/internal/pattern/types.go:259.17,260.16 1 0
github.com/Kyanite/noise/internal/pattern/types.go:261.17,262.16 1 0
github.com/Kyanite/noise/internal/pattern/types.go:263.18,264.17 1 0
github.com/Kyanite/noise/internal/pattern/types.go:265.19,266.18 1 0
github.com/Kyanite/noise/internal/pattern/types.go:267.23,268.22 1 0
github.com/Kyanite/noise/internal/pattern/types.go:269.22,270.21 1 0
github.com/Kyanite/noise/internal/pattern/types.go:271.18,272.17 1 0
github.com/Kyanite/noise/internal/pattern/types.go:273.19,274.18 1 0
github.com/Kyanite/noise/internal/pattern/types.go:275.18,276.17 1 0
github.com/Kyanite/noise/internal/pattern/types.go:277.24,278.23 1 0
github.com/Kyanite/noise/internal/pattern/types.go:279.17,280.16 1 0
github.com/Kyanite/noise/internal/pattern/types.go:281.16,282.15 1 0
github.com/Kyanite/noise/internal/pattern/types.go:283.16,284.15 1 0
github.com/Kyanite/noise/internal/pattern/types.go:285.16,286.15 1 0
github.com/Kyanite/noise/internal/pattern/types.go:287.18,288.17 1 0
github.com/Kyanite/noise/internal/pattern/types.go:289.15,290.14 1 0
github.com/Kyanite/noise/internal/pattern/types.go:291.16,292.15 1 0
github.com/Kyanite/noise/internal/pattern/types.go:293.16,294.15 1 0
github.com/Kyanite/noise/internal/pattern/types.go:295.17,296.16 1 0
github.com/Kyanite/noise/internal/pattern/types.go:297.17,298.16 1 0
github.com/Kyanite/noise/internal/pattern/types.go:299.22,300.21 1 0
github.com/Kyanite/noise/internal/pattern/types.go:301.17,302.16 1 0
github.com/Kyanite/noise/internal/pattern/types.go:303.17,304.16 1 0
github.com/Kyanite/noise/internal/pattern/types.go:305.17,306.16 1 0
github.com/Kyanite/noise/internal/pattern/types.go:307.20,308.19 1 0
github.com/Kyanite/noise/internal/pattern/types.go:309.10,310.19 1 0
github.com/Kyanite/noise/internal/pattern/types.go:334.38,335.25 1 0
github.com/Kyanite/noise/internal/pattern/types.go:335.25,337.3 1 0
github.com/Kyanite/noise/internal/pattern/types.go:338.2,338.18 1 0
github.com/Kyanite/noise/internal/pattern/validator.go:14.32,26.2 6 0
github.com/Kyanite/noise/internal/pattern/validator.go:29.50,31.2 1 0
github.com/Kyanite/noise/internal/pattern/validator.go:34.63,37.31 2 0
github.com/Kyanite/noise/internal/pattern/validator.go:37.31,40.3 2 0
github.com/Kyanite/noise/internal/pattern/validator.go:42.2,42.15 1 0
github.com/Kyanite/noise/internal/pattern/validator.go:46.70,49.42 2 0
github.com/Kyanite/noise/internal/pattern/validator.go:49.42,50.54 1 0
github.com/Kyanite/noise/internal/pattern/validator.go:50.54,54.4 3 0
github.com/Kyanite/noise/internal/pattern/validator.go:57.2,57.15 1 0
github.com/Kyanite/noise/internal/pattern/validator.go:61.63,67.26 2 0
github.com/Kyanite/noise/internal/pattern/validator.go:68.26,69.51 1 0
github.com/Kyanite/noise/internal/pattern/validator.go:70.23,71.38 1 0
github.com/Kyanite/noise/internal/pattern/validator.go:71.38,72.55 1 0
github.com/Kyanite/noise/internal/pattern/validator.go:72.55,74.5 1 0
github.com/Kyanite/noise/internal/pattern/validator.go:76.27,77.34 1 0
github.com/Kyanite/noise/internal/pattern/validator.go:77.34,78.53 1 0
github.com/Kyanite/noise/internal/pattern/validator.go:78.53,80.5 1 0
github.com/Kyanite/noise/internal/pattern/validator.go:84.2,84.16 1 0
github.com/Kyanite/noise/internal/pattern/validator.go:90.46,92.2 1 0
github.com/Kyanite/noise/internal/pattern/validator.go:94.74,98.30 2 0
github.com/Kyanite/noise/internal/pattern/validator.go:98.30,103.3 1 0
github.com/Kyanite/noise/internal/pattern/validator.go:106.2,106.39 1 0
github.com/Kyanite/noise/internal/pattern/validator.go:106.39,107.28 1 0
github.com/Kyanite/noise/internal/pattern/validator.go:108.18,109.36 1 0
github.com/Kyanite/noise/internal/pattern/validator.go:109.36,114.5 1 0
github.com/Kyanite/noise/internal/pattern/validator.go:115.20,116.20 1 0
github.com/Kyanite/noise/internal/pattern/validator.go:116.20,121.5 1 0
github.com/Kyanite/noise/internal/pattern/validator.go:125.2,125.15 1 0
github.com/Kyanite/noise/internal/pattern/validator.go:131.48,133.2 1 0
github.com/Kyanite/noise/internal/pattern/validator.go:135.76,143.39 5 0
github.com/Kyanite/noise/internal/pattern/validator.go:143.39,144.23 1 0
github.com/Kyanite/noise/internal/pattern/validator.go:145.20,146.17 1 0
github.com/Kyanite/noise/internal/pattern/validator.go:147.18,148.15 1 0
github.com/Kyanite/noise/internal/pattern/validator.go:149.18,150.15 1 0
github.com/Kyanite/noise/internal/pattern/validator.go:155.2,155.38 1 0
github.com/Kyanite/noise/internal/pattern/validator.go:155.38,160.3 1 0
github.com/Kyanite/noise/internal/pattern/validator.go:163.2,163.65 1 0
github.com/Kyanite/noise/internal/pattern/validator.go:163.65,168.3 1 0
github.com/Kyanite/noise/internal/pattern/validator.go:170.2,170.15 1 0
github.com/Kyanite/noise/internal/pattern/validator.go:176.51,178.2 1 0
github.com/Kyanite/noise/internal/pattern/validator.go:180.79,184.32 2 0
github.com/Kyanite/noise/internal/pattern/validator.go:184.32,189.3 1 0
github.com/Kyanite/noise/internal/pattern/validator.go:192.2,192.39 1 0
github.com/Kyanite/noise/internal/pattern/validator.go:192.39,197.3 1 0
github.com/Kyanite/noise/internal/pattern/validator.go:199.2,199.15 1 0
github.com/Kyanite/noise/internal/pattern/validator.go:205.47,207.2 1 0
github.com/Kyanite/noise/internal/pattern/validator.go:209.75,213.39 2 0
github.com/Kyanite/noise/internal/pattern/validator.go:213.39,214.40 1 0
github.com/Kyanite/noise/internal/pattern/validator.go:214.40,220.30 2 0
github.com/Kyanite/noise/internal/pattern/validator.go:220.30,225.5 1 0
github.com/Kyanite/noise/internal/pattern/validator.go:228.4,228.75 1 0
github.com/Kyanite/noise/internal/pattern/validator.go:228.75,233.5 1 0
github.com/Kyanite/noise/internal/pattern/validator.go:237.2,237.15 1 0
github.com/Kyanite/noise/internal/pattern/validator.go:246.46,248.2 1 0
github.com/Kyanite/noise/internal/pattern/validator.go:251.64,252.16 1 0
github.com/Kyanite/noise/internal/pattern/validator.go:252.16,254.3 1 0
github.com/Kyanite/noise/internal/pattern/validator.go:257.2,265.37 2 0
github.com/Kyanite/noise/internal/pattern/validator.go:265.37,267.3 1 0
github.com/Kyanite/noise/internal/pattern/validator.go:270.2,275.18 3 0
github.com/Kyanite/noise/internal/pattern/validator.go:279.81,284.31 3 0
github.com/Kyanite/noise/internal/pattern/validator.go:284.31,285.45 1 0
github.com/Kyanite/noise/internal/pattern/validator.go:285.45,286.20 1 0
github.com/Kyanite/noise/internal/pattern/validator.go:286.20,289.5 2 0
github.com/Kyanite/noise/internal/pattern/validator.go:290.9,293.4 2 0
github.com/Kyanite/noise/internal/pattern/validator.go:296.2,296.18 1 0
github.com/Kyanite/noise/internal/pattern/validator.go:300.81,305.31 3 0
github.com/Kyanite/noise/internal/pattern/validator.go:305.31,307.17 2 0
github.com/Kyanite/noise/internal/pattern/validator.go:307.17,310.4 2 0
github.com/Kyanite/noise/internal/pattern/validator.go:313.2,313.18 1 0
github.com/Kyanite/noise/internal/pattern/validator.go:325.48,332.2 1 0
github.com/Kyanite/noise/internal/pattern/validator.go:341.82,348.24 2 0
github.com/Kyanite/noise/internal/pattern/validator.go:348.24,350.3 1 0
github.com/Kyanite/noise/internal/pattern/validator.go:352.2,352.10 1 0
github.com/Kyanite/noise/internal/pattern/validator.go:356.62,358.2 1 0
github.com/Kyanite/noise/internal/pattern/validator.go:361.75,365.32 2 0
github.com/Kyanite/noise/internal/pattern/validator.go:365.32,367.3 1 0
github.com/Kyanite/noise/internal/pattern/validator.go:369.2,369.52 1 0
github.com/Kyanite/noise/internal/pattern/validator.go:369.52,374.3 1 0
github.com/Kyanite/noise/internal/pattern/validator.go:376.2,376.46 1 0
github.com/Kyanite/noise/internal/pattern/validator.go:376.46,381.3 1 0
github.com/Kyanite/noise/internal/pattern/validator.go:384.2,384.31 1 0
github.com/Kyanite/noise/internal/pattern/validator.go:384.31,387.3 2 0
github.com/Kyanite/noise/internal/pattern/validator.go:389.2,389.15 1 0
github.com/Kyanite/noise/internal/pattern/validator.go:393.85,399.39 4 0
github.com/Kyanite/noise/internal/pattern/validator.go:399.39,400.23 1 0
github.com/Kyanite/noise/internal/pattern/validator.go:401.20,402.21 1 0
github.com/Kyanite/noise/internal/pattern/validator.go:403.18,404.19 1 0
github.com/Kyanite/noise/internal/pattern/validator.go:408.2,408.28 1 0
github.com/Kyanite/noise/internal/pattern/validator.go:408.28,413.3 1 0
github.com/Kyanite/noise/internal/pattern/validator.go:415.2,415.15 1 0
github.com/Kyanite/noise/internal/pattern/validator.go:421.46,423.2 1 0
github.com/Kyanite/noise/internal/pattern/validator.go:425.74,429.39 2 0
github.com/Kyanite/noise/internal/pattern/validator.go:429.39,430.28 1 0
github.com/Kyanite/noise/internal/pattern/validator.go:431.20,433.24 1 0
github.com/Kyanite/noise/internal/pattern/validator.go:433.24,438.5 1 0
github.com/Kyanite/noise/internal/pattern/validator.go:439.18,441.36 1 0
github.com/Kyanite/noise/internal/pattern/validator.go:441.36,446.5 1 0
github.com/Kyanite/noise/internal/pattern/validator.go:450.2,450.15 1 0
github.com/Kyanite/noise/internal/ui/animation.go:28.47,36.2 1 0
github.com/Kyanite/noise/internal/ui/animation.go:73.46,84.2 3 0
github.com/Kyanite/noise/internal/ui/animation.go:87.63,91.2 3 0
github.com/Kyanite/noise/internal/ui/animation.go:94.57,98.2 3 0
github.com/Kyanite/noise/internal/ui/animation.go:101.98,105.24 3 0
github.com/Kyanite/noise/internal/ui/animation.go:105.24,107.3 1 0
github.com/Kyanite/noise/internal/ui/animation.go:110.2,111.20 2 0
github.com/Kyanite/noise/internal/ui/animation.go:111.20,113.3 1 0
github.com/Kyanite/noise/internal/ui/animation.go:116.2,134.27 3 0
github.com/Kyanite/noise/internal/ui/animation.go:138.54,142.2 3 0
github.com/Kyanite/noise/internal/ui/animation.go:145.46,146.24 1 0
github.com/Kyanite/noise/internal/ui/animation.go:146.24,150.25 3 0
github.com/Kyanite/noise/internal/ui/animation.go:150.25,152.4 1 0
github.com/Kyanite/noise/internal/ui/animation.go:155.3,156.21 2 0
github.com/Kyanite/noise/internal/ui/animation.go:156.21,158.4 1 0
github.com/Kyanite/noise/internal/ui/animation.go:160.3,162.40 2 0
github.com/Kyanite/noise/internal/ui/animation.go:162.40,172.59 3 0
github.com/Kyanite/noise/internal/ui/animation.go:172.59,175.5 2 0
github.com/Kyanite/noise/internal/ui/animation.go:175.10,177.5 1 0
github.com/Kyanite/noise/internal/ui/animation.go:180.4,180.22 1 0
github.com/Kyanite/noise/internal/ui/animation.go:180.22,182.5 1 0
github.com/Kyanite/noise/internal/ui/animation.go:186.3,186.26 1 0
github.com/Kyanite/noise/internal/ui/animation.go:186.26,190.4 2 0
github.com/Kyanite/noise/internal/ui/animation.go:192.3,192.13 1 0
github.com/Kyanite/noise/internal/ui/animation.go:197.69,201.48 3 0
github.com/Kyanite/noise/internal/ui/animation.go:201.48,203.27 1 0
github.com/Kyanite/noise/internal/ui/animation.go:203.27,205.29 1 0
github.com/Kyanite/noise/internal/ui/animation.go:205.29,207.5 1 0
github.com/Kyanite/noise/internal/ui/animation.go:208.4,208.14 1 0
github.com/Kyanite/noise/internal/ui/animation.go:211.3,211.44 1 0
github.com/Kyanite/noise/internal/ui/animation.go:213.2,213.12 1 0
github.com/Kyanite/noise/internal/ui/animation.go:217.63,223.2 4 0
github.com/Kyanite/noise/internal/ui/animation.go:226.50,230.2 3 0
github.com/Kyanite/noise/internal/ui/animation.go:233.37,236.2 2 0
github.com/Kyanite/noise/internal/ui/animation.go:242.78,244.2 1 0
github.com/Kyanite/noise/internal/ui/animation.go:247.80,249.2 1 0
github.com/Kyanite/noise/internal/ui/animation.go:252.80,254.2 1 0
github.com/Kyanite/noise/internal/ui/animation.go:257.76,259.19 1 0
github.com/Kyanite/noise/internal/ui/animation.go:259.19,261.3 1 0
github.com/Kyanite/noise/internal/ui/animation.go:263.2,263.19 1 0
github.com/Kyanite/noise/internal/ui/animation.go:263.19,265.3 1 0
github.com/Kyanite/noise/internal/ui/animation.go:270.2,273.21 2 0
github.com/Kyanite/noise/internal/ui/animation.go:273.21,275.3 1 0
github.com/Kyanite/noise/internal/ui/animation.go:275.8,278.3 1 0
github.com/Kyanite/noise/internal/ui/animation.go:281.2,283.18 2 0
github.com/Kyanite/noise/internal/ui/animation.go:287.95,291.19 1 0
github.com/Kyanite/noise/internal/ui/animation.go:291.19,292.20 1 0
github.com/Kyanite/noise/internal/ui/animation.go:293.15,299.18 1 0
github.com/Kyanite/noise/internal/ui/animation.go:300.16,306.18 1 0
github.com/Kyanite/noise/internal/ui/animation.go:307.13,313.18 1 0
github.com/Kyanite/noise/internal/ui/animation.go:314.15,320.18 1 0
github.com/Kyanite/noise/internal/ui/animation.go:324.2,324.19 1 0
github.com/Kyanite/noise/internal/ui/animation.go:324.19,327.3 1 0
github.com/Kyanite/noise/internal/ui/animation.go:331.2,332.19 2 0
github.com/Kyanite/noise/internal/ui/animation.go:333.14,334.48 1 0
github.com/Kyanite/noise/internal/ui/animation.go:335.15,336.49 1 0
github.com/Kyanite/noise/internal/ui/animation.go:337.12,338.53 1 0
github.com/Kyanite/noise/internal/ui/animation.go:339.14,340.56 1 0
github.com/Kyanite/noise/internal/ui/animation.go:343.2,343.13 1 0
github.com/Kyanite/noise/internal/ui/animation.go:347.77,350.36 1 0
github.com/Kyanite/noise/internal/ui/animation.go:350.36,352.3 1 0
github.com/Kyanite/noise/internal/ui/animation.go:355.2,357.19 3 0
github.com/Kyanite/noise/internal/ui/animation.go:357.19,359.3 1 0
github.com/Kyanite/noise/internal/ui/animation.go:363.2,364.42 2 0
github.com/Kyanite/noise/internal/ui/animation.go:368.29,371.2 1 0
github.com/Kyanite/noise/internal/ui/animation.go:374.29,375.11 1 0
github.com/Kyanite/noise/internal/ui/animation.go:375.11,377.3 1 0
github.com/Kyanite/noise/internal/ui/animation.go:378.2,378.10 1 0
github.com/Kyanite/noise/internal/ui/audio.go:91.34,113.2 2 0
github.com/Kyanite/noise/internal/ui/audio.go:116.37,118.2 1 0
github.com/Kyanite/noise/internal/ui/audio.go:121.65,124.27 2 0
github.com/Kyanite/noise/internal/ui/audio.go:125.25,127.24 2 0
github.com/Kyanite/noise/internal/ui/audio.go:129.18,130.23 1 0
github.com/Kyanite/noise/internal/ui/audio.go:131.14,132.16 1 0
github.com/Kyanite/noise/internal/ui/audio.go:133.20,134.16 1 0
github.com/Kyanite/noise/internal/ui/audio.go:135.22,138.36 2 0
github.com/Kyanite/noise/internal/ui/audio.go:138.36,140.5 1 0
github.com/Kyanite/noise/internal/ui/audio.go:141.12,143.24 1 0
github.com/Kyanite/noise/internal/ui/audio.go:144.22,145.23 1 0
github.com/Kyanite/noise/internal/ui/audio.go:146.23,147.24 1 0
github.com/Kyanite/noise/internal/ui/audio.go:148.23,149.24 1 0
github.com/Kyanite/noise/internal/ui/audio.go:151.12,153.24 1 0
github.com/Kyanite/noise/internal/ui/audio.go:154.22,155.21 1 0
github.com/Kyanite/noise/internal/ui/audio.go:156.23,157.22 1 0
github.com/Kyanite/noise/internal/ui/audio.go:158.23,159.22 1 0
github.com/Kyanite/noise/internal/ui/audio.go:161.13,162.28 1 0
github.com/Kyanite/noise/internal/ui/audio.go:162.28,164.5 1 0
github.com/Kyanite/noise/internal/ui/audio.go:165.15,167.40 2 0
github.com/Kyanite/noise/internal/ui/audio.go:167.40,169.5 1 0
github.com/Kyanite/noise/internal/ui/audio.go:170.17,172.54 1 0
github.com/Kyanite/noise/internal/ui/audio.go:172.54,174.5 1 0
github.com/Kyanite/noise/internal/ui/audio.go:175.12,177.53 1 0
github.com/Kyanite/noise/internal/ui/audio.go:177.53,179.5 1 0
github.com/Kyanite/noise/internal/ui/audio.go:180.17,181.28 1 0
github.com/Kyanite/noise/internal/ui/audio.go:182.14,183.18 1 0
github.com/Kyanite/noise/internal/ui/audio.go:183.18,185.5 1 0
github.com/Kyanite/noise/internal/ui/audio.go:189.3,189.23 1 0
github.com/Kyanite/noise/internal/ui/audio.go:190.21,191.52 1 0
github.com/Kyanite/noise/internal/ui/audio.go:191.52,193.5 1 0
github.com/Kyanite/noise/internal/ui/audio.go:194.22,195.53 1 0
github.com/Kyanite/noise/internal/ui/audio.go:195.53,197.5 1 0
github.com/Kyanite/noise/internal/ui/audio.go:198.22,199.53 1 0
github.com/Kyanite/noise/internal/ui/audio.go:199.53,201.5 1 0
github.com/Kyanite/noise/internal/ui/audio.go:206.2,206.42 1 0
github.com/Kyanite/noise/internal/ui/audio.go:206.42,209.17 3 0
github.com/Kyanite/noise/internal/ui/audio.go:209.17,211.4 1 0
github.com/Kyanite/noise/internal/ui/audio.go:214.2,214.30 1 0
github.com/Kyanite/noise/internal/ui/audio.go:218.36,219.16 1 0
github.com/Kyanite/noise/internal/ui/audio.go:219.16,221.3 1 0
github.com/Kyanite/noise/internal/ui/audio.go:223.2,235.22 7 0
github.com/Kyanite/noise/internal/ui/audio.go:236.20,237.35 1 0
github.com/Kyanite/noise/internal/ui/audio.go:238.21,239.36 1 0
github.com/Kyanite/noise/internal/ui/audio.go:240.21,241.36 1 0
github.com/Kyanite/noise/internal/ui/audio.go:243.2,250.64 4 0
github.com/Kyanite/noise/internal/ui/audio.go:254.33,259.2 4 0
github.com/Kyanite/noise/internal/ui/audio.go:261.33,266.2 4 0
github.com/Kyanite/noise/internal/ui/audio.go:268.43,269.22 1 0
github.com/Kyanite/noise/internal/ui/audio.go:270.20,271.11 1 0
github.com/Kyanite/noise/internal/ui/audio.go:272.21,273.11 1 0
github.com/Kyanite/noise/internal/ui/audio.go:274.21,275.11 1 0
github.com/Kyanite/noise/internal/ui/audio.go:276.10,277.11 1 0
github.com/Kyanite/noise/internal/ui/audio.go:282.39,283.37 1 0
github.com/Kyanite/noise/internal/ui/audio.go:283.37,285.3 1 0
github.com/Kyanite/noise/internal/ui/audio.go:285.8,287.3 1 0
github.com/Kyanite/noise/internal/ui/audio.go:290.37,293.2 2 0
github.com/Kyanite/noise/internal/ui/audio.go:295.65,296.22 1 0
github.com/Kyanite/noise/internal/ui/audio.go:297.11,298.36 1 0
github.com/Kyanite/noise/internal/ui/audio.go:299.11,301.36 1 0
github.com/Kyanite/noise/internal/ui/audio.go:303.2,303.12 1 0
github.com/Kyanite/noise/internal/ui/audio.go:306.44,310.2 2 0
github.com/Kyanite/noise/internal/ui/audio.go:312.44,316.2 2 0
github.com/Kyanite/noise/internal/ui/audio.go:319.40,320.42 1 0
github.com/Kyanite/noise/internal/ui/audio.go:320.42,322.3 1 0
github.com/Kyanite/noise/internal/ui/audio.go:322.8,324.3 1 0
github.com/Kyanite/noise/internal/ui/audio.go:327.38,330.2 2 0
github.com/Kyanite/noise/internal/ui/audio.go:332.66,333.22 1 0
github.com/Kyanite/noise/internal/ui/audio.go:334.11,336.31 1 0
github.com/Kyanite/noise/internal/ui/audio.go:336.31,339.4 2 0
github.com/Kyanite/noise/internal/ui/audio.go:339.9,342.4 2 0
github.com/Kyanite/noise/internal/ui/audio.go:344.2,344.12 1 0
github.com/Kyanite/noise/internal/ui/audio.go:348.40,349.44 1 0
github.com/Kyanite/noise/internal/ui/audio.go:349.44,351.3 1 0
github.com/Kyanite/noise/internal/ui/audio.go:351.8,353.3 1 0
github.com/Kyanite/noise/internal/ui/audio.go:356.38,359.2 2 0
github.com/Kyanite/noise/internal/ui/audio.go:361.66,363.22 1 0
github.com/Kyanite/noise/internal/ui/audio.go:364.11,366.26 1 0
github.com/Kyanite/noise/internal/ui/audio.go:368.2,368.12 1 0
github.com/Kyanite/noise/internal/ui/audio.go:372.50,376.29 3 0
github.com/Kyanite/noise/internal/ui/audio.go:376.29,378.29 2 0
github.com/Kyanite/noise/internal/ui/audio.go:378.29,380.4 1 0
github.com/Kyanite/noise/internal/ui/audio.go:380.9,382.4 1 0
github.com/Kyanite/noise/internal/ui/audio.go:383.3,383.69 1 0
github.com/Kyanite/noise/internal/ui/audio.go:386.2,386.70 1 0
github.com/Kyanite/noise/internal/ui/audio.go:389.50,409.25 10 0
github.com/Kyanite/noise/internal/ui/audio.go:410.20,411.28 1 0
github.com/Kyanite/noise/internal/ui/audio.go:412.19,413.27 1 0
github.com/Kyanite/noise/internal/ui/audio.go:415.2,417.37 2 0
github.com/Kyanite/noise/internal/ui/audio.go:420.51,443.42 11 0
github.com/Kyanite/noise/internal/ui/audio.go:443.42,445.3 1 0
github.com/Kyanite/noise/internal/ui/audio.go:446.2,448.37 2 0
github.com/Kyanite/noise/internal/ui/audio.go:451.51,468.26 9 0
github.com/Kyanite/noise/internal/ui/audio.go:469.26,470.22 1 0
github.com/Kyanite/noise/internal/ui/audio.go:471.23,472.19 1 0
github.com/Kyanite/noise/internal/ui/audio.go:474.2,476.37 2 0
github.com/Kyanite/noise/internal/ui/audio.go:479.47,490.2 5 0
github.com/Kyanite/noise/internal/ui/audio.go:492.42,524.2 2 0
github.com/Kyanite/noise/internal/ui/chord_picker.go:59.46,105.2 1 0
github.com/Kyanite/noise/internal/ui/chord_picker.go:108.43,110.2 1 0
github.com/Kyanite/noise/internal/ui/chord_picker.go:113.77,114.27 1 0
github.com/Kyanite/noise/internal/ui/chord_picker.go:115.25,117.24 2 0
github.com/Kyanite/noise/internal/ui/chord_picker.go:119.26,128.16 7 0
github.com/Kyanite/noise/internal/ui/chord_picker.go:128.16,129.71 1 0
github.com/Kyanite/noise/internal/ui/chord_picker.go:129.71,133.5 3 0
github.com/Kyanite/noise/internal/ui/chord_picker.go:136.3,136.16 1 0
github.com/Kyanite/noise/internal/ui/chord_picker.go:138.26,140.16 2 0
github.com/Kyanite/noise/internal/ui/chord_picker.go:142.18,143.17 1 0
github.com/Kyanite/noise/internal/ui/chord_picker.go:143.17,145.4 1 0
github.com/Kyanite/noise/internal/ui/chord_picker.go:147.3,147.23 1 0
github.com/Kyanite/noise/internal/ui/chord_picker.go:148.14,150.17 2 0
github.com/Kyanite/noise/internal/ui/chord_picker.go:152.18,153.25 1 0
github.com/Kyanite/noise/internal/ui/chord_picker.go:153.25,155.5 1 0
github.com/Kyanite/noise/internal/ui/chord_picker.go:157.20,158.45 1 0
github.com/Kyanite/noise/internal/ui/chord_picker.go:158.45,160.5 1 0
github.com/Kyanite/noise/internal/ui/chord_picker.go:162.27,166.24 3 0
github.com/Kyanite/noise/internal/ui/chord_picker.go:167.13,168.12 1 0
github.com/Kyanite/noise/internal/ui/chord_picker.go:169.13,170.12 1 0
github.com/Kyanite/noise/internal/ui/chord_picker.go:171.13,172.12 1 0
github.com/Kyanite/noise/internal/ui/chord_picker.go:173.13,174.12 1 0
github.com/Kyanite/noise/internal/ui/chord_picker.go:177.4,177.24 1 0
github.com/Kyanite/noise/internal/ui/chord_picker.go:177.24,179.5 1 0
github.com/Kyanite/noise/internal/ui/chord_picker.go:181.12,183.31 1 0
github.com/Kyanite/noise/internal/ui/chord_picker.go:183.31,186.5 2 0
github.com/Kyanite/noise/internal/ui/chord_picker.go:188.21,190.65 1 0
github.com/Kyanite/noise/internal/ui/chord_picker.go:190.65,192.32 2 0
github.com/Kyanite/noise/internal/ui/chord_picker.go:192.32,194.6 1 0
github.com/Kyanite/noise/internal/ui/chord_picker.go:195.5,195.22 1 0
github.com/Kyanite/noise/internal/ui/chord_picker.go:199.24,201.48 1 0
github.com/Kyanite/noise/internal/ui/chord_picker.go:201.48,203.4 1 0
github.com/Kyanite/noise/internal/ui/chord_picker.go:203.9,205.4 1 0
github.com/Kyanite/noise/internal/ui/chord_picker.go:208.2,208.15 1 0
github.com/Kyanite/noise/internal/ui/chord_picker.go:212.42,213.29 1 0
github.com/Kyanite/noise/internal/ui/chord_picker.go:213.29,215.3 1 0
github.com/Kyanite/noise/internal/ui/chord_picker.go:218.2,219.19 2 0
github.com/Kyanite/noise/internal/ui/chord_picker.go:219.19,221.3 1 0
github.com/Kyanite/noise/internal/ui/chord_picker.go:223.2,224.20 2 0
github.com/Kyanite/noise/internal/ui/chord_picker.go:224.20,226.3 1 0
github.com/Kyanite/noise/internal/ui/chord_picker.go:229.2,248.66 10 0
github.com/Kyanite/noise/internal/ui/chord_picker.go:252.54,256.29 3 0
github.com/Kyanite/noise/internal/ui/chord_picker.go:256.29,258.27 2 0
github.com/Kyanite/noise/internal/ui/chord_picker.go:258.27,260.4 1 0
github.com/Kyanite/noise/internal/ui/chord_picker.go:260.9,262.4 1 0
github.com/Kyanite/noise/internal/ui/chord_picker.go:264.3,265.36 2 0
github.com/Kyanite/noise/internal/ui/chord_picker.go:268.2,268.35 1 0
github.com/Kyanite/noise/internal/ui/chord_picker.go:272.83,273.30 1 0
github.com/Kyanite/noise/internal/ui/chord_picker.go:273.30,275.3 1 0
github.com/Kyanite/noise/internal/ui/chord_picker.go:277.2,281.40 3 0
github.com/Kyanite/noise/internal/ui/chord_picker.go:281.40,283.3 1 0
github.com/Kyanite/noise/internal/ui/chord_picker.go:286.2,287.49 2 0
github.com/Kyanite/noise/internal/ui/chord_picker.go:287.49,289.3 1 0
github.com/Kyanite/noise/internal/ui/chord_picker.go:290.2,290.18 1 0
github.com/Kyanite/noise/internal/ui/chord_picker.go:290.18,292.3 1 0
github.com/Kyanite/noise/internal/ui/chord_picker.go:295.2,295.79 1 0
github.com/Kyanite/noise/internal/ui/chord_picker.go:295.79,299.25 3 0
github.com/Kyanite/noise/internal/ui/chord_picker.go:299.25,301.4 1 0
github.com/Kyanite/noise/internal/ui/chord_picker.go:301.9,303.4 1 0
github.com/Kyanite/noise/internal/ui/chord_picker.go:306.3,310.33 3 0
github.com/Kyanite/noise/internal/ui/chord_picker.go:310.33,312.4 1 0
github.com/Kyanite/noise/internal/ui/chord_picker.go:314.3,318.25 3 0
github.com/Kyanite/noise/internal/ui/chord_picker.go:318.25,321.4 2 0
github.com/Kyanite/noise/internal/ui/chord_picker.go:324.2,324.34 1 0
github.com/Kyanite/noise/internal/ui/chord_picker.go:328.56,338.2 2 0
github.com/Kyanite/noise/internal/ui/chord_picker.go:341.55,346.15 4 0
github.com/Kyanite/noise/internal/ui/chord_picker.go:346.15,348.3 1 0
github.com/Kyanite/noise/internal/ui/chord_picker.go:348.8,350.39 2 0
github.com/Kyanite/noise/internal/ui/chord_picker.go:350.39,351.25 1 0
github.com/Kyanite/noise/internal/ui/chord_picker.go:351.25,353.5 1 0
github.com/Kyanite/noise/internal/ui/chord_picker.go:355.3,355.28 1 0
github.com/Kyanite/noise/internal/ui/chord_picker.go:360.73,361.24 1 0
github.com/Kyanite/noise/internal/ui/chord_picker.go:361.24,363.3 1 0
github.com/Kyanite/noise/internal/ui/chord_picker.go:367.43,368.24 1 0
github.com/Kyanite/noise/internal/ui/chord_picker.go:368.24,370.3 1 0
github.com/Kyanite/noise/internal/ui/chord_picker.go:374.45,376.2 1 0
github.com/Kyanite/noise/internal/ui/chord_picker.go:379.76,380.63 1 0
github.com/Kyanite/noise/internal/ui/chord_picker.go:380.63,382.3 1 0
github.com/Kyanite/noise/internal/ui/chord_picker.go:383.2,383.12 1 0
github.com/Kyanite/noise/internal/ui/components.go:25.72,36.2 4 0
github.com/Kyanite/noise/internal/ui/components.go:39.51,45.2 2 0
github.com/Kyanite/noise/internal/ui/components.go:48.64,51.27 2 0
github.com/Kyanite/noise/internal/ui/components.go:52.24,54.17 2 0
github.com/Kyanite/noise/internal/ui/components.go:54.17,56.4 1 0
github.com/Kyanite/noise/internal/ui/components.go:58.25,60.26 2 0
github.com/Kyanite/noise/internal/ui/components.go:63.2,67.27 4 0
github.com/Kyanite/noise/internal/ui/components.go:71.50,83.44 4 0
github.com/Kyanite/noise/internal/ui/components.go:83.44,85.20 2 0
github.com/Kyanite/noise/internal/ui/components.go:85.20,87.4 1 0
github.com/Kyanite/noise/internal/ui/components.go:88.3,88.116 1 0
github.com/Kyanite/noise/internal/ui/components.go:92.2,92.44 1 0
github.com/Kyanite/noise/internal/ui/components.go:92.44,95.25 2 0
github.com/Kyanite/noise/internal/ui/components.go:95.25,97.4 1 0
github.com/Kyanite/noise/internal/ui/components.go:98.3,98.131 1 0
github.com/Kyanite/noise/internal/ui/components.go:101.2,102.23 2 0
github.com/Kyanite/noise/internal/ui/components.go:102.23,104.3 1 0
github.com/Kyanite/noise/internal/ui/components.go:106.2,106.37 1 0
github.com/Kyanite/noise/internal/ui/components.go:110.63,113.2 2 0
github.com/Kyanite/noise/internal/ui/components.go:116.66,117.24 1 0
github.com/Kyanite/noise/internal/ui/components.go:117.24,122.3 3 0
github.com/Kyanite/noise/internal/ui/components.go:146.62,153.2 1 0
github.com/Kyanite/noise/internal/ui/components.go:156.61,158.36 2 0
github.com/Kyanite/noise/internal/ui/components.go:158.36,160.3 1 0
github.com/Kyanite/noise/internal/ui/components.go:164.76,168.16 3 0
github.com/Kyanite/noise/internal/ui/components.go:169.21,170.54 1 0
github.com/Kyanite/noise/internal/ui/components.go:171.19,172.52 1 0
github.com/Kyanite/noise/internal/ui/components.go:173.21,174.55 1 0
github.com/Kyanite/noise/internal/ui/components.go:175.21,176.54 1 0
github.com/Kyanite/noise/internal/ui/components.go:181.45,185.20 2 0
github.com/Kyanite/noise/internal/ui/components.go:186.21,187.61 1 0
github.com/Kyanite/noise/internal/ui/components.go:188.19,189.59 1 0
github.com/Kyanite/noise/internal/ui/components.go:190.21,191.61 1 0
github.com/Kyanite/noise/internal/ui/components.go:192.21,193.61 1 0
github.com/Kyanite/noise/internal/ui/components.go:194.10,195.65 1 0
github.com/Kyanite/noise/internal/ui/components.go:199.2,204.48 5 0
github.com/Kyanite/noise/internal/ui/components.go:204.48,209.3 3 0
github.com/Kyanite/noise/internal/ui/components.go:211.2,211.44 1 0
github.com/Kyanite/noise/internal/ui/components.go:211.44,216.3 3 0
github.com/Kyanite/noise/internal/ui/components.go:219.2,219.22 1 0
github.com/Kyanite/noise/internal/ui/components.go:219.22,221.27 2 0
github.com/Kyanite/noise/internal/ui/components.go:221.27,223.4 1 0
github.com/Kyanite/noise/internal/ui/components.go:225.3,226.27 2 0
github.com/Kyanite/noise/internal/ui/components.go:226.27,228.4 1 0
github.com/Kyanite/noise/internal/ui/components.go:230.3,230.76 1 0
github.com/Kyanite/noise/internal/ui/components.go:233.2,233.38 1 0
github.com/Kyanite/noise/internal/ui/components.go:247.103,255.2 1 0
github.com/Kyanite/noise/internal/ui/components.go:258.48,262.2 3 0
github.com/Kyanite/noise/internal/ui/components.go:265.61,266.20 1 0
github.com/Kyanite/noise/internal/ui/components.go:267.24,269.45 1 0
github.com/Kyanite/noise/internal/ui/components.go:269.45,272.4 2 0
github.com/Kyanite/noise/internal/ui/components.go:274.3,275.13 2 0
github.com/Kyanite/noise/internal/ui/components.go:278.2,278.12 1 0
github.com/Kyanite/noise/internal/ui/components.go:282.47,283.16 1 0
github.com/Kyanite/noise/internal/ui/components.go:283.16,285.3 1 0
github.com/Kyanite/noise/internal/ui/components.go:287.2,292.25 4 0
github.com/Kyanite/noise/internal/ui/components.go:292.25,296.3 2 0
github.com/Kyanite/noise/internal/ui/components.go:296.8,296.29 1 0
github.com/Kyanite/noise/internal/ui/components.go:296.29,300.3 2 0
github.com/Kyanite/noise/internal/ui/components.go:303.2,303.22 1 0
github.com/Kyanite/noise/internal/ui/components.go:304.17,305.98 1 0
github.com/Kyanite/noise/internal/ui/components.go:306.15,307.96 1 0
github.com/Kyanite/noise/internal/ui/components.go:308.17,309.98 1 0
github.com/Kyanite/noise/internal/ui/components.go:310.10,311.98 1 0
github.com/Kyanite/noise/internal/ui/components.go:314.2,314.33 1 0
github.com/Kyanite/noise/internal/ui/components.go:318.49,320.2 1 0
github.com/Kyanite/noise/internal/ui/editor.go:10.61,12.2 1 0
github.com/Kyanite/noise/internal/ui/editor.go:21.51,26.2 1 0
github.com/Kyanite/noise/internal/ui/editor.go:29.38,31.2 1 0
github.com/Kyanite/noise/internal/ui/editor.go:34.67,38.2 3 0
github.com/Kyanite/noise/internal/ui/editor.go:41.37,43.2 1 0
github.com/Kyanite/noise/internal/ui/editor.go:46.46,48.2 1 0
github.com/Kyanite/noise/internal/ui/editor.go:51.50,53.2 1 0
github.com/Kyanite/noise/internal/ui/export.go:33.39,34.11 1 0
github.com/Kyanite/noise/internal/ui/export.go:35.17,36.15 1 0
github.com/Kyanite/noise/internal/ui/export.go:37.18,38.16 1 0
github.com/Kyanite/noise/internal/ui/export.go:39.23,40.22 1 0
github.com/Kyanite/noise/internal/ui/export.go:41.18,42.16 1 0
github.com/Kyanite/noise/internal/ui/export.go:43.22,44.20 1 0
github.com/Kyanite/noise/internal/ui/export.go:45.22,46.20 1 0
github.com/Kyanite/noise/internal/ui/export.go:47.10,48.19 1 0
github.com/Kyanite/noise/internal/ui/export.go:105.50,140.2 3 0
github.com/Kyanite/noise/internal/ui/export.go:143.38,145.2 1 0
github.com/Kyanite/noise/internal/ui/export.go:148.67,149.27 1 0
github.com/Kyanite/noise/internal/ui/export.go:150.25,152.24 2 0
github.com/Kyanite/noise/internal/ui/export.go:154.18,155.23 1 0
github.com/Kyanite/noise/internal/ui/export.go:156.18,157.36 1 0
github.com/Kyanite/noise/internal/ui/export.go:157.36,159.5 1 0
github.com/Kyanite/noise/internal/ui/export.go:160.20,161.36 1 0
github.com/Kyanite/noise/internal/ui/export.go:161.36,163.5 1 0
github.com/Kyanite/noise/internal/ui/export.go:164.16,165.36 1 0
github.com/Kyanite/noise/internal/ui/export.go:165.36,167.5 1 0
github.com/Kyanite/noise/internal/ui/export.go:168.14,169.23 1 0
github.com/Kyanite/noise/internal/ui/export.go:169.23,170.30 1 0
github.com/Kyanite/noise/internal/ui/export.go:170.30,172.6 1 0
github.com/Kyanite/noise/internal/ui/export.go:177.2,177.15 1 0
github.com/Kyanite/noise/internal/ui/export.go:181.37,183.15 2 0
github.com/Kyanite/noise/internal/ui/export.go:183.15,185.3 1 0
github.com/Kyanite/noise/internal/ui/export.go:185.8,187.3 1 0
github.com/Kyanite/noise/internal/ui/export.go:189.2,194.35 4 0
github.com/Kyanite/noise/internal/ui/export.go:194.35,196.35 2 0
github.com/Kyanite/noise/internal/ui/export.go:196.35,198.4 1 0
github.com/Kyanite/noise/internal/ui/export.go:198.9,200.4 1 0
github.com/Kyanite/noise/internal/ui/export.go:203.3,203.17 1 0
github.com/Kyanite/noise/internal/ui/export.go:204.18,205.52 1 0
github.com/Kyanite/noise/internal/ui/export.go:206.19,207.40 1 0
github.com/Kyanite/noise/internal/ui/export.go:208.24,209.48 1 0
github.com/Kyanite/noise/internal/ui/export.go:210.19,211.41 1 0
github.com/Kyanite/noise/internal/ui/export.go:212.23,213.43 1 0
github.com/Kyanite/noise/internal/ui/export.go:214.23,215.57 1 0
github.com/Kyanite/noise/internal/ui/export.go:218.3,218.36 1 0
github.com/Kyanite/noise/internal/ui/export.go:221.2,230.20 4 0
github.com/Kyanite/noise/internal/ui/export.go:230.20,234.3 1 0
github.com/Kyanite/noise/internal/ui/export.go:237.2,238.21 2 0
github.com/Kyanite/noise/internal/ui/export.go:238.21,239.23 1 0
github.com/Kyanite/noise/internal/ui/export.go:239.23,241.4 1 0
github.com/Kyanite/noise/internal/ui/export.go:241.9,243.4 1 0
github.com/Kyanite/noise/internal/ui/export.go:246.2,254.62 2 0
github.com/Kyanite/noise/internal/ui/export.go:258.47,259.24 1 0
github.com/Kyanite/noise/internal/ui/export.go:259.24,272.22 8 0
github.com/Kyanite/noise/internal/ui/export.go:272.22,274.4 1 0
github.com/Kyanite/noise/internal/ui/export.go:275.3,281.17 4 0
github.com/Kyanite/noise/internal/ui/export.go:282.18,283.39 1 0
github.com/Kyanite/noise/internal/ui/export.go:284.19,285.40 1 0
github.com/Kyanite/noise/internal/ui/export.go:286.24,287.45 1 0
github.com/Kyanite/noise/internal/ui/export.go:288.19,289.40 1 0
github.com/Kyanite/noise/internal/ui/export.go:290.23,291.44 1 0
github.com/Kyanite/noise/internal/ui/export.go:292.23,293.44 1 0
github.com/Kyanite/noise/internal/ui/export.go:296.3,298.15 3 0
github.com/Kyanite/noise/internal/ui/export.go:298.15,300.4 1 0
github.com/Kyanite/noise/internal/ui/export.go:302.3,302.46 1 0
github.com/Kyanite/noise/internal/ui/export.go:307.68,308.16 1 0
github.com/Kyanite/noise/internal/ui/export.go:309.17,310.15 1 0
github.com/Kyanite/noise/internal/ui/export.go:311.18,312.16 1 0
github.com/Kyanite/noise/internal/ui/export.go:313.23,314.15 1 0
github.com/Kyanite/noise/internal/ui/export.go:315.18,316.16 1 0
github.com/Kyanite/noise/internal/ui/export.go:317.22,318.14 1 0
github.com/Kyanite/noise/internal/ui/export.go:319.22,320.15 1 0
github.com/Kyanite/noise/internal/ui/export.go:321.10,322.15 1 0
github.com/Kyanite/noise/internal/ui/export.go:327.52,331.16 2 0
github.com/Kyanite/noise/internal/ui/export.go:331.16,333.3 1 0
github.com/Kyanite/noise/internal/ui/export.go:336.2,337.16 2 0
github.com/Kyanite/noise/internal/ui/export.go:337.16,339.3 1 0
github.com/Kyanite/noise/internal/ui/export.go:341.2,341.17 1 0
github.com/Kyanite/noise/internal/ui/export.go:345.53,347.16 2 0
github.com/Kyanite/noise/internal/ui/export.go:347.16,349.3 1 0
github.com/Kyanite/noise/internal/ui/export.go:351.2,352.16 2 0
github.com/Kyanite/noise/internal/ui/export.go:352.16,354.3 1 0
github.com/Kyanite/noise/internal/ui/export.go:356.2,356.17 1 0
github.com/Kyanite/noise/internal/ui/export.go:360.58,365.16 3 0
github.com/Kyanite/noise/internal/ui/export.go:365.16,367.3 1 0
github.com/Kyanite/noise/internal/ui/export.go:369.2,369.17 1 0
github.com/Kyanite/noise/internal/ui/export.go:373.53,383.16 3 0
github.com/Kyanite/noise/internal/ui/export.go:383.16,385.3 1 0
github.com/Kyanite/noise/internal/ui/export.go:387.2,388.16 2 0
github.com/Kyanite/noise/internal/ui/export.go:388.16,390.3 1 0
github.com/Kyanite/noise/internal/ui/export.go:392.2,392.17 1 0
github.com/Kyanite/noise/internal/ui/export.go:396.57,398.16 2 0
github.com/Kyanite/noise/internal/ui/export.go:398.16,400.3 1 0
github.com/Kyanite/noise/internal/ui/export.go:402.2,402.17 1 0
github.com/Kyanite/noise/internal/ui/export.go:406.57,411.16 3 0
github.com/Kyanite/noise/internal/ui/export.go:411.16,413.3 1 0
github.com/Kyanite/noise/internal/ui/export.go:415.2,415.17 1 0
github.com/Kyanite/noise/internal/ui/export.go:419.64,423.28 2 0
github.com/Kyanite/noise/internal/ui/export.go:423.28,427.3 3 0
github.com/Kyanite/noise/internal/ui/export.go:430.2,431.13 2 0
github.com/Kyanite/noise/internal/ui/export.go:431.13,435.3 3 0
github.com/Kyanite/noise/internal/ui/export.go:438.2,439.15 2 0
github.com/Kyanite/noise/internal/ui/export.go:439.15,443.3 3 0
github.com/Kyanite/noise/internal/ui/export.go:445.2,450.29 3 0
github.com/Kyanite/noise/internal/ui/export.go:450.29,454.20 2 0
github.com/Kyanite/noise/internal/ui/export.go:454.20,456.12 2 0
github.com/Kyanite/noise/internal/ui/export.go:460.3,460.33 1 0
github.com/Kyanite/noise/internal/ui/export.go:460.33,463.25 2 0
github.com/Kyanite/noise/internal/ui/export.go:463.25,472.13 7 0
github.com/Kyanite/noise/internal/ui/export.go:477.3,477.29 1 0
github.com/Kyanite/noise/internal/ui/export.go:477.29,482.12 4 0
github.com/Kyanite/noise/internal/ui/export.go:486.3,487.28 2 0
github.com/Kyanite/noise/internal/ui/export.go:490.2,490.25 1 0
github.com/Kyanite/noise/internal/ui/export.go:496.54,500.23 3 0
github.com/Kyanite/noise/internal/ui/export.go:500.23,502.41 2 0
github.com/Kyanite/noise/internal/ui/export.go:502.41,504.4 1 0
github.com/Kyanite/noise/internal/ui/export.go:507.2,507.10 1 0
github.com/Kyanite/noise/internal/ui/export.go:511.56,515.23 3 0
github.com/Kyanite/noise/internal/ui/export.go:515.23,517.3 1 0
github.com/Kyanite/noise/internal/ui/export.go:520.2,521.32 2 0
github.com/Kyanite/noise/internal/ui/export.go:521.32,522.21 1 0
github.com/Kyanite/noise/internal/ui/export.go:522.21,525.4 2 0
github.com/Kyanite/noise/internal/ui/export.go:529.2,531.37 3 0
github.com/Kyanite/noise/internal/ui/export.go:531.37,532.23 1 0
github.com/Kyanite/noise/internal/ui/export.go:532.23,535.4 2 0
github.com/Kyanite/noise/internal/ui/export.go:538.2,538.23 1 0
github.com/Kyanite/noise/internal/ui/export.go:542.57,549.40 3 0
github.com/Kyanite/noise/internal/ui/export.go:549.40,550.42 1 0
github.com/Kyanite/noise/internal/ui/export.go:550.42,552.4 1 0
github.com/Kyanite/noise/internal/ui/export.go:554.2,554.14 1 0
github.com/Kyanite/noise/internal/ui/export.go:558.62,575.35 5 0
github.com/Kyanite/noise/internal/ui/export.go:575.35,576.39 1 0
github.com/Kyanite/noise/internal/ui/export.go:576.39,578.4 1 0
github.com/Kyanite/noise/internal/ui/export.go:580.2,580.11 1 0
github.com/Kyanite/noise/internal/ui/export.go:584.53,590.59 3 0
github.com/Kyanite/noise/internal/ui/export.go:590.59,592.3 1 0
github.com/Kyanite/noise/internal/ui/export.go:595.2,598.47 3 0
github.com/Kyanite/noise/internal/ui/export.go:598.47,600.3 1 0
github.com/Kyanite/noise/internal/ui/export.go:602.2,602.14 1 0
github.com/Kyanite/noise/internal/ui/export.go:606.79,615.19 6 0
github.com/Kyanite/noise/internal/ui/export.go:615.19,620.3 3 0
github.com/Kyanite/noise/internal/ui/export.go:622.2,625.41 2 0
github.com/Kyanite/noise/internal/ui/export.go:625.41,628.30 3 0
github.com/Kyanite/noise/internal/ui/export.go:628.30,630.4 1 0
github.com/Kyanite/noise/internal/ui/export.go:631.3,633.40 3 0
github.com/Kyanite/noise/internal/ui/export.go:637.2,642.34 4 0
github.com/Kyanite/noise/internal/ui/export.go:646.50,779.2 1 0
github.com/Kyanite/noise/internal/ui/export.go:782.61,786.29 3 0
github.com/Kyanite/noise/internal/ui/export.go:786.29,790.36 2 0
github.com/Kyanite/noise/internal/ui/export.go:790.36,793.4 2 0
github.com/Kyanite/noise/internal/ui/export.go:793.9,793.44 1 0
github.com/Kyanite/noise/internal/ui/export.go:793.44,796.4 2 0
github.com/Kyanite/noise/internal/ui/export.go:796.9,796.45 1 0
github.com/Kyanite/noise/internal/ui/export.go:796.45,799.4 2 0
github.com/Kyanite/noise/internal/ui/export.go:799.9,799.46 1 0
github.com/Kyanite/noise/internal/ui/export.go:799.46,802.4 2 0
github.com/Kyanite/noise/internal/ui/export.go:802.9,802.47 1 0
github.com/Kyanite/noise/internal/ui/export.go:802.47,805.4 2 0
github.com/Kyanite/noise/internal/ui/export.go:805.9,805.48 1 0
github.com/Kyanite/noise/internal/ui/export.go:805.48,810.4 2 0
github.com/Kyanite/noise/internal/ui/export.go:810.9,810.44 1 0
github.com/Kyanite/noise/internal/ui/export.go:810.44,812.4 1 0
github.com/Kyanite/noise/internal/ui/export.go:812.9,812.97 1 0
github.com/Kyanite/noise/internal/ui/export.go:812.97,816.4 1 0
github.com/Kyanite/noise/internal/ui/export.go:816.9,816.42 1 0
github.com/Kyanite/noise/internal/ui/export.go:816.42,821.4 3 0
github.com/Kyanite/noise/internal/ui/export.go:821.9,821.75 1 0
github.com/Kyanite/noise/internal/ui/export.go:821.75,828.4 3 0
github.com/Kyanite/noise/internal/ui/export.go:828.9,828.76 1 0
github.com/Kyanite/noise/internal/ui/export.go:828.76,829.86 1 0
github.com/Kyanite/noise/internal/ui/export.go:829.86,831.5 1 0
github.com/Kyanite/noise/internal/ui/export.go:832.4,833.89 2 0
github.com/Kyanite/noise/internal/ui/export.go:834.9,834.44 1 0
github.com/Kyanite/noise/internal/ui/export.go:834.44,835.86 1 0
github.com/Kyanite/noise/internal/ui/export.go:835.86,837.5 1 0
github.com/Kyanite/noise/internal/ui/export.go:838.4,839.89 2 0
github.com/Kyanite/noise/internal/ui/export.go:842.9,842.24 1 0
github.com/Kyanite/noise/internal/ui/export.go:842.24,843.26 1 0
github.com/Kyanite/noise/internal/ui/export.go:843.26,844.63 1 0
github.com/Kyanite/noise/internal/ui/export.go:844.63,846.6 1 0
github.com/Kyanite/noise/internal/ui/export.go:846.11,846.70 1 0
github.com/Kyanite/noise/internal/ui/export.go:846.70,848.6 1 0
github.com/Kyanite/noise/internal/ui/export.go:852.9,852.24 1 0
github.com/Kyanite/noise/internal/ui/export.go:852.24,854.4 1 0
github.com/Kyanite/noise/internal/ui/export.go:858.2,858.43 1 0
github.com/Kyanite/noise/internal/ui/export.go:858.43,859.46 1 0
github.com/Kyanite/noise/internal/ui/export.go:859.46,861.9 2 0
github.com/Kyanite/noise/internal/ui/export.go:865.2,865.38 1 0
github.com/Kyanite/noise/internal/ui/export.go:869.60,873.29 3 0
github.com/Kyanite/noise/internal/ui/export.go:873.29,892.17 13 0
github.com/Kyanite/noise/internal/ui/export.go:892.17,894.4 1 0
github.com/Kyanite/noise/internal/ui/export.go:897.2,897.39 1 0
github.com/Kyanite/noise/internal/ui/export.go:901.34,904.2 2 0
github.com/Kyanite/noise/internal/ui/export.go:906.24,907.11 1 0
github.com/Kyanite/noise/internal/ui/export.go:907.11,909.3 1 0
github.com/Kyanite/noise/internal/ui/export.go:910.2,910.10 1 0
github.com/Kyanite/noise/internal/ui/export.go:913.24,914.11 1 0
github.com/Kyanite/noise/internal/ui/export.go:914.11,916.3 1 0
github.com/Kyanite/noise/internal/ui/export.go:917.2,917.10 1 0
github.com/Kyanite/noise/internal/ui/export.go:921.31,923.2 1 0
github.com/Kyanite/noise/internal/ui/export.go:926.30,928.2 1 0
github.com/Kyanite/noise/internal/ui/export.go:931.56,940.9 3 0
github.com/Kyanite/noise/internal/ui/export.go:941.18,942.47 1 0
github.com/Kyanite/noise/internal/ui/export.go:943.19,944.48 1 0
github.com/Kyanite/noise/internal/ui/export.go:947.2,947.17 1 0
github.com/Kyanite/noise/internal/ui/export.go:947.17,949.3 1 0
github.com/Kyanite/noise/internal/ui/export.go:952.50,954.2 1 0
github.com/Kyanite/noise/internal/ui/export.go:957.56,959.2 1 0
github.com/Kyanite/noise/internal/ui/export.go:962.50,966.2 3 0
github.com/Kyanite/noise/internal/ui/manager.go:84.67,177.2 26 0
github.com/Kyanite/noise/internal/ui/manager.go:180.46,185.2 1 0
github.com/Kyanite/noise/internal/ui/manager.go:188.54,189.24 1 0
github.com/Kyanite/noise/internal/ui/manager.go:189.24,191.17 2 0
github.com/Kyanite/noise/internal/ui/manager.go:191.17,193.4 1 0
github.com/Kyanite/noise/internal/ui/manager.go:196.3,197.24 2 0
github.com/Kyanite/noise/internal/ui/manager.go:197.24,199.4 1 0
github.com/Kyanite/noise/internal/ui/manager.go:199.9,201.4 1 0
github.com/Kyanite/noise/internal/ui/manager.go:203.3,206.4 1 0
github.com/Kyanite/noise/internal/ui/manager.go:211.71,212.24 1 0
github.com/Kyanite/noise/internal/ui/manager.go:212.24,214.17 2 0
github.com/Kyanite/noise/internal/ui/manager.go:214.17,216.4 1 0
github.com/Kyanite/noise/internal/ui/manager.go:218.3,219.42 2 0
github.com/Kyanite/noise/internal/ui/manager.go:219.42,221.18 2 0
github.com/Kyanite/noise/internal/ui/manager.go:221.18,223.5 1 0
github.com/Kyanite/noise/internal/ui/manager.go:226.3,229.4 1 0
github.com/Kyanite/noise/internal/ui/manager.go:234.79,235.24 1 0
github.com/Kyanite/noise/internal/ui/manager.go:235.24,245.17 3 0
github.com/Kyanite/noise/internal/ui/manager.go:245.17,247.4 1 0
github.com/Kyanite/noise/internal/ui/manager.go:249.3,249.58 1 0
github.com/Kyanite/noise/internal/ui/manager.go:286.72,289.27 2 0
github.com/Kyanite/noise/internal/ui/manager.go:290.25,293.27 3 0
github.com/Kyanite/noise/internal/ui/manager.go:295.18,296.23 1 0
github.com/Kyanite/noise/internal/ui/manager.go:297.22,298.22 1 0
github.com/Kyanite/noise/internal/ui/manager.go:300.14,301.19 1 0
github.com/Kyanite/noise/internal/ui/manager.go:302.43,305.31 3 0
github.com/Kyanite/noise/internal/ui/manager.go:306.46,308.36 2 0
github.com/Kyanite/noise/internal/ui/manager.go:309.31,310.31 1 0
github.com/Kyanite/noise/internal/ui/manager.go:313.16,314.19 1 0
github.com/Kyanite/noise/internal/ui/manager.go:315.26,316.28 1 0
github.com/Kyanite/noise/internal/ui/manager.go:316.28,318.25 2 0
github.com/Kyanite/noise/internal/ui/manager.go:318.25,322.7 3 0
github.com/Kyanite/noise/internal/ui/manager.go:325.28,326.58 1 0
github.com/Kyanite/noise/internal/ui/manager.go:326.58,328.25 2 0
github.com/Kyanite/noise/internal/ui/manager.go:328.25,331.41 2 0
github.com/Kyanite/noise/internal/ui/manager.go:331.41,333.33 2 0
github.com/Kyanite/noise/internal/ui/manager.go:333.33,335.9 1 0
github.com/Kyanite/noise/internal/ui/manager.go:340.28,341.41 1 0
github.com/Kyanite/noise/internal/ui/manager.go:341.41,343.6 1 0
github.com/Kyanite/noise/internal/ui/manager.go:345.31,347.24 2 0
github.com/Kyanite/noise/internal/ui/manager.go:347.24,349.25 2 0
github.com/Kyanite/noise/internal/ui/manager.go:349.25,354.7 4 0
github.com/Kyanite/noise/internal/ui/manager.go:358.22,359.35 1 0
github.com/Kyanite/noise/internal/ui/manager.go:359.35,363.5 3 0
github.com/Kyanite/noise/internal/ui/manager.go:365.22,366.35 1 0
github.com/Kyanite/noise/internal/ui/manager.go:366.35,369.5 2 0
github.com/Kyanite/noise/internal/ui/manager.go:371.14,372.18 1 0
github.com/Kyanite/noise/internal/ui/manager.go:374.20,375.25 1 0
github.com/Kyanite/noise/internal/ui/manager.go:377.18,378.19 1 0
github.com/Kyanite/noise/internal/ui/manager.go:379.26,380.49 1 0
github.com/Kyanite/noise/internal/ui/manager.go:381.23,382.43 1 0
github.com/Kyanite/noise/internal/ui/manager.go:383.31,384.49 1 0
github.com/Kyanite/noise/internal/ui/manager.go:387.20,388.19 1 0
github.com/Kyanite/noise/internal/ui/manager.go:389.26,390.49 1 0
github.com/Kyanite/noise/internal/ui/manager.go:391.23,392.43 1 0
github.com/Kyanite/noise/internal/ui/manager.go:393.31,394.49 1 0
github.com/Kyanite/noise/internal/ui/manager.go:397.20,398.68 1 0
github.com/Kyanite/noise/internal/ui/manager.go:398.68,399.31 1 0
github.com/Kyanite/noise/internal/ui/manager.go:400.23,401.37 1 0
github.com/Kyanite/noise/internal/ui/manager.go:402.23,403.37 1 0
github.com/Kyanite/noise/internal/ui/manager.go:408.29,414.71 6 0
github.com/Kyanite/noise/internal/ui/manager.go:416.27,418.20 2 0
github.com/Kyanite/noise/internal/ui/manager.go:420.26,425.65 5 0
github.com/Kyanite/noise/internal/ui/manager.go:427.24,428.68 1 0
github.com/Kyanite/noise/internal/ui/manager.go:430.31,434.29 4 0
github.com/Kyanite/noise/internal/ui/manager.go:436.29,437.72 1 0
github.com/Kyanite/noise/internal/ui/manager.go:439.23,442.27 3 0
github.com/Kyanite/noise/internal/ui/manager.go:446.2,454.20 7 0
github.com/Kyanite/noise/internal/ui/manager.go:454.20,456.3 1 0
github.com/Kyanite/noise/internal/ui/manager.go:457.2,457.20 1 0
github.com/Kyanite/noise/internal/ui/manager.go:457.20,459.3 1 0
github.com/Kyanite/noise/internal/ui/manager.go:460.2,460.22 1 0
github.com/Kyanite/noise/internal/ui/manager.go:460.22,462.3 1 0
github.com/Kyanite/noise/internal/ui/manager.go:464.2,464.30 1 0
github.com/Kyanite/noise/internal/ui/manager.go:468.45,469.15 1 0
github.com/Kyanite/noise/internal/ui/manager.go:469.15,471.3 1 0
github.com/Kyanite/noise/internal/ui/manager.go:473.2,473.17 1 0
github.com/Kyanite/noise/internal/ui/manager.go:474.24,475.31 1 0
github.com/Kyanite/noise/internal/ui/manager.go:476.26,477.33 1 0
github.com/Kyanite/noise/internal/ui/manager.go:478.26,479.33 1 0
github.com/Kyanite/noise/internal/ui/manager.go:480.24,481.31 1 0
github.com/Kyanite/noise/internal/ui/manager.go:482.21,483.28 1 0
github.com/Kyanite/noise/internal/ui/manager.go:484.29,485.36 1 0
github.com/Kyanite/noise/internal/ui/manager.go:486.10,487.25 1 0
github.com/Kyanite/noise/internal/ui/manager.go:493.54,497.19 3 0
github.com/Kyanite/noise/internal/ui/manager.go:497.19,499.3 1 0
github.com/Kyanite/noise/internal/ui/manager.go:501.2,502.45 2 0
github.com/Kyanite/noise/internal/ui/manager.go:505.50,507.37 2 0
github.com/Kyanite/noise/internal/ui/manager.go:507.37,515.3 1 0
github.com/Kyanite/noise/internal/ui/manager.go:516.2,516.31 1 0
github.com/Kyanite/noise/internal/ui/manager.go:519.47,521.31 2 0
github.com/Kyanite/noise/internal/ui/manager.go:521.31,530.3 1 0
github.com/Kyanite/noise/internal/ui/manager.go:531.2,531.28 1 0
github.com/Kyanite/noise/internal/ui/manager.go:534.51,536.39 2 0
github.com/Kyanite/noise/internal/ui/manager.go:536.39,543.3 1 0
github.com/Kyanite/noise/internal/ui/manager.go:544.2,544.31 1 0
github.com/Kyanite/noise/internal/ui/manager.go:547.44,548.28 1 0
github.com/Kyanite/noise/internal/ui/manager.go:549.18,550.36 1 0
github.com/Kyanite/noise/internal/ui/manager.go:550.36,552.4 1 0
github.com/Kyanite/noise/internal/ui/manager.go:553.15,554.34 1 0
github.com/Kyanite/noise/internal/ui/manager.go:555.20,556.36 1 0
github.com/Kyanite/noise/internal/ui/manager.go:557.20,558.36 1 0
github.com/Kyanite/noise/internal/ui/manager.go:562.51,563.28 1 0
github.com/Kyanite/noise/internal/ui/manager.go:564.18,565.36 1 0
github.com/Kyanite/noise/internal/ui/manager.go:565.36,567.4 1 0
github.com/Kyanite/noise/internal/ui/manager.go:568.15,569.34 1 0
github.com/Kyanite/noise/internal/ui/manager.go:570.20,571.36 1 0
github.com/Kyanite/noise/internal/ui/manager.go:572.20,573.36 1 0
github.com/Kyanite/noise/internal/ui/manager.go:577.79,578.39 1 0
github.com/Kyanite/noise/internal/ui/manager.go:578.39,579.28 1 0
github.com/Kyanite/noise/internal/ui/manager.go:579.28,581.4 1 0
github.com/Kyanite/noise/internal/ui/manager.go:583.2,583.12 1 0
github.com/Kyanite/noise/internal/ui/manager.go:586.54,599.2 5 0
github.com/Kyanite/noise/internal/ui/manager.go:611.43,613.2 1 0
github.com/Kyanite/noise/internal/ui/manager.go:624.40,626.2 1 0
github.com/Kyanite/noise/internal/ui/manager.go:635.51,637.2 1 0
github.com/Kyanite/noise/internal/ui/manager.go:641.58,658.27 6 0
github.com/Kyanite/noise/internal/ui/manager.go:658.27,662.3 1 0
github.com/Kyanite/noise/internal/ui/manager.go:662.8,662.33 1 0
github.com/Kyanite/noise/internal/ui/manager.go:662.33,666.3 1 0
github.com/Kyanite/noise/internal/ui/manager.go:669.2,685.48 5 0
github.com/Kyanite/noise/internal/ui/manager.go:685.48,698.44 4 0
github.com/Kyanite/noise/internal/ui/manager.go:698.44,700.4 1 0
github.com/Kyanite/noise/internal/ui/manager.go:702.3,707.4 1 0
github.com/Kyanite/noise/internal/ui/manager.go:711.2,711.23 1 0
github.com/Kyanite/noise/internal/ui/manager.go:711.23,714.3 2 0
github.com/Kyanite/noise/internal/ui/manager.go:716.2,716.59 1 0
github.com/Kyanite/noise/internal/ui/manager.go:719.60,769.2 15 0
github.com/Kyanite/noise/internal/ui/manager.go:771.60,805.2 11 0
github.com/Kyanite/noise/internal/ui/manager.go:807.58,838.2 11 0
github.com/Kyanite/noise/internal/ui/manager.go:840.55,871.2 8 0
github.com/Kyanite/noise/internal/ui/manager.go:873.63,904.2 8 0
github.com/Kyanite/noise/internal/ui/manager.go:912.53,916.2 1 0
github.com/Kyanite/noise/internal/ui/manager.go:918.39,919.32 1 0
github.com/Kyanite/noise/internal/ui/manager.go:919.32,921.3 1 0
github.com/Kyanite/noise/internal/ui/manager.go:922.2,922.23 1 0
github.com/Kyanite/noise/internal/ui/manager.go:927.69,928.32 1 0
github.com/Kyanite/noise/internal/ui/manager.go:928.32,930.3 1 0
github.com/Kyanite/noise/internal/ui/manager.go:931.2,932.15 2 0
github.com/Kyanite/noise/internal/ui/manager.go:935.38,936.32 1 0
github.com/Kyanite/noise/internal/ui/manager.go:936.32,938.3 1 0
github.com/Kyanite/noise/internal/ui/manager.go:939.2,939.23 1 0
github.com/Kyanite/noise/internal/ui/menu.go:26.32,73.2 14 0
github.com/Kyanite/noise/internal/ui/menu.go:76.36,78.2 1 0
github.com/Kyanite/noise/internal/ui/menu.go:81.63,84.27 2 0
github.com/Kyanite/noise/internal/ui/menu.go:85.25,88.40 3 0
github.com/Kyanite/noise/internal/ui/menu.go:90.18,91.23 1 0
github.com/Kyanite/noise/internal/ui/menu.go:92.16,94.10 2 0
github.com/Kyanite/noise/internal/ui/menu.go:94.10,98.30 2 0
github.com/Kyanite/noise/internal/ui/menu.go:98.30,100.6 1 0
github.com/Kyanite/noise/internal/ui/menu.go:102.21,109.41 5 0
github.com/Kyanite/noise/internal/ui/menu.go:109.41,112.5 1 0
github.com/Kyanite/noise/internal/ui/menu.go:113.4,113.32 1 0
github.com/Kyanite/noise/internal/ui/menu.go:116.24,119.17 2 0
github.com/Kyanite/noise/internal/ui/menu.go:119.17,121.4 1 0
github.com/Kyanite/noise/internal/ui/menu.go:124.2,128.30 4 0
github.com/Kyanite/noise/internal/ui/menu.go:132.35,136.18 1 0
github.com/Kyanite/noise/internal/ui/menu.go:136.18,138.25 1 0
github.com/Kyanite/noise/internal/ui/menu.go:138.25,140.4 1 0
github.com/Kyanite/noise/internal/ui/menu.go:142.3,142.29 1 0
github.com/Kyanite/noise/internal/ui/menu.go:146.2,156.52 5 0
github.com/Kyanite/noise/internal/ui/menu.go:156.52,160.3 1 0
github.com/Kyanite/noise/internal/ui/menu.go:162.2,162.44 1 0
github.com/Kyanite/noise/internal/ui/menu.go:162.44,167.3 1 0
github.com/Kyanite/noise/internal/ui/menu.go:169.2,169.25 1 0
github.com/Kyanite/noise/internal/ui/menu.go:173.44,180.106 4 0
github.com/Kyanite/noise/internal/ui/menu.go:180.106,184.3 3 0
github.com/Kyanite/noise/internal/ui/menu.go:188.57,193.23 2 0
github.com/Kyanite/noise/internal/ui/menu.go:193.23,195.3 1 0
github.com/Kyanite/noise/internal/ui/menu.go:195.8,195.30 1 0
github.com/Kyanite/noise/internal/ui/menu.go:195.30,197.3 1 0
github.com/Kyanite/noise/internal/ui/menu.go:197.8,199.3 1 0
github.com/Kyanite/noise/internal/ui/menu.go:202.2,202.19 1 0
github.com/Kyanite/noise/internal/ui/menu.go:202.19,205.3 1 0
github.com/Kyanite/noise/internal/ui/menu.go:205.8,207.3 1 0
github.com/Kyanite/noise/internal/ui/menu.go:209.2,209.19 1 0
github.com/Kyanite/noise/internal/ui/menu.go:220.36,222.2 1 0
github.com/Kyanite/noise/internal/ui/menu.go:225.30,227.2 1 0
github.com/Kyanite/noise/internal/ui/menu.go:230.36,232.2 1 0
github.com/Kyanite/noise/internal/ui/responsive.go:47.60,67.2 4 0
github.com/Kyanite/noise/internal/ui/responsive.go:70.65,72.16 1 0
github.com/Kyanite/noise/internal/ui/responsive.go:72.16,74.3 1 0
github.com/Kyanite/noise/internal/ui/responsive.go:75.2,75.17 1 0
github.com/Kyanite/noise/internal/ui/responsive.go:75.17,77.3 1 0
github.com/Kyanite/noise/internal/ui/responsive.go:79.2,82.24 4 0
github.com/Kyanite/noise/internal/ui/responsive.go:86.65,88.2 1 0
github.com/Kyanite/noise/internal/ui/responsive.go:91.78,93.2 1 0
github.com/Kyanite/noise/internal/ui/responsive.go:96.56,98.2 1 0
github.com/Kyanite/noise/internal/ui/responsive.go:101.56,103.2 1 0
github.com/Kyanite/noise/internal/ui/responsive.go:106.62,107.21 1 0
github.com/Kyanite/noise/internal/ui/responsive.go:107.21,109.3 1 0
github.com/Kyanite/noise/internal/ui/responsive.go:110.2,110.23 1 0
github.com/Kyanite/noise/internal/ui/responsive.go:114.66,116.2 1 0
github.com/Kyanite/noise/internal/ui/responsive.go:119.62,121.2 1 0
github.com/Kyanite/noise/internal/ui/responsive.go:124.70,125.28 1 0
github.com/Kyanite/noise/internal/ui/responsive.go:126.30,127.13 1 0
github.com/Kyanite/noise/internal/ui/responsive.go:128.25,129.13 1 0
github.com/Kyanite/noise/internal/ui/responsive.go:130.24,131.13 1 0
github.com/Kyanite/noise/internal/ui/responsive.go:132.23,133.14 1 0
github.com/Kyanite/noise/internal/ui/responsive.go:134.27,135.13 1 0
github.com/Kyanite/noise/internal/ui/responsive.go:136.10,137.13 1 0
github.com/Kyanite/noise/internal/ui/responsive.go:142.68,143.31 1 0
github.com/Kyanite/noise/internal/ui/responsive.go:143.31,145.3 1 0
github.com/Kyanite/noise/internal/ui/responsive.go:146.2,146.22 1 0
github.com/Kyanite/noise/internal/ui/responsive.go:150.58,151.30 1 0
github.com/Kyanite/noise/internal/ui/responsive.go:151.30,153.3 1 0
github.com/Kyanite/noise/internal/ui/responsive.go:154.2,154.17 1 0
github.com/Kyanite/noise/internal/ui/responsive.go:158.78,159.35 1 0
github.com/Kyanite/noise/internal/ui/responsive.go:159.35,161.81 1 0
github.com/Kyanite/noise/internal/ui/responsive.go:161.81,163.4 1 0
github.com/Kyanite/noise/internal/ui/responsive.go:166.2,166.26 1 0
github.com/Kyanite/noise/internal/ui/responsive.go:170.56,173.24 2 0
github.com/Kyanite/noise/internal/ui/responsive.go:173.24,177.3 1 0
github.com/Kyanite/noise/internal/ui/responsive.go:179.2,179.60 1 0
github.com/Kyanite/noise/internal/ui/responsive.go:179.60,182.3 1 0
github.com/Kyanite/noise/internal/ui/responsive.go:184.2,184.31 1 0
github.com/Kyanite/noise/internal/ui/responsive.go:184.31,187.3 1 0
github.com/Kyanite/noise/internal/ui/responsive.go:191.62,192.30 1 0
github.com/Kyanite/noise/internal/ui/responsive.go:192.30,194.3 1 0
github.com/Kyanite/noise/internal/ui/responsive.go:196.2,204.60 3 0
github.com/Kyanite/noise/internal/ui/responsive.go:208.86,212.24 2 0
github.com/Kyanite/noise/internal/ui/responsive.go:212.24,213.25 1 0
github.com/Kyanite/noise/internal/ui/responsive.go:213.25,220.4 1 0
github.com/Kyanite/noise/internal/ui/responsive.go:223.2,223.24 1 0
github.com/Kyanite/noise/internal/ui/responsive.go:223.24,229.3 1 0
github.com/Kyanite/noise/internal/ui/responsive.go:262.94,263.24 1 0
github.com/Kyanite/noise/internal/ui/responsive.go:263.24,265.3 1 0
github.com/Kyanite/noise/internal/ui/responsive.go:267.2,277.22 8 0
github.com/Kyanite/noise/internal/ui/responsive.go:281.57,283.2 1 0
github.com/Kyanite/noise/internal/ui/responsive.go:286.71,288.2 1 0
github.com/Kyanite/noise/internal/ui/responsive.go:291.61,292.24 1 0
github.com/Kyanite/noise/internal/ui/responsive.go:292.24,294.3 1 0
github.com/Kyanite/noise/internal/ui/responsive.go:296.2,299.23 2 0
github.com/Kyanite/noise/internal/ui/responsive.go:299.23,301.3 1 0
github.com/Kyanite/noise/internal/ui/responsive.go:304.2,304.32 1 0
github.com/Kyanite/noise/internal/ui/responsive.go:304.32,306.3 1 0
github.com/Kyanite/noise/internal/ui/responsive.go:307.2,307.32 1 0
github.com/Kyanite/noise/internal/ui/responsive.go:307.32,309.3 1 0
github.com/Kyanite/noise/internal/ui/responsive.go:312.2,312.59 1 0
github.com/Kyanite/noise/internal/ui/responsive.go:312.59,314.3 1 0
github.com/Kyanite/noise/internal/ui/responsive.go:317.2,317.21 1 0
github.com/Kyanite/noise/internal/ui/responsive.go:317.21,319.3 1 0
github.com/Kyanite/noise/internal/ui/responsive.go:321.2,321.18 1 0
github.com/Kyanite/noise/internal/ui/root.go:93.69,111.2 4 0
github.com/Kyanite/noise/internal/ui/root.go:114.36,120.2 1 0
github.com/Kyanite/noise/internal/ui/root.go:123.45,124.24 1 0
github.com/Kyanite/noise/internal/ui/root.go:124.24,127.17 2 0
github.com/Kyanite/noise/internal/ui/root.go:127.17,129.4 1 0
github.com/Kyanite/noise/internal/ui/root.go:131.3,131.44 1 0
github.com/Kyanite/noise/internal/ui/root.go:136.62,139.27 2 0
github.com/Kyanite/noise/internal/ui/root.go:140.25,146.21 4 0
github.com/Kyanite/noise/internal/ui/root.go:146.21,148.4 1 0
github.com/Kyanite/noise/internal/ui/root.go:150.18,151.23 1 0
github.com/Kyanite/noise/internal/ui/root.go:152.22,153.25 1 0
github.com/Kyanite/noise/internal/ui/root.go:153.25,155.5 1 0
github.com/Kyanite/noise/internal/ui/root.go:157.4,157.26 1 0
github.com/Kyanite/noise/internal/ui/root.go:157.26,159.5 1 0
github.com/Kyanite/noise/internal/ui/root.go:160.4,160.22 1 0
github.com/Kyanite/noise/internal/ui/root.go:161.14,162.18 1 0
github.com/Kyanite/noise/internal/ui/root.go:162.18,167.5 3 0
github.com/Kyanite/noise/internal/ui/root.go:167.10,167.44 1 0
github.com/Kyanite/noise/internal/ui/root.go:167.44,172.5 3 0
github.com/Kyanite/noise/internal/ui/root.go:173.18,176.17 2 0
github.com/Kyanite/noise/internal/ui/root.go:179.22,184.32 3 0
github.com/Kyanite/noise/internal/ui/root.go:184.32,186.4 1 0
github.com/Kyanite/noise/internal/ui/root.go:186.9,188.4 1 0
github.com/Kyanite/noise/internal/ui/root.go:191.3,197.32 3 0
github.com/Kyanite/noise/internal/ui/root.go:197.32,199.4 1 0
github.com/Kyanite/noise/internal/ui/root.go:201.20,203.20 2 0
github.com/Kyanite/noise/internal/ui/root.go:205.23,208.27 3 0
github.com/Kyanite/noise/internal/ui/root.go:210.24,213.17 2 0
github.com/Kyanite/noise/internal/ui/root.go:213.17,215.4 1 0
github.com/Kyanite/noise/internal/ui/root.go:217.25,219.19 1 0
github.com/Kyanite/noise/internal/ui/root.go:219.19,225.4 1 0
github.com/Kyanite/noise/internal/ui/root.go:227.23,229.31 1 0
github.com/Kyanite/noise/internal/ui/root.go:233.2,234.16 2 0
github.com/Kyanite/noise/internal/ui/root.go:234.16,236.3 1 0
github.com/Kyanite/noise/internal/ui/root.go:238.2,238.30 1 0
github.com/Kyanite/noise/internal/ui/root.go:242.45,245.16 2 0
github.com/Kyanite/noise/internal/ui/root.go:245.16,248.3 1 0
github.com/Kyanite/noise/internal/ui/root.go:249.2,264.43 11 0
github.com/Kyanite/noise/internal/ui/root.go:268.53,282.34 3 0
github.com/Kyanite/noise/internal/ui/root.go:282.35,284.4 0 0
github.com/Kyanite/noise/internal/ui/root.go:285.35,287.4 0 0
github.com/Kyanite/noise/internal/ui/root.go:291.2,296.3 1 0
github.com/Kyanite/noise/internal/ui/root.go:300.62,301.25 1 0
github.com/Kyanite/noise/internal/ui/root.go:302.20,303.29 1 0
github.com/Kyanite/noise/internal/ui/root.go:304.18,305.27 1 0
github.com/Kyanite/noise/internal/ui/root.go:306.20,307.29 1 0
github.com/Kyanite/noise/internal/ui/root.go:308.20,309.29 1 0
github.com/Kyanite/noise/internal/ui/root.go:310.20,311.29 1 0
github.com/Kyanite/noise/internal/ui/root.go:312.19,313.28 1 0
github.com/Kyanite/noise/internal/ui/root.go:314.21,316.26 1 0
github.com/Kyanite/noise/internal/ui/root.go:317.20,318.23 1 0
github.com/Kyanite/noise/internal/ui/root.go:318.23,320.22 1 0
github.com/Kyanite/noise/internal/ui/root.go:320.22,323.40 2 0
github.com/Kyanite/noise/internal/ui/root.go:323.40,325.7 1 0
github.com/Kyanite/noise/internal/ui/root.go:327.6,328.16 2 0
github.com/Kyanite/noise/internal/ui/root.go:332.3,332.30 1 0
github.com/Kyanite/noise/internal/ui/root.go:333.22,334.31 1 0
github.com/Kyanite/noise/internal/ui/root.go:336.2,336.12 1 0
github.com/Kyanite/noise/internal/ui/root.go:340.35,342.16 1 0
github.com/Kyanite/noise/internal/ui/root.go:342.16,344.3 1 0
github.com/Kyanite/noise/internal/ui/root.go:346.2,348.25 2 0
github.com/Kyanite/noise/internal/ui/root.go:349.20,350.29 1 0
github.com/Kyanite/noise/internal/ui/root.go:351.18,352.27 1 0
github.com/Kyanite/noise/internal/ui/root.go:353.20,354.29 1 0
github.com/Kyanite/noise/internal/ui/root.go:355.20,356.29 1 0
github.com/Kyanite/noise/internal/ui/root.go:357.19,358.28 1 0
github.com/Kyanite/noise/internal/ui/root.go:359.21,360.30 1 0
github.com/Kyanite/noise/internal/ui/root.go:361.22,362.31 1 0
github.com/Kyanite/noise/internal/ui/root.go:363.20,364.29 1 0
github.com/Kyanite/noise/internal/ui/root.go:365.21,366.30 1 0
github.com/Kyanite/noise/internal/ui/root.go:367.10,368.29 1 0
github.com/Kyanite/noise/internal/ui/root.go:372.2,372.74 1 0
github.com/Kyanite/noise/internal/ui/root.go:372.74,374.23 2 0
github.com/Kyanite/noise/internal/ui/root.go:374.23,377.4 1 0
github.com/Kyanite/noise/internal/ui/root.go:380.2,380.16 1 0
github.com/Kyanite/noise/internal/ui/root.go:384.43,385.15 1 0
github.com/Kyanite/noise/internal/ui/root.go:385.15,387.3 1 0
github.com/Kyanite/noise/internal/ui/root.go:388.2,388.24 1 0
github.com/Kyanite/noise/internal/ui/root.go:392.41,394.2 1 0
github.com/Kyanite/noise/internal/ui/root.go:397.43,399.2 1 0
github.com/Kyanite/noise/internal/ui/root.go:402.43,404.2 1 0
github.com/Kyanite/noise/internal/ui/root.go:407.42,409.2 1 0
github.com/Kyanite/noise/internal/ui/root.go:412.44,414.2 1 0
github.com/Kyanite/noise/internal/ui/root.go:417.45,419.2 1 0
github.com/Kyanite/noise/internal/ui/root.go:422.44,431.22 3 0
github.com/Kyanite/noise/internal/ui/root.go:431.22,433.3 1 0
github.com/Kyanite/noise/internal/ui/root.go:433.8,435.3 1 0
github.com/Kyanite/noise/internal/ui/root.go:437.2,437.41 1 0
github.com/Kyanite/noise/internal/ui/root.go:441.41,443.55 1 0
github.com/Kyanite/noise/internal/ui/root.go:443.55,445.29 2 0
github.com/Kyanite/noise/internal/ui/root.go:445.29,447.4 1 0
github.com/Kyanite/noise/internal/ui/root.go:451.2,456.26 3 0
github.com/Kyanite/noise/internal/ui/root.go:474.55,475.21 1 0
github.com/Kyanite/noise/internal/ui/root.go:475.21,477.3 1 0
github.com/Kyanite/noise/internal/ui/root.go:478.2,478.12 1 0
github.com/Kyanite/noise/internal/ui/root.go:481.53,482.19 1 0
github.com/Kyanite/noise/internal/ui/root.go:482.19,485.3 2 0
github.com/Kyanite/noise/internal/ui/root.go:486.2,486.12 1 0
github.com/Kyanite/noise/internal/ui/root.go:489.55,490.21 1 0
github.com/Kyanite/noise/internal/ui/root.go:490.21,493.3 2 0
github.com/Kyanite/noise/internal/ui/root.go:494.2,494.12 1 0
github.com/Kyanite/noise/internal/ui/root.go:497.55,498.21 1 0
github.com/Kyanite/noise/internal/ui/root.go:498.21,501.3 2 0
github.com/Kyanite/noise/internal/ui/root.go:502.2,502.12 1 0
github.com/Kyanite/noise/internal/ui/root.go:505.54,506.20 1 0
github.com/Kyanite/noise/internal/ui/root.go:506.20,509.3 2 0
github.com/Kyanite/noise/internal/ui/root.go:510.2,510.12 1 0
github.com/Kyanite/noise/internal/ui/root.go:513.56,514.22 1 0
github.com/Kyanite/noise/internal/ui/root.go:514.22,517.3 2 0
github.com/Kyanite/noise/internal/ui/root.go:518.2,518.12 1 0
github.com/Kyanite/noise/internal/ui/root.go:521.57,522.23 1 0
github.com/Kyanite/noise/internal/ui/root.go:522.23,525.3 2 0
github.com/Kyanite/noise/internal/ui/root.go:526.2,526.12 1 0
github.com/Kyanite/noise/internal/ui/root.go:529.55,530.21 1 0
github.com/Kyanite/noise/internal/ui/root.go:530.21,532.21 1 0
github.com/Kyanite/noise/internal/ui/root.go:533.26,536.14 2 0
github.com/Kyanite/noise/internal/ui/root.go:537.16,540.14 2 0
github.com/Kyanite/noise/internal/ui/root.go:543.3,544.13 2 0
github.com/Kyanite/noise/internal/ui/root.go:546.2,546.12 1 0
github.com/Kyanite/noise/internal/ui/root.go:549.43,551.21 1 0
github.com/Kyanite/noise/internal/ui/root.go:551.21,554.3 2 0
github.com/Kyanite/noise/internal/ui/root.go:557.2,559.24 2 0
github.com/Kyanite/noise/internal/ui/root.go:564.78,566.2 0 0
github.com/Kyanite/noise/internal/ui/root.go:568.80,570.2 0 0
github.com/Kyanite/noise/internal/ui/root.go:572.76,574.2 0 0
github.com/Kyanite/noise/internal/ui/root.go:576.107,578.2 0 0
github.com/Kyanite/noise/internal/ui/root.go:580.105,582.2 0 0
github.com/Kyanite/noise/internal/ui/root.go:584.71,586.2 0 0
github.com/Kyanite/noise/internal/ui/root.go:588.69,590.2 0 0
github.com/Kyanite/noise/internal/ui/root.go:593.61,595.2 1 0
github.com/Kyanite/noise/internal/ui/root.go:598.43,599.50 1 0
github.com/Kyanite/noise/internal/ui/root.go:599.50,601.3 1 0
github.com/Kyanite/noise/internal/ui/root.go:604.2,604.36 1 0
github.com/Kyanite/noise/internal/ui/root.go:604.36,608.23 2 0
github.com/Kyanite/noise/internal/ui/root.go:608.23,612.4 1 0
github.com/Kyanite/noise/internal/ui/settings.go:95.29,108.2 1 0
github.com/Kyanite/noise/internal/ui/settings.go:111.58,112.16 1 0
github.com/Kyanite/noise/internal/ui/settings.go:112.16,114.3 1 0
github.com/Kyanite/noise/internal/ui/settings.go:116.2,126.10 5 0
github.com/Kyanite/noise/internal/ui/settings.go:130.42,142.33 3 0
github.com/Kyanite/noise/internal/ui/settings.go:142.33,144.3 1 0
github.com/Kyanite/noise/internal/ui/settings.go:146.2,150.34 5 0
github.com/Kyanite/noise/internal/ui/settings.go:154.40,441.2 23 0
github.com/Kyanite/noise/internal/ui/settings.go:444.56,446.2 1 0
github.com/Kyanite/noise/internal/ui/settings.go:449.38,461.2 7 0
github.com/Kyanite/noise/internal/ui/settings.go:464.46,466.37 2 0
github.com/Kyanite/noise/internal/ui/settings.go:466.37,467.38 1 0
github.com/Kyanite/noise/internal/ui/settings.go:467.38,469.4 1 0
github.com/Kyanite/noise/internal/ui/settings.go:472.2,472.32 1 0
github.com/Kyanite/noise/internal/ui/settings.go:476.40,478.2 1 0
github.com/Kyanite/noise/internal/ui/settings.go:481.66,484.27 2 0
github.com/Kyanite/noise/internal/ui/settings.go:485.25,489.42 4 0
github.com/Kyanite/noise/internal/ui/settings.go:491.18,492.10 1 0
github.com/Kyanite/noise/internal/ui/settings.go:493.46,495.17 2 0
github.com/Kyanite/noise/internal/ui/settings.go:497.47,498.65 1 0
github.com/Kyanite/noise/internal/ui/settings.go:498.65,501.5 1 0
github.com/Kyanite/noise/internal/ui/settings.go:501.10,504.5 1 0
github.com/Kyanite/noise/internal/ui/settings.go:506.47,508.17 2 0
github.com/Kyanite/noise/internal/ui/settings.go:510.47,511.43 1 0
github.com/Kyanite/noise/internal/ui/settings.go:515.3,515.20 1 0
github.com/Kyanite/noise/internal/ui/settings.go:516.24,522.35 4 0
github.com/Kyanite/noise/internal/ui/settings.go:522.35,524.51 2 0
github.com/Kyanite/noise/internal/ui/settings.go:524.51,525.41 1 0
github.com/Kyanite/noise/internal/ui/settings.go:525.41,529.7 3 0
github.com/Kyanite/noise/internal/ui/settings.go:533.22,539.78 4 0
github.com/Kyanite/noise/internal/ui/settings.go:539.78,541.54 2 0
github.com/Kyanite/noise/internal/ui/settings.go:541.54,545.6 2 0
github.com/Kyanite/noise/internal/ui/settings.go:546.10,546.84 1 0
github.com/Kyanite/noise/internal/ui/settings.go:546.84,549.54 2 0
github.com/Kyanite/noise/internal/ui/settings.go:549.54,552.6 2 0
github.com/Kyanite/noise/internal/ui/settings.go:553.10,553.85 1 0
github.com/Kyanite/noise/internal/ui/settings.go:553.85,556.54 2 0
github.com/Kyanite/noise/internal/ui/settings.go:556.54,559.6 2 0
github.com/Kyanite/noise/internal/ui/settings.go:564.2,564.30 1 0
github.com/Kyanite/noise/internal/ui/settings.go:568.38,569.19 1 0
github.com/Kyanite/noise/internal/ui/settings.go:570.23,571.28 1 0
github.com/Kyanite/noise/internal/ui/settings.go:572.21,573.30 1 0
github.com/Kyanite/noise/internal/ui/settings.go:578.60,582.30 1 0
github.com/Kyanite/noise/internal/ui/settings.go:582.30,584.30 2 0
github.com/Kyanite/noise/internal/ui/settings.go:584.30,586.4 1 0
github.com/Kyanite/noise/internal/ui/settings.go:587.8,587.39 1 0
github.com/Kyanite/noise/internal/ui/settings.go:587.39,590.42 2 0
github.com/Kyanite/noise/internal/ui/settings.go:590.42,591.40 1 0
github.com/Kyanite/noise/internal/ui/settings.go:591.40,593.10 2 0
github.com/Kyanite/noise/internal/ui/settings.go:597.3,597.24 1 0
github.com/Kyanite/noise/internal/ui/settings.go:597.24,600.31 3 0
github.com/Kyanite/noise/internal/ui/settings.go:600.31,602.5 1 0
github.com/Kyanite/noise/internal/ui/settings.go:608.65,609.22 1 0
github.com/Kyanite/noise/internal/ui/settings.go:610.15,611.45 1 0
github.com/Kyanite/noise/internal/ui/settings.go:611.45,613.31 2 0
github.com/Kyanite/noise/internal/ui/settings.go:613.31,615.5 1 0
github.com/Kyanite/noise/internal/ui/settings.go:617.17,618.44 1 0
github.com/Kyanite/noise/internal/ui/settings.go:618.44,620.31 2 0
github.com/Kyanite/noise/internal/ui/settings.go:620.31,622.5 1 0
github.com/Kyanite/noise/internal/ui/settings.go:624.20,626.39 2 0
github.com/Kyanite/noise/internal/ui/settings.go:626.39,628.31 2 0
github.com/Kyanite/noise/internal/ui/settings.go:628.31,630.5 1 0
github.com/Kyanite/noise/internal/ui/settings.go:636.65,637.22 1 0
github.com/Kyanite/noise/internal/ui/settings.go:638.15,639.45 1 0
github.com/Kyanite/noise/internal/ui/settings.go:639.45,641.31 2 0
github.com/Kyanite/noise/internal/ui/settings.go:641.31,643.5 1 0
github.com/Kyanite/noise/internal/ui/settings.go:645.17,646.44 1 0
github.com/Kyanite/noise/internal/ui/settings.go:646.44,648.31 2 0
github.com/Kyanite/noise/internal/ui/settings.go:648.31,650.5 1 0
github.com/Kyanite/noise/internal/ui/settings.go:652.20,654.39 2 0
github.com/Kyanite/noise/internal/ui/settings.go:654.39,656.31 2 0
github.com/Kyanite/noise/internal/ui/settings.go:656.31,658.5 1 0
github.com/Kyanite/noise/internal/ui/settings.go:664.40,666.37 1 0
github.com/Kyanite/noise/internal/ui/settings.go:666.37,667.21 1 0
github.com/Kyanite/noise/internal/ui/settings.go:668.19,669.46 1 0
github.com/Kyanite/noise/internal/ui/settings.go:670.23,671.46 1 0
github.com/Kyanite/noise/internal/ui/settings.go:672.24,673.49 1 0
github.com/Kyanite/noise/internal/ui/settings.go:674.31,675.54 1 0
github.com/Kyanite/noise/internal/ui/settings.go:676.23,677.47 1 0
github.com/Kyanite/noise/internal/ui/settings.go:678.24,679.48 1 0
github.com/Kyanite/noise/internal/ui/settings.go:680.33,681.65 1 0
github.com/Kyanite/noise/internal/ui/settings.go:682.31,683.53 1 0
github.com/Kyanite/noise/internal/ui/settings.go:684.24,685.49 1 0
github.com/Kyanite/noise/internal/ui/settings.go:686.30,687.57 1 0
github.com/Kyanite/noise/internal/ui/settings.go:688.21,689.46 1 0
github.com/Kyanite/noise/internal/ui/settings.go:690.25,691.53 1 0
github.com/Kyanite/noise/internal/ui/settings.go:692.20,693.45 1 0
github.com/Kyanite/noise/internal/ui/settings.go:695.26,695.26 0 0
github.com/Kyanite/noise/internal/ui/settings.go:697.31,697.31 0 0
github.com/Kyanite/noise/internal/ui/settings.go:699.29,699.29 0 0
github.com/Kyanite/noise/internal/ui/settings.go:702.38,702.38 0 0
github.com/Kyanite/noise/internal/ui/settings.go:704.28,704.28 0 0
github.com/Kyanite/noise/internal/ui/settings.go:706.29,706.29 0 0
github.com/Kyanite/noise/internal/ui/settings.go:709.31,709.31 0 0
github.com/Kyanite/noise/internal/ui/settings.go:711.31,711.31 0 0
github.com/Kyanite/noise/internal/ui/settings.go:713.37,713.37 0 0
github.com/Kyanite/noise/internal/ui/settings.go:715.32,715.32 0 0
github.com/Kyanite/noise/internal/ui/settings.go:721.2,721.40 1 0
github.com/Kyanite/noise/internal/ui/settings.go:721.40,724.3 1 0
github.com/Kyanite/noise/internal/ui/settings.go:726.2,727.27 2 0
github.com/Kyanite/noise/internal/ui/settings.go:727.27,729.3 1 0
github.com/Kyanite/noise/internal/ui/settings.go:730.2,730.56 1 0
github.com/Kyanite/noise/internal/ui/settings.go:730.56,732.3 1 0
github.com/Kyanite/noise/internal/ui/settings.go:735.2,735.30 1 0
github.com/Kyanite/noise/internal/ui/settings.go:739.59,741.2 0 0
github.com/Kyanite/noise/internal/ui/settings.go:743.62,745.2 0 0
github.com/Kyanite/noise/internal/ui/settings.go:747.64,749.2 0 0
github.com/Kyanite/noise/internal/ui/settings.go:751.65,753.2 0 0
github.com/Kyanite/noise/internal/ui/settings.go:755.62,757.2 0 0
github.com/Kyanite/noise/internal/ui/settings.go:759.61,761.2 0 0
github.com/Kyanite/noise/internal/ui/settings.go:763.66,765.2 0 0
github.com/Kyanite/noise/internal/ui/settings.go:767.64,769.2 0 0
github.com/Kyanite/noise/internal/ui/settings.go:771.62,773.2 0 0
github.com/Kyanite/noise/internal/ui/settings.go:775.70,777.2 0 0
github.com/Kyanite/noise/internal/ui/settings.go:779.70,781.2 0 0
github.com/Kyanite/noise/internal/ui/settings.go:783.72,785.2 0 0
github.com/Kyanite/noise/internal/ui/settings.go:787.72,789.2 0 0
github.com/Kyanite/noise/internal/ui/settings.go:791.73,793.2 0 0
github.com/Kyanite/noise/internal/ui/settings.go:795.68,797.2 0 0
github.com/Kyanite/noise/internal/ui/settings.go:799.73,801.2 0 0
github.com/Kyanite/noise/internal/ui/settings.go:803.64,805.2 0 0
github.com/Kyanite/noise/internal/ui/settings.go:807.65,809.2 0 0
github.com/Kyanite/noise/internal/ui/settings.go:811.66,813.2 0 0
github.com/Kyanite/noise/internal/ui/settings.go:815.66,817.2 0 0
github.com/Kyanite/noise/internal/ui/settings.go:819.63,821.2 0 0
github.com/Kyanite/noise/internal/ui/settings.go:823.67,825.2 0 0
github.com/Kyanite/noise/internal/ui/settings.go:827.63,829.2 0 0
github.com/Kyanite/noise/internal/ui/settings.go:832.39,833.35 1 0
github.com/Kyanite/noise/internal/ui/settings.go:833.35,835.3 1 0
github.com/Kyanite/noise/internal/ui/settings.go:838.2,850.34 6 0
github.com/Kyanite/noise/internal/ui/settings.go:850.34,858.3 1 0
github.com/Kyanite/noise/internal/ui/settings.go:858.8,866.3 1 0
github.com/Kyanite/noise/internal/ui/settings.go:868.2,872.32 3 0
github.com/Kyanite/noise/internal/ui/settings.go:872.32,879.3 1 0
github.com/Kyanite/noise/internal/ui/settings.go:879.8,886.3 1 0
github.com/Kyanite/noise/internal/ui/settings.go:888.2,895.19 4 0
github.com/Kyanite/noise/internal/ui/settings.go:895.19,897.3 1 0
github.com/Kyanite/noise/internal/ui/settings.go:900.2,914.34 3 0
github.com/Kyanite/noise/internal/ui/settings.go:918.53,929.2 2 0
github.com/Kyanite/noise/internal/ui/settings.go:936.44,938.2 1 0
github.com/Kyanite/noise/internal/ui/settings.go:941.39,949.2 3 0
github.com/Kyanite/noise/internal/ui/settings.go:955.43,957.2 1 0
github.com/Kyanite/noise/internal/ui/settings.go:960.38,975.24 5 0
github.com/Kyanite/noise/internal/ui/settings.go:976.16,977.29 1 0
github.com/Kyanite/noise/internal/ui/settings.go:977.29,979.4 1 0
github.com/Kyanite/noise/internal/ui/settings.go:979.9,981.4 1 0
github.com/Kyanite/noise/internal/ui/settings.go:982.15,983.27 1 0
github.com/Kyanite/noise/internal/ui/settings.go:983.27,985.4 1 0
github.com/Kyanite/noise/internal/ui/settings.go:985.9,987.4 1 0
github.com/Kyanite/noise/internal/ui/settings.go:988.17,989.27 1 0
github.com/Kyanite/noise/internal/ui/settings.go:989.27,991.4 1 0
github.com/Kyanite/noise/internal/ui/settings.go:991.9,993.4 1 0
github.com/Kyanite/noise/internal/ui/settings.go:994.20,996.80 2 0
github.com/Kyanite/noise/internal/ui/settings.go:997.18,998.57 1 0
github.com/Kyanite/noise/internal/ui/settings.go:999.10,1000.67 1 0
github.com/Kyanite/noise/internal/ui/settings.go:1004.2,1019.34 6 0
github.com/Kyanite/noise/internal/ui/settings.go:1027.49,1028.24 1 0
github.com/Kyanite/noise/internal/ui/settings.go:1028.24,1030.3 1 0
github.com/Kyanite/noise/internal/ui/settings.go:1034.52,1036.2 1 0
github.com/Kyanite/noise/internal/ui/settings.go:1039.55,1042.2 2 0
github.com/Kyanite/noise/internal/ui/settings.go:1045.53,1047.37 1 0
github.com/Kyanite/noise/internal/ui/settings.go:1047.37,1048.21 1 0
github.com/Kyanite/noise/internal/ui/settings.go:1049.19,1050.37 1 0
github.com/Kyanite/noise/internal/ui/settings.go:1051.23,1052.40 1 0
github.com/Kyanite/noise/internal/ui/settings.go:1053.24,1054.42 1 0
github.com/Kyanite/noise/internal/ui/settings.go:1055.31,1056.47 1 0
github.com/Kyanite/noise/internal/ui/settings.go:1057.23,1058.40 1 0
github.com/Kyanite/noise/internal/ui/settings.go:1059.24,1060.41 1 0
github.com/Kyanite/noise/internal/ui/settings.go:1061.33,1062.49 1 0
github.com/Kyanite/noise/internal/ui/settings.go:1063.31,1064.47 1 0
github.com/Kyanite/noise/internal/ui/settings.go:1065.24,1066.42 1 0
github.com/Kyanite/noise/internal/ui/settings.go:1067.30,1068.47 1 0
github.com/Kyanite/noise/internal/ui/settings.go:1069.21,1070.39 1 0
github.com/Kyanite/noise/internal/ui/settings.go:1071.25,1072.43 1 0
github.com/Kyanite/noise/internal/ui/settings.go:1073.20,1074.38 1 0
github.com/Kyanite/noise/internal/ui/settings.go:1077.2,1077.24 1 0
github.com/Kyanite/noise/internal/ui/settings.go:1081.48,1083.2 1 0
github.com/Kyanite/noise/internal/ui/settings.go:1086.90,1088.37 2 0
github.com/Kyanite/noise/internal/ui/settings.go:1088.37,1089.35 1 0
github.com/Kyanite/noise/internal/ui/settings.go:1089.35,1091.4 1 0
github.com/Kyanite/noise/internal/ui/settings.go:1093.2,1093.14 1 0
github.com/Kyanite/noise/internal/ui/settings.go:1097.43,1098.37 1 0
github.com/Kyanite/noise/internal/ui/settings.go:1098.37,1100.30 2 0
github.com/Kyanite/noise/internal/ui/settings.go:1100.30,1102.4 1 0
github.com/Kyanite/noise/internal/ui/settings.go:1104.2,1104.24 1 0
github.com/Kyanite/noise/internal/ui/splash.go:25.36,37.2 4 0
github.com/Kyanite/noise/internal/ui/splash.go:40.38,49.2 2 0
github.com/Kyanite/noise/internal/ui/splash.go:52.51,55.27 2 0
github.com/Kyanite/noise/internal/ui/splash.go:56.24,64.17 5 0
github.com/Kyanite/noise/internal/ui/splash.go:64.17,66.4 1 0
github.com/Kyanite/noise/internal/ui/splash.go:68.25,69.35 1 0
github.com/Kyanite/noise/internal/ui/splash.go:73.2,77.27 4 0
github.com/Kyanite/noise/internal/ui/splash.go:81.37,96.38 5 0
github.com/Kyanite/noise/internal/ui/splash.go:96.38,98.47 2 0
github.com/Kyanite/noise/internal/ui/splash.go:98.47,101.26 2 0
github.com/Kyanite/noise/internal/ui/splash.go:101.26,103.5 1 0
github.com/Kyanite/noise/internal/ui/splash.go:104.4,104.128 1 0
github.com/Kyanite/noise/internal/ui/splash.go:106.3,106.28 1 0
github.com/Kyanite/noise/internal/ui/splash.go:109.2,109.44 1 0
github.com/Kyanite/noise/internal/ui/splash.go:109.44,111.53 2 0
github.com/Kyanite/noise/internal/ui/splash.go:111.53,114.29 2 0
github.com/Kyanite/noise/internal/ui/splash.go:114.29,116.5 1 0
github.com/Kyanite/noise/internal/ui/splash.go:117.4,118.54 2 0
github.com/Kyanite/noise/internal/ui/splash.go:119.9,119.37 1 0
github.com/Kyanite/noise/internal/ui/splash.go:119.37,121.4 1 0
github.com/Kyanite/noise/internal/ui/splash.go:125.2,127.35 2 0
github.com/Kyanite/noise/internal/ui/splash.go:131.50,134.2 2 0
github.com/Kyanite/noise/internal/ui/splash.go:137.58,138.24 1 0
github.com/Kyanite/noise/internal/ui/splash.go:138.24,147.3 4 0
github.com/Kyanite/noise/internal/ui/theory.go:70.36,113.2 16 0
github.com/Kyanite/noise/internal/ui/theory.go:116.38,118.2 1 0
github.com/Kyanite/noise/internal/ui/theory.go:121.67,124.27 2 0
github.com/Kyanite/noise/internal/ui/theory.go:125.25,128.19 3 0
github.com/Kyanite/noise/internal/ui/theory.go:130.18,131.10 1 0
github.com/Kyanite/noise/internal/ui/theory.go:132.37,134.17 2 0
github.com/Kyanite/noise/internal/ui/theory.go:135.42,137.17 2 0
github.com/Kyanite/noise/internal/ui/theory.go:138.39,139.29 1 0
github.com/Kyanite/noise/internal/ui/theory.go:140.40,141.17 1 0
github.com/Kyanite/noise/internal/ui/theory.go:142.38,144.17 1 0
github.com/Kyanite/noise/internal/ui/theory.go:149.2,149.26 1 0
github.com/Kyanite/noise/internal/ui/theory.go:150.25,153.27 3 0
github.com/Kyanite/noise/internal/ui/theory.go:154.25,157.27 3 0
github.com/Kyanite/noise/internal/ui/theory.go:158.31,161.27 3 0
github.com/Kyanite/noise/internal/ui/theory.go:162.28,165.27 3 0
github.com/Kyanite/noise/internal/ui/theory.go:166.25,169.27 3 0
github.com/Kyanite/noise/internal/ui/theory.go:173.2,177.30 4 0
github.com/Kyanite/noise/internal/ui/theory.go:181.37,182.35 1 0
github.com/Kyanite/noise/internal/ui/theory.go:182.35,184.3 1 0
github.com/Kyanite/noise/internal/ui/theory.go:187.2,205.3 5 0
github.com/Kyanite/noise/internal/ui/theory.go:209.45,218.2 3 0
github.com/Kyanite/noise/internal/ui/theory.go:221.43,224.34 2 0
github.com/Kyanite/noise/internal/ui/theory.go:224.34,226.23 2 0
github.com/Kyanite/noise/internal/ui/theory.go:226.23,232.4 1 0
github.com/Kyanite/noise/internal/ui/theory.go:232.9,237.4 1 0
github.com/Kyanite/noise/internal/ui/theory.go:239.3,240.35 2 0
github.com/Kyanite/noise/internal/ui/theory.go:243.2,250.13 3 0
github.com/Kyanite/noise/internal/ui/theory.go:254.46,262.23 4 0
github.com/Kyanite/noise/internal/ui/theory.go:262.23,264.3 1 0
github.com/Kyanite/noise/internal/ui/theory.go:266.2,271.28 3 0
github.com/Kyanite/noise/internal/ui/theory.go:275.53,276.21 1 0
github.com/Kyanite/noise/internal/ui/theory.go:277.17,278.29 1 0
github.com/Kyanite/noise/internal/ui/theory.go:279.17,280.29 1 0
github.com/Kyanite/noise/internal/ui/theory.go:281.23,282.35 1 0
github.com/Kyanite/noise/internal/ui/theory.go:283.19,284.31 1 0
github.com/Kyanite/noise/internal/ui/theory.go:285.17,286.29 1 0
github.com/Kyanite/noise/internal/ui/theory.go:287.10,288.23 1 0
github.com/Kyanite/noise/internal/ui/theory.go:293.48,303.32 6 0
github.com/Kyanite/noise/internal/ui/theory.go:303.32,305.22 2 0
github.com/Kyanite/noise/internal/ui/theory.go:305.22,310.18 4 0
github.com/Kyanite/noise/internal/ui/theory.go:310.18,312.5 1 0
github.com/Kyanite/noise/internal/ui/theory.go:312.10,317.5 4 0
github.com/Kyanite/noise/internal/ui/theory.go:322.2,324.37 3 0
github.com/Kyanite/noise/internal/ui/theory.go:324.37,326.3 1 0
github.com/Kyanite/noise/internal/ui/theory.go:328.2,328.25 1 0
github.com/Kyanite/noise/internal/ui/theory.go:332.48,342.32 6 0
github.com/Kyanite/noise/internal/ui/theory.go:342.32,344.22 2 0
github.com/Kyanite/noise/internal/ui/theory.go:344.22,349.18 4 0
github.com/Kyanite/noise/internal/ui/theory.go:349.18,351.5 1 0
github.com/Kyanite/noise/internal/ui/theory.go:351.10,356.5 4 0
github.com/Kyanite/noise/internal/ui/theory.go:360.2,360.25 1 0
github.com/Kyanite/noise/internal/ui/theory.go:364.54,374.38 6 0
github.com/Kyanite/noise/internal/ui/theory.go:374.38,376.22 2 0
github.com/Kyanite/noise/internal/ui/theory.go:376.22,381.18 4 0
github.com/Kyanite/noise/internal/ui/theory.go:381.18,383.5 1 0
github.com/Kyanite/noise/internal/ui/theory.go:383.10,387.5 3 0
github.com/Kyanite/noise/internal/ui/theory.go:391.2,391.25 1 0
github.com/Kyanite/noise/internal/ui/theory.go:395.50,405.35 6 0
github.com/Kyanite/noise/internal/ui/theory.go:405.35,407.17 2 0
github.com/Kyanite/noise/internal/ui/theory.go:407.17,409.4 1 0
github.com/Kyanite/noise/internal/ui/theory.go:409.9,411.50 2 0
github.com/Kyanite/noise/internal/ui/theory.go:411.50,413.5 1 0
github.com/Kyanite/noise/internal/ui/theory.go:415.4,415.37 1 0
github.com/Kyanite/noise/internal/ui/theory.go:415.37,417.53 2 0
github.com/Kyanite/noise/internal/ui/theory.go:417.53,419.6 1 0
github.com/Kyanite/noise/internal/ui/theory.go:424.2,424.25 1 0
github.com/Kyanite/noise/internal/ui/theory.go:428.48,438.32 6 0
github.com/Kyanite/noise/internal/ui/theory.go:438.32,440.17 2 0
github.com/Kyanite/noise/internal/ui/theory.go:440.17,442.4 1 0
github.com/Kyanite/noise/internal/ui/theory.go:442.9,442.29 1 0
github.com/Kyanite/noise/internal/ui/theory.go:442.29,445.4 2 0
github.com/Kyanite/noise/internal/ui/theory.go:445.9,447.4 1 0
github.com/Kyanite/noise/internal/ui/theory.go:450.2,450.25 1 0
github.com/Kyanite/noise/internal/ui/theory.go:454.45,462.2 3 0
github.com/Kyanite/noise/internal/ui/theory.go:465.38,468.23 2 0
github.com/Kyanite/noise/internal/ui/theory.go:468.23,470.3 1 0
github.com/Kyanite/noise/internal/ui/theory.go:473.2,474.24 2 0
github.com/Kyanite/noise/internal/ui/theory.go:474.24,477.3 1 0
github.com/Kyanite/noise/internal/ui/theory.go:477.8,479.3 1 0
github.com/Kyanite/noise/internal/ui/theory.go:481.2,481.35 1 0
github.com/Kyanite/noise/internal/ui/theory.go:485.33,488.2 2 0
github.com/Kyanite/noise/internal/ui/theory.go:491.33,494.2 2 0
github.com/Kyanite/noise/internal/ui/theory.go:497.43,498.21 1 0
github.com/Kyanite/noise/internal/ui/theory.go:499.17,505.22 6 0
github.com/Kyanite/noise/internal/ui/theory.go:506.17,512.22 6 0
github.com/Kyanite/noise/internal/ui/theory.go:513.23,519.22 6 0
github.com/Kyanite/noise/internal/ui/theory.go:520.19,526.22 6 0
github.com/Kyanite/noise/internal/ui/theory.go:527.17,533.25 6 0
github.com/Kyanite/noise/internal/ui/theory.go:538.45,541.2 1 0
github.com/Kyanite/noise/internal/ui/theory.go:575.49,577.2 1 0
github.com/Kyanite/noise/internal/ui/theory.go:579.50,585.2 1 0
github.com/Kyanite/noise/internal/ui/editor/bpm_tapper.go:40.42,75.2 1 1
github.com/Kyanite/noise/internal/ui/editor/bpm_tapper.go:78.41,80.2 1 0
github.com/Kyanite/noise/internal/ui/editor/bpm_tapper.go:83.73,84.27 1 0
github.com/Kyanite/noise/internal/ui/editor/bpm_tapper.go:85.25,87.24 2 0
github.com/Kyanite/noise/internal/ui/editor/bpm_tapper.go:89.24,94.16 4 0
github.com/Kyanite/noise/internal/ui/editor/bpm_tapper.go:96.24,98.16 2 0
github.com/Kyanite/noise/internal/ui/editor/bpm_tapper.go:100.18,101.17 1 0
github.com/Kyanite/noise/internal/ui/editor/bpm_tapper.go:101.17,103.4 1 0
github.com/Kyanite/noise/internal/ui/editor/bpm_tapper.go:105.3,105.23 1 0
github.com/Kyanite/noise/internal/ui/editor/bpm_tapper.go:106.14,108.17 2 0
github.com/Kyanite/noise/internal/ui/editor/bpm_tapper.go:110.21,112.17 1 0
github.com/Kyanite/noise/internal/ui/editor/bpm_tapper.go:114.12,116.31 1 0
github.com/Kyanite/noise/internal/ui/editor/bpm_tapper.go:116.31,118.5 1 0
github.com/Kyanite/noise/internal/ui/editor/bpm_tapper.go:119.4,120.17 2 0
github.com/Kyanite/noise/internal/ui/editor/bpm_tapper.go:122.12,124.13 1 0
github.com/Kyanite/noise/internal/ui/editor/bpm_tapper.go:128.2,128.15 1 0
github.com/Kyanite/noise/internal/ui/editor/bpm_tapper.go:132.40,133.16 1 0
github.com/Kyanite/noise/internal/ui/editor/bpm_tapper.go:133.16,135.3 1 0
github.com/Kyanite/noise/internal/ui/editor/bpm_tapper.go:138.2,139.19 2 0
github.com/Kyanite/noise/internal/ui/editor/bpm_tapper.go:139.19,141.3 1 0
github.com/Kyanite/noise/internal/ui/editor/bpm_tapper.go:144.2,167.66 14 0
github.com/Kyanite/noise/internal/ui/editor/bpm_tapper.go:171.52,174.38 2 0
github.com/Kyanite/noise/internal/ui/editor/bpm_tapper.go:174.38,175.13 1 0
github.com/Kyanite/noise/internal/ui/editor/bpm_tapper.go:175.13,177.32 1 0
github.com/Kyanite/noise/internal/ui/editor/bpm_tapper.go:177.32,179.5 1 0
github.com/Kyanite/noise/internal/ui/editor/bpm_tapper.go:179.10,181.5 1 0
github.com/Kyanite/noise/internal/ui/editor/bpm_tapper.go:182.9,184.4 1 0
github.com/Kyanite/noise/internal/ui/editor/bpm_tapper.go:187.2,188.38 2 0
github.com/Kyanite/noise/internal/ui/editor/bpm_tapper.go:192.54,201.2 2 0
github.com/Kyanite/noise/internal/ui/editor/bpm_tapper.go:204.38,211.25 3 0
github.com/Kyanite/noise/internal/ui/editor/bpm_tapper.go:211.25,213.3 1 0
github.com/Kyanite/noise/internal/ui/editor/bpm_tapper.go:216.2,219.26 2 0
github.com/Kyanite/noise/internal/ui/editor/bpm_tapper.go:219.26,221.3 1 0
github.com/Kyanite/noise/internal/ui/editor/bpm_tapper.go:223.2,223.17 1 0
github.com/Kyanite/noise/internal/ui/editor/bpm_tapper.go:227.41,228.25 1 0
github.com/Kyanite/noise/internal/ui/editor/bpm_tapper.go:228.25,230.3 1 0
github.com/Kyanite/noise/internal/ui/editor/bpm_tapper.go:233.2,234.25 2 0
github.com/Kyanite/noise/internal/ui/editor/bpm_tapper.go:234.25,236.3 1 0
github.com/Kyanite/noise/internal/ui/editor/bpm_tapper.go:239.2,240.39 2 0
github.com/Kyanite/noise/internal/ui/editor/bpm_tapper.go:240.39,243.3 2 0
github.com/Kyanite/noise/internal/ui/editor/bpm_tapper.go:245.2,251.23 3 0
github.com/Kyanite/noise/internal/ui/editor/bpm_tapper.go:251.23,253.3 1 0
github.com/Kyanite/noise/internal/ui/editor/bpm_tapper.go:253.8,253.31 1 0
github.com/Kyanite/noise/internal/ui/editor/bpm_tapper.go:253.31,255.3 1 0
github.com/Kyanite/noise/internal/ui/editor/bpm_tapper.go:259.34,264.2 4 0
github.com/Kyanite/noise/internal/ui/editor/bpm_tapper.go:267.63,268.24 1 0
github.com/Kyanite/noise/internal/ui/editor/bpm_tapper.go:268.24,270.3 1 0
github.com/Kyanite/noise/internal/ui/editor/bpm_tapper.go:274.41,275.24 1 0
github.com/Kyanite/noise/internal/ui/editor/bpm_tapper.go:275.24,277.3 1 0
github.com/Kyanite/noise/internal/ui/editor/bpm_tapper.go:281.43,283.2 1 1
github.com/Kyanite/noise/internal/ui/editor/bpm_tapper.go:286.46,288.2 1 0
github.com/Kyanite/noise/internal/ui/editor/chord_picker.go:45.46,91.2 1 1
github.com/Kyanite/noise/internal/ui/editor/chord_picker.go:94.43,96.2 1 0
github.com/Kyanite/noise/internal/ui/editor/chord_picker.go:99.77,100.27 1 0
github.com/Kyanite/noise/internal/ui/editor/chord_picker.go:101.25,103.24 2 0
github.com/Kyanite/noise/internal/ui/editor/chord_picker.go:105.26,114.16 7 0
github.com/Kyanite/noise/internal/ui/editor/chord_picker.go:114.16,115.71 1 0
github.com/Kyanite/noise/internal/ui/editor/chord_picker.go:115.71,119.5 3 0
github.com/Kyanite/noise/internal/ui/editor/chord_picker.go:122.3,122.16 1 0
github.com/Kyanite/noise/internal/ui/editor/chord_picker.go:124.26,126.16 2 0
github.com/Kyanite/noise/internal/ui/editor/chord_picker.go:128.18,129.17 1 0
github.com/Kyanite/noise/internal/ui/editor/chord_picker.go:129.17,131.4 1 0
github.com/Kyanite/noise/internal/ui/editor/chord_picker.go:133.3,133.23 1 0
github.com/Kyanite/noise/internal/ui/editor/chord_picker.go:134.14,136.17 2 0
github.com/Kyanite/noise/internal/ui/editor/chord_picker.go:138.18,139.25 1 0
github.com/Kyanite/noise/internal/ui/editor/chord_picker.go:139.25,141.5 1 0
github.com/Kyanite/noise/internal/ui/editor/chord_picker.go:143.20,144.45 1 0
github.com/Kyanite/noise/internal/ui/editor/chord_picker.go:144.45,146.5 1 0
github.com/Kyanite/noise/internal/ui/editor/chord_picker.go:148.27,152.24 3 0
github.com/Kyanite/noise/internal/ui/editor/chord_picker.go:153.13,154.12 1 0
github.com/Kyanite/noise/internal/ui/editor/chord_picker.go:155.13,156.12 1 0
github.com/Kyanite/noise/internal/ui/editor/chord_picker.go:157.13,158.12 1 0
github.com/Kyanite/noise/internal/ui/editor/chord_picker.go:159.13,160.12 1 0
github.com/Kyanite/noise/internal/ui/editor/chord_picker.go:163.4,163.24 1 0
github.com/Kyanite/noise/internal/ui/editor/chord_picker.go:163.24,165.5 1 0
github.com/Kyanite/noise/internal/ui/editor/chord_picker.go:167.12,169.31 1 0
github.com/Kyanite/noise/internal/ui/editor/chord_picker.go:169.31,172.5 2 0
github.com/Kyanite/noise/internal/ui/editor/chord_picker.go:174.21,176.65 1 0
github.com/Kyanite/noise/internal/ui/editor/chord_picker.go:176.65,178.32 2 0
github.com/Kyanite/noise/internal/ui/editor/chord_picker.go:178.32,180.6 1 0
github.com/Kyanite/noise/internal/ui/editor/chord_picker.go:181.5,181.22 1 0
github.com/Kyanite/noise/internal/ui/editor/chord_picker.go:186.2,186.15 1 0
github.com/Kyanite/noise/internal/ui/editor/chord_picker.go:190.42,191.29 1 0
github.com/Kyanite/noise/internal/ui/editor/chord_picker.go:191.29,193.3 1 0
github.com/Kyanite/noise/internal/ui/editor/chord_picker.go:196.2,197.19 2 0
github.com/Kyanite/noise/internal/ui/editor/chord_picker.go:197.19,199.3 1 0
github.com/Kyanite/noise/internal/ui/editor/chord_picker.go:201.2,202.20 2 0
github.com/Kyanite/noise/internal/ui/editor/chord_picker.go:202.20,204.3 1 0
github.com/Kyanite/noise/internal/ui/editor/chord_picker.go:207.2,226.66 10 0
github.com/Kyanite/noise/internal/ui/editor/chord_picker.go:230.54,234.29 3 0
github.com/Kyanite/noise/internal/ui/editor/chord_picker.go:234.29,236.27 2 0
github.com/Kyanite/noise/internal/ui/editor/chord_picker.go:236.27,238.4 1 0
github.com/Kyanite/noise/internal/ui/editor/chord_picker.go:238.9,240.4 1 0
github.com/Kyanite/noise/internal/ui/editor/chord_picker.go:242.3,243.36 2 0
github.com/Kyanite/noise/internal/ui/editor/chord_picker.go:246.2,246.35 1 0
github.com/Kyanite/noise/internal/ui/editor/chord_picker.go:250.83,251.30 1 0
github.com/Kyanite/noise/internal/ui/editor/chord_picker.go:251.30,253.3 1 0
github.com/Kyanite/noise/internal/ui/editor/chord_picker.go:255.2,259.40 3 0
github.com/Kyanite/noise/internal/ui/editor/chord_picker.go:259.40,261.3 1 0
github.com/Kyanite/noise/internal/ui/editor/chord_picker.go:264.2,265.49 2 0
github.com/Kyanite/noise/internal/ui/editor/chord_picker.go:265.49,267.3 1 0
github.com/Kyanite/noise/internal/ui/editor/chord_picker.go:268.2,268.18 1 0
github.com/Kyanite/noise/internal/ui/editor/chord_picker.go:268.18,270.3 1 0
github.com/Kyanite/noise/internal/ui/editor/chord_picker.go:273.2,273.79 1 0
github.com/Kyanite/noise/internal/ui/editor/chord_picker.go:273.79,277.25 3 0
github.com/Kyanite/noise/internal/ui/editor/chord_picker.go:277.25,279.4 1 0
github.com/Kyanite/noise/internal/ui/editor/chord_picker.go:279.9,281.4 1 0
github.com/Kyanite/noise/internal/ui/editor/chord_picker.go:284.3,288.33 3 0
github.com/Kyanite/noise/internal/ui/editor/chord_picker.go:288.33,290.4 1 0
github.com/Kyanite/noise/internal/ui/editor/chord_picker.go:292.3,296.25 3 0
github.com/Kyanite/noise/internal/ui/editor/chord_picker.go:296.25,299.4 2 0
github.com/Kyanite/noise/internal/ui/editor/chord_picker.go:302.2,302.34 1 0
github.com/Kyanite/noise/internal/ui/editor/chord_picker.go:306.56,316.2 2 0
github.com/Kyanite/noise/internal/ui/editor/chord_picker.go:319.55,324.15 4 0
github.com/Kyanite/noise/internal/ui/editor/chord_picker.go:324.15,326.3 1 0
github.com/Kyanite/noise/internal/ui/editor/chord_picker.go:326.8,328.39 2 0
github.com/Kyanite/noise/internal/ui/editor/chord_picker.go:328.39,329.25 1 0
github.com/Kyanite/noise/internal/ui/editor/chord_picker.go:329.25,331.5 1 0
github.com/Kyanite/noise/internal/ui/editor/chord_picker.go:333.3,333.28 1 0
github.com/Kyanite/noise/internal/ui/editor/chord_picker.go:338.73,339.24 1 0
github.com/Kyanite/noise/internal/ui/editor/chord_picker.go:339.24,341.3 1 0
github.com/Kyanite/noise/internal/ui/editor/chord_picker.go:345.43,346.24 1 0
github.com/Kyanite/noise/internal/ui/editor/chord_picker.go:346.24,348.3 1 0
github.com/Kyanite/noise/internal/ui/editor/chord_picker.go:352.45,354.2 1 1
github.com/Kyanite/noise/internal/ui/editor/chord_picker.go:357.76,358.63 1 0
github.com/Kyanite/noise/internal/ui/editor/chord_picker.go:358.63,360.3 1 0
github.com/Kyanite/noise/internal/ui/editor/chord_picker.go:361.2,361.12 1 0
github.com/Kyanite/noise/internal/ui/editor/components.go:59.60,84.23 2 1
github.com/Kyanite/noise/internal/ui/editor/components.go:84.23,86.3 1 1
github.com/Kyanite/noise/internal/ui/editor/components.go:88.2,88.10 1 1
github.com/Kyanite/noise/internal/ui/editor/components.go:97.44,101.2 1 1
github.com/Kyanite/noise/internal/ui/editor/components.go:119.30,128.2 1 1
github.com/Kyanite/noise/internal/ui/editor/components.go:138.40,144.2 1 1
github.com/Kyanite/noise/internal/ui/editor/editor_ai.go:16.55,27.2 3 1
github.com/Kyanite/noise/internal/ui/editor/editor_ai.go:30.51,32.2 1 0
github.com/Kyanite/noise/internal/ui/editor/editor_ai.go:35.43,39.2 3 1
github.com/Kyanite/noise/internal/ui/editor/editor_ai.go:42.82,43.51 1 1
github.com/Kyanite/noise/internal/ui/editor/editor_ai.go:43.51,45.3 1 0
github.com/Kyanite/noise/internal/ui/editor/editor_ai.go:47.2,55.26 4 1
github.com/Kyanite/noise/internal/ui/editor/editor_ai.go:55.26,57.3 1 1
github.com/Kyanite/noise/internal/ui/editor/editor_ai.go:58.2,63.26 4 1
github.com/Kyanite/noise/internal/ui/editor/editor_ai.go:67.40,77.2 2 1
github.com/Kyanite/noise/internal/ui/editor/editor_ai.go:80.54,82.2 1 1
github.com/Kyanite/noise/internal/ui/editor/editor_ai.go:85.85,86.54 1 1
github.com/Kyanite/noise/internal/ui/editor/editor_ai.go:86.54,88.3 1 0
github.com/Kyanite/noise/internal/ui/editor/editor_ai.go:90.2,94.26 3 1
github.com/Kyanite/noise/internal/ui/editor/editor_ai.go:94.26,96.3 1 1
github.com/Kyanite/noise/internal/ui/editor/editor_ai.go:97.2,101.29 3 1
github.com/Kyanite/noise/internal/ui/editor/editor_ai.go:105.41,108.2 2 1
github.com/Kyanite/noise/internal/ui/editor/editor_ai.go:111.60,122.2 3 1
github.com/Kyanite/noise/internal/ui/editor/editor_ai.go:125.51,127.2 1 0
github.com/Kyanite/noise/internal/ui/editor/editor_ai.go:130.76,131.51 1 1
github.com/Kyanite/noise/internal/ui/editor/editor_ai.go:131.51,133.3 1 0
github.com/Kyanite/noise/internal/ui/editor/editor_ai.go:135.2,141.26 3 1
github.com/Kyanite/noise/internal/ui/editor/editor_ai.go:141.26,143.3 1 1
github.com/Kyanite/noise/internal/ui/editor/editor_ai.go:144.2,149.26 4 1
github.com/Kyanite/noise/internal/ui/editor/editor_ai.go:153.42,157.2 3 1
github.com/Kyanite/noise/internal/ui/editor/editor_ai.go:160.69,164.19 2 1
github.com/Kyanite/noise/internal/ui/editor/editor_ai.go:164.19,166.3 1 1
github.com/Kyanite/noise/internal/ui/editor/editor_ai.go:170.2,182.27 6 1
github.com/Kyanite/noise/internal/ui/editor/editor_ai.go:186.70,187.40 1 0
github.com/Kyanite/noise/internal/ui/editor/editor_ai.go:187.40,192.20 4 0
github.com/Kyanite/noise/internal/ui/editor/editor_ai.go:192.20,194.17 2 0
github.com/Kyanite/noise/internal/ui/editor/editor_ai.go:194.17,196.29 2 0
github.com/Kyanite/noise/internal/ui/editor/editor_ai.go:196.29,198.6 1 0
github.com/Kyanite/noise/internal/ui/editor/editor_ai.go:199.10,201.5 1 0
github.com/Kyanite/noise/internal/ui/editor/editor_ai.go:203.4,203.60 1 0
github.com/Kyanite/noise/internal/ui/editor/editor_ai.go:204.9,206.4 1 0
github.com/Kyanite/noise/internal/ui/editor/editor_ai.go:211.57,213.2 1 0
github.com/Kyanite/noise/internal/ui/editor/editor_ai.go:216.52,218.2 1 0
github.com/Kyanite/noise/internal/ui/editor/editor_ai.go:221.62,222.30 1 1
github.com/Kyanite/noise/internal/ui/editor/editor_ai.go:222.30,227.42 3 1
github.com/Kyanite/noise/internal/ui/editor/editor_ai.go:227.42,230.4 2 1
github.com/Kyanite/noise/internal/ui/editor/editor_ai.go:232.2,232.26 1 1
github.com/Kyanite/noise/internal/ui/editor/editor_ai.go:236.53,237.23 1 0
github.com/Kyanite/noise/internal/ui/editor/editor_ai.go:237.23,239.3 1 0
github.com/Kyanite/noise/internal/ui/editor/editor_ai.go:239.8,239.27 1 0
github.com/Kyanite/noise/internal/ui/editor/editor_ai.go:239.27,241.3 1 0
github.com/Kyanite/noise/internal/ui/editor/editor_ai.go:241.8,241.28 1 0
github.com/Kyanite/noise/internal/ui/editor/editor_ai.go:241.28,243.3 1 0
github.com/Kyanite/noise/internal/ui/editor/editor_ai.go:244.2,244.11 1 0
github.com/Kyanite/noise/internal/ui/editor/editor_ai.go:248.45,250.2 1 1
github.com/Kyanite/noise/internal/ui/editor/editor_ai.go:253.42,255.2 1 1
github.com/Kyanite/noise/internal/ui/editor/editor_ai.go:258.43,260.2 1 1
github.com/Kyanite/noise/internal/ui/editor/editor_ai.go:263.48,265.2 1 1
github.com/Kyanite/noise/internal/ui/editor/editor_ai.go:268.50,270.2 1 1
github.com/Kyanite/noise/internal/ui/editor/editor_ai.go:275.62,276.56 1 0
github.com/Kyanite/noise/internal/ui/editor/editor_ai.go:276.56,278.3 1 0
github.com/Kyanite/noise/internal/ui/editor/editor_ai.go:281.2,298.43 5 0
github.com/Kyanite/noise/internal/ui/editor/editor_ai.go:298.43,301.3 2 0
github.com/Kyanite/noise/internal/ui/editor/editor_ai.go:303.2,317.37 6 0
github.com/Kyanite/noise/internal/ui/editor/editor_ai.go:321.60,322.56 1 0
github.com/Kyanite/noise/internal/ui/editor/editor_ai.go:322.56,324.3 1 0
github.com/Kyanite/noise/internal/ui/editor/editor_ai.go:327.2,344.51 5 0
github.com/Kyanite/noise/internal/ui/editor/editor_ai.go:344.51,347.3 2 0
github.com/Kyanite/noise/internal/ui/editor/editor_ai.go:349.2,363.37 6 0
github.com/Kyanite/noise/internal/ui/editor/editor_ai.go:367.61,368.54 1 0
github.com/Kyanite/noise/internal/ui/editor/editor_ai.go:368.54,370.3 1 0
github.com/Kyanite/noise/internal/ui/editor/editor_ai.go:373.2,397.47 7 0
github.com/Kyanite/noise/internal/ui/editor/editor_ai.go:397.47,400.3 2 0
github.com/Kyanite/noise/internal/ui/editor/editor_ai.go:402.2,416.37 6 0
github.com/Kyanite/noise/internal/ui/editor/editor_metrics.go:16.84,17.24 1 1
github.com/Kyanite/noise/internal/ui/editor/editor_metrics.go:17.24,19.3 1 0
github.com/Kyanite/noise/internal/ui/editor/editor_metrics.go:22.2,29.15 4 1
github.com/Kyanite/noise/internal/ui/editor/editor_metrics.go:29.15,32.3 2 1
github.com/Kyanite/noise/internal/ui/editor/editor_metrics.go:35.2,49.38 6 1
github.com/Kyanite/noise/internal/ui/editor/editor_metrics.go:49.38,51.3 1 0
github.com/Kyanite/noise/internal/ui/editor/editor_metrics.go:52.2,56.43 3 1
github.com/Kyanite/noise/internal/ui/editor/editor_metrics.go:60.50,61.24 1 0
github.com/Kyanite/noise/internal/ui/editor/editor_metrics.go:61.24,64.3 1 0
github.com/Kyanite/noise/internal/ui/editor/editor_metrics.go:67.2,67.27 1 0
github.com/Kyanite/noise/internal/ui/editor/editor_metrics.go:71.58,74.24 3 0
github.com/Kyanite/noise/internal/ui/editor/editor_metrics.go:74.24,76.3 1 0
github.com/Kyanite/noise/internal/ui/editor/editor_metrics.go:80.52,82.2 1 0
github.com/Kyanite/noise/internal/ui/editor/editor_metrics.go:85.86,86.24 1 0
github.com/Kyanite/noise/internal/ui/editor/editor_metrics.go:86.24,88.3 1 0
github.com/Kyanite/noise/internal/ui/editor/editor_metrics.go:92.56,93.24 1 0
github.com/Kyanite/noise/internal/ui/editor/editor_metrics.go:93.24,95.3 1 0
github.com/Kyanite/noise/internal/ui/editor/editor_metrics.go:99.56,101.2 1 1
github.com/Kyanite/noise/internal/ui/editor/editor_metrics.go:104.65,106.2 1 0
github.com/Kyanite/noise/internal/ui/editor/editor_metrics.go:109.113,112.29 2 0
github.com/Kyanite/noise/internal/ui/editor/editor_metrics.go:112.29,114.3 1 0
github.com/Kyanite/noise/internal/ui/editor/editor_metrics.go:115.2,115.29 1 0
github.com/Kyanite/noise/internal/ui/editor/editor_metrics.go:115.29,117.3 1 0
github.com/Kyanite/noise/internal/ui/editor/editor_metrics.go:118.2,118.31 1 0
github.com/Kyanite/noise/internal/ui/editor/editor_metrics.go:118.31,120.3 1 0
github.com/Kyanite/noise/internal/ui/editor/editor_metrics.go:121.2,121.36 1 0
github.com/Kyanite/noise/internal/ui/editor/editor_metrics.go:121.36,123.3 1 0
github.com/Kyanite/noise/internal/ui/editor/editor_metrics.go:125.2,130.28 4 0
github.com/Kyanite/noise/internal/ui/editor/editor_metrics.go:131.26,132.32 1 0
github.com/Kyanite/noise/internal/ui/editor/editor_metrics.go:133.27,134.28 1 0
github.com/Kyanite/noise/internal/ui/editor/editor_metrics.go:135.25,136.33 1 0
github.com/Kyanite/noise/internal/ui/editor/editor_metrics.go:137.10,139.40 1 0
github.com/Kyanite/noise/internal/ui/editor/editor_metrics.go:139.40,141.4 1 0
github.com/Kyanite/noise/internal/ui/editor/editor_metrics.go:145.2,146.26 2 0
github.com/Kyanite/noise/internal/ui/editor/editor_metrics.go:146.26,148.3 1 0
github.com/Kyanite/noise/internal/ui/editor/editor_metrics.go:151.2,151.22 1 0
github.com/Kyanite/noise/internal/ui/editor/editor_metrics.go:151.22,153.18 2 0
github.com/Kyanite/noise/internal/ui/editor/editor_metrics.go:153.18,155.4 1 0
github.com/Kyanite/noise/internal/ui/editor/editor_metrics.go:158.2,164.41 2 0
github.com/Kyanite/noise/internal/ui/editor/editor_metrics.go:168.60,169.24 1 0
github.com/Kyanite/noise/internal/ui/editor/editor_metrics.go:169.24,171.3 1 0
github.com/Kyanite/noise/internal/ui/editor/editor_metrics.go:175.64,176.24 1 0
github.com/Kyanite/noise/internal/ui/editor/editor_metrics.go:176.24,178.3 1 0
github.com/Kyanite/noise/internal/ui/editor/editor_metrics.go:182.63,183.24 1 0
github.com/Kyanite/noise/internal/ui/editor/editor_metrics.go:183.24,185.3 1 0
github.com/Kyanite/noise/internal/ui/editor/editor_metrics.go:189.97,190.24 1 0
github.com/Kyanite/noise/internal/ui/editor/editor_metrics.go:190.24,192.3 1 0
github.com/Kyanite/noise/internal/ui/editor/editor_metrics.go:196.107,197.24 1 0
github.com/Kyanite/noise/internal/ui/editor/editor_metrics.go:197.24,199.3 1 0
github.com/Kyanite/noise/internal/ui/editor/editor_metrics.go:203.57,204.24 1 0
github.com/Kyanite/noise/internal/ui/editor/editor_metrics.go:204.24,206.3 1 0
github.com/Kyanite/noise/internal/ui/editor/editor_metrics.go:210.59,211.24 1 1
github.com/Kyanite/noise/internal/ui/editor/editor_metrics.go:211.24,213.3 1 1
github.com/Kyanite/noise/internal/ui/editor/editor_metrics.go:217.57,218.24 1 0
github.com/Kyanite/noise/internal/ui/editor/editor_metrics.go:218.24,220.3 1 0
github.com/Kyanite/noise/internal/ui/editor/editor_metrics.go:224.69,228.2 1 0
github.com/Kyanite/noise/internal/ui/editor/editor_metrics.go:231.56,232.24 1 0
github.com/Kyanite/noise/internal/ui/editor/editor_metrics.go:232.24,234.3 1 0
github.com/Kyanite/noise/internal/ui/editor/editor_metrics.go:235.2,235.13 1 0
github.com/Kyanite/noise/internal/ui/editor/editor_metrics.go:239.49,243.2 1 0
github.com/Kyanite/noise/internal/ui/editor/editor_metrics.go:246.77,250.2 1 0
github.com/Kyanite/noise/internal/ui/editor/editor_metrics.go:253.107,254.24 1 0
github.com/Kyanite/noise/internal/ui/editor/editor_metrics.go:254.24,256.3 1 0
github.com/Kyanite/noise/internal/ui/editor/editor_metrics.go:257.2,257.35 1 0
github.com/Kyanite/noise/internal/ui/editor/editor_metrics.go:261.46,265.2 1 0
github.com/Kyanite/noise/internal/ui/editor/editor_metrics.go:268.51,272.2 1 0
github.com/Kyanite/noise/internal/ui/editor/editor_metrics.go:275.65,279.2 1 0
github.com/Kyanite/noise/internal/ui/editor/editor_metrics.go:282.49,286.2 1 0
github.com/Kyanite/noise/internal/ui/editor/editor_metrics.go:289.34,292.2 0 0
github.com/Kyanite/noise/internal/ui/editor/editor_metrics.go:295.33,300.2 2 0
github.com/Kyanite/noise/internal/ui/editor/editor_pane.go:57.67,89.2 3 1
github.com/Kyanite/noise/internal/ui/editor/editor_pane.go:92.42,94.2 1 0
github.com/Kyanite/noise/internal/ui/editor/editor_pane.go:97.75,103.21 4 1
github.com/Kyanite/noise/internal/ui/editor/editor_pane.go:103.21,105.3 1 0
github.com/Kyanite/noise/internal/ui/editor/editor_pane.go:108.2,108.31 1 1
github.com/Kyanite/noise/internal/ui/editor/editor_pane.go:108.31,110.17 2 0
github.com/Kyanite/noise/internal/ui/editor/editor_pane.go:110.17,112.4 1 0
github.com/Kyanite/noise/internal/ui/editor/editor_pane.go:116.2,116.29 1 1
github.com/Kyanite/noise/internal/ui/editor/editor_pane.go:116.29,118.17 2 0
github.com/Kyanite/noise/internal/ui/editor/editor_pane.go:118.17,120.4 1 0
github.com/Kyanite/noise/internal/ui/editor/editor_pane.go:124.2,130.27 3 1
github.com/Kyanite/noise/internal/ui/editor/editor_pane.go:131.26,132.27 1 0
github.com/Kyanite/noise/internal/ui/editor/editor_pane.go:132.27,141.29 7 0
github.com/Kyanite/noise/internal/ui/editor/editor_pane.go:141.29,142.72 1 0
github.com/Kyanite/noise/internal/ui/editor/editor_pane.go:142.72,146.6 3 0
github.com/Kyanite/noise/internal/ui/editor/editor_pane.go:149.26,150.27 1 0
github.com/Kyanite/noise/internal/ui/editor/editor_pane.go:150.27,152.4 1 0
github.com/Kyanite/noise/internal/ui/editor/editor_pane.go:153.24,154.25 1 0
github.com/Kyanite/noise/internal/ui/editor/editor_pane.go:154.25,158.4 3 0
github.com/Kyanite/noise/internal/ui/editor/editor_pane.go:159.24,160.25 1 0
github.com/Kyanite/noise/internal/ui/editor/editor_pane.go:160.25,162.4 1 0
github.com/Kyanite/noise/internal/ui/editor/editor_pane.go:166.2,166.27 1 1
github.com/Kyanite/noise/internal/ui/editor/editor_pane.go:167.18,169.26 1 1
github.com/Kyanite/noise/internal/ui/editor/editor_pane.go:169.26,171.4 1 1
github.com/Kyanite/noise/internal/ui/editor/editor_pane.go:171.9,173.4 1 0
github.com/Kyanite/noise/internal/ui/editor/editor_pane.go:176.3,176.29 1 1
github.com/Kyanite/noise/internal/ui/editor/editor_pane.go:176.29,177.31 1 1
github.com/Kyanite/noise/internal/ui/editor/editor_pane.go:177.31,180.5 2 1
github.com/Kyanite/noise/internal/ui/editor/editor_pane.go:184.3,184.85 1 1
github.com/Kyanite/noise/internal/ui/editor/editor_pane.go:184.85,185.62 1 1
github.com/Kyanite/noise/internal/ui/editor/editor_pane.go:185.62,186.35 1 1
github.com/Kyanite/noise/internal/ui/editor/editor_pane.go:186.35,189.6 2 1
github.com/Kyanite/noise/internal/ui/editor/editor_pane.go:191.5,192.19 2 0
github.com/Kyanite/noise/internal/ui/editor/editor_pane.go:192.19,194.6 1 0
github.com/Kyanite/noise/internal/ui/editor/editor_pane.go:195.5,195.33 1 0
github.com/Kyanite/noise/internal/ui/editor/editor_pane.go:200.3,200.31 1 1
github.com/Kyanite/noise/internal/ui/editor/editor_pane.go:200.31,203.72 1 1
github.com/Kyanite/noise/internal/ui/editor/editor_pane.go:203.72,205.33 2 1
github.com/Kyanite/noise/internal/ui/editor/editor_pane.go:205.33,208.6 2 1
github.com/Kyanite/noise/internal/ui/editor/editor_pane.go:210.4,210.68 1 0
github.com/Kyanite/noise/internal/ui/editor/editor_pane.go:210.68,212.33 2 0
github.com/Kyanite/noise/internal/ui/editor/editor_pane.go:212.33,215.6 2 0
github.com/Kyanite/noise/internal/ui/editor/editor_pane.go:217.4,217.72 1 0
github.com/Kyanite/noise/internal/ui/editor/editor_pane.go:217.72,220.5 2 0
github.com/Kyanite/noise/internal/ui/editor/editor_pane.go:223.3,223.28 1 1
github.com/Kyanite/noise/internal/ui/editor/editor_pane.go:223.28,225.72 1 1
github.com/Kyanite/noise/internal/ui/editor/editor_pane.go:225.72,227.33 2 1
github.com/Kyanite/noise/internal/ui/editor/editor_pane.go:227.33,230.6 2 1
github.com/Kyanite/noise/internal/ui/editor/editor_pane.go:232.4,232.68 1 0
github.com/Kyanite/noise/internal/ui/editor/editor_pane.go:232.68,234.33 2 0
github.com/Kyanite/noise/internal/ui/editor/editor_pane.go:234.33,237.6 2 0
github.com/Kyanite/noise/internal/ui/editor/editor_pane.go:239.4,239.72 1 0
github.com/Kyanite/noise/internal/ui/editor/editor_pane.go:239.72,242.5 2 0
github.com/Kyanite/noise/internal/ui/editor/editor_pane.go:245.3,245.29 1 1
github.com/Kyanite/noise/internal/ui/editor/editor_pane.go:245.29,247.72 1 1
github.com/Kyanite/noise/internal/ui/editor/editor_pane.go:247.72,249.33 2 1
github.com/Kyanite/noise/internal/ui/editor/editor_pane.go:249.33,252.6 2 1
github.com/Kyanite/noise/internal/ui/editor/editor_pane.go:254.4,254.68 1 0
github.com/Kyanite/noise/internal/ui/editor/editor_pane.go:254.68,256.33 2 0
github.com/Kyanite/noise/internal/ui/editor/editor_pane.go:256.33,259.6 2 0
github.com/Kyanite/noise/internal/ui/editor/editor_pane.go:261.4,261.72 1 0
github.com/Kyanite/noise/internal/ui/editor/editor_pane.go:261.72,264.5 2 0
github.com/Kyanite/noise/internal/ui/editor/editor_pane.go:268.3,268.23 1 0
github.com/Kyanite/noise/internal/ui/editor/editor_pane.go:269.17,272.32 2 0
github.com/Kyanite/noise/internal/ui/editor/editor_pane.go:273.17,276.32 2 0
github.com/Kyanite/noise/internal/ui/editor/editor_pane.go:277.17,280.32 2 0
github.com/Kyanite/noise/internal/ui/editor/editor_pane.go:281.17,283.31 1 0
github.com/Kyanite/noise/internal/ui/editor/editor_pane.go:283.31,287.5 1 0
github.com/Kyanite/noise/internal/ui/editor/editor_pane.go:288.4,288.32 1 0
github.com/Kyanite/noise/internal/ui/editor/editor_pane.go:292.3,292.23 1 0
github.com/Kyanite/noise/internal/ui/editor/editor_pane.go:293.16,294.30 1 0
github.com/Kyanite/noise/internal/ui/editor/editor_pane.go:294.30,297.5 1 0
github.com/Kyanite/noise/internal/ui/editor/editor_pane.go:297.10,297.42 1 0
github.com/Kyanite/noise/internal/ui/editor/editor_pane.go:297.42,300.5 1 0
github.com/Kyanite/noise/internal/ui/editor/editor_pane.go:305.3,305.43 1 0
github.com/Kyanite/noise/internal/ui/editor/editor_pane.go:305.43,309.20 3 0
github.com/Kyanite/noise/internal/ui/editor/editor_pane.go:309.20,311.5 1 0
github.com/Kyanite/noise/internal/ui/editor/editor_pane.go:316.2,321.30 3 0
github.com/Kyanite/noise/internal/ui/editor/editor_pane.go:325.41,328.25 2 0
github.com/Kyanite/noise/internal/ui/editor/editor_pane.go:328.25,330.3 1 0
github.com/Kyanite/noise/internal/ui/editor/editor_pane.go:330.8,332.3 1 0
github.com/Kyanite/noise/internal/ui/editor/editor_pane.go:335.2,338.31 3 0
github.com/Kyanite/noise/internal/ui/editor/editor_pane.go:338.31,340.3 1 0
github.com/Kyanite/noise/internal/ui/editor/editor_pane.go:343.2,352.31 6 0
github.com/Kyanite/noise/internal/ui/editor/editor_pane.go:352.31,354.3 1 0
github.com/Kyanite/noise/internal/ui/editor/editor_pane.go:357.2,358.25 2 0
github.com/Kyanite/noise/internal/ui/editor/editor_pane.go:358.25,360.3 1 0
github.com/Kyanite/noise/internal/ui/editor/editor_pane.go:363.2,364.33 2 0
github.com/Kyanite/noise/internal/ui/editor/editor_pane.go:365.18,366.24 1 0
github.com/Kyanite/noise/internal/ui/editor/editor_pane.go:367.17,368.23 1 0
github.com/Kyanite/noise/internal/ui/editor/editor_pane.go:369.18,370.24 1 0
github.com/Kyanite/noise/internal/ui/editor/editor_pane.go:374.2,374.29 1 0
github.com/Kyanite/noise/internal/ui/editor/editor_pane.go:374.29,376.3 1 0
github.com/Kyanite/noise/internal/ui/editor/editor_pane.go:378.2,391.30 5 0
github.com/Kyanite/noise/internal/ui/editor/editor_pane.go:391.30,393.3 1 0
github.com/Kyanite/noise/internal/ui/editor/editor_pane.go:393.8,393.34 1 0
github.com/Kyanite/noise/internal/ui/editor/editor_pane.go:393.34,395.3 1 0
github.com/Kyanite/noise/internal/ui/editor/editor_pane.go:395.8,395.35 1 0
github.com/Kyanite/noise/internal/ui/editor/editor_pane.go:395.35,397.3 1 0
github.com/Kyanite/noise/internal/ui/editor/editor_pane.go:397.8,397.38 1 0
github.com/Kyanite/noise/internal/ui/editor/editor_pane.go:397.38,399.3 1 0
github.com/Kyanite/noise/internal/ui/editor/editor_pane.go:399.8,399.36 1 0
github.com/Kyanite/noise/internal/ui/editor/editor_pane.go:399.36,401.3 1 0
github.com/Kyanite/noise/internal/ui/editor/editor_pane.go:404.2,404.26 1 0
github.com/Kyanite/noise/internal/ui/editor/editor_pane.go:404.26,406.3 1 0
github.com/Kyanite/noise/internal/ui/editor/editor_pane.go:409.2,414.66 3 0
github.com/Kyanite/noise/internal/ui/editor/editor_pane.go:418.60,422.2 3 0
github.com/Kyanite/noise/internal/ui/editor/editor_pane.go:425.54,427.2 1 0
github.com/Kyanite/noise/internal/ui/editor/editor_pane.go:430.35,432.2 1 0
github.com/Kyanite/noise/internal/ui/editor/editor_pane.go:435.34,437.2 1 0
github.com/Kyanite/noise/internal/ui/editor/editor_pane.go:442.44,444.2 1 1
github.com/Kyanite/noise/internal/ui/editor/editor_pane.go:447.48,450.2 2 0
github.com/Kyanite/noise/internal/ui/editor/editor_pane.go:453.50,455.2 1 0
github.com/Kyanite/noise/internal/ui/editor/editor_pane.go:458.54,460.2 1 0
github.com/Kyanite/noise/internal/ui/editor/editor_pane.go:465.76,467.2 1 1
github.com/Kyanite/noise/internal/ui/editor/editor_pane.go:470.66,472.2 1 1
github.com/Kyanite/noise/internal/ui/editor/editor_pane.go:475.75,477.2 1 0
github.com/Kyanite/noise/internal/ui/editor/editor_pane.go:480.64,483.2 2 0
github.com/Kyanite/noise/internal/ui/editor/editor_pane.go:486.64,488.22 2 0
github.com/Kyanite/noise/internal/ui/editor/editor_pane.go:488.22,491.3 2 0
github.com/Kyanite/noise/internal/ui/editor/editor_pane.go:495.59,497.2 1 0
github.com/Kyanite/noise/internal/ui/editor/editor_pane.go:502.65,504.2 1 0
github.com/Kyanite/noise/internal/ui/editor/editor_pane.go:507.66,509.2 1 0
github.com/Kyanite/noise/internal/ui/editor/editor_pane.go:512.53,514.2 1 0
github.com/Kyanite/noise/internal/ui/editor/editor_pane.go:517.47,519.2 1 1
github.com/Kyanite/noise/internal/ui/editor/editor_pane.go:522.49,524.2 1 1
github.com/Kyanite/noise/internal/ui/editor/editor_pane.go:527.50,529.2 1 1
github.com/Kyanite/noise/internal/ui/editor/editor_pane.go:532.52,534.2 1 1
github.com/Kyanite/noise/internal/ui/editor/editor_pane.go:537.55,539.2 1 1
github.com/Kyanite/noise/internal/ui/editor/editor_pane.go:542.57,544.2 1 1
github.com/Kyanite/noise/internal/ui/editor/editor_pane.go:547.45,548.22 1 1
github.com/Kyanite/noise/internal/ui/editor/editor_pane.go:548.22,550.3 1 1
github.com/Kyanite/noise/internal/ui/editor/editor_pane.go:554.58,555.22 1 0
github.com/Kyanite/noise/internal/ui/editor/editor_pane.go:555.22,557.3 1 0
github.com/Kyanite/noise/internal/ui/editor/editor_pane.go:561.61,562.22 1 1
github.com/Kyanite/noise/internal/ui/editor/editor_pane.go:562.22,564.3 1 1
github.com/Kyanite/noise/internal/ui/editor/editor_pane.go:568.58,569.22 1 0
github.com/Kyanite/noise/internal/ui/editor/editor_pane.go:569.22,571.3 1 0
github.com/Kyanite/noise/internal/ui/editor/editor_pane.go:572.2,572.33 1 0
github.com/Kyanite/noise/internal/ui/editor/editor_pane.go:578.55,580.2 1 0
github.com/Kyanite/noise/internal/ui/editor/editor_pane.go:583.59,585.2 1 0
github.com/Kyanite/noise/internal/ui/editor/editor_pane.go:590.60,592.2 1 0
github.com/Kyanite/noise/internal/ui/editor/editor_pane.go:595.48,597.2 1 0
github.com/Kyanite/noise/internal/ui/editor/editor_pane.go:600.58,602.2 1 0
github.com/Kyanite/noise/internal/ui/editor/editor_pane.go:605.54,607.2 1 0
github.com/Kyanite/noise/internal/ui/editor/editor_pane.go:612.62,614.2 1 1
github.com/Kyanite/noise/internal/ui/editor/editor_pane.go:617.47,619.2 1 1
github.com/Kyanite/noise/internal/ui/editor/editor_pane.go:622.67,624.2 1 1
github.com/Kyanite/noise/internal/ui/editor/editor_pane.go:627.45,629.2 1 0
github.com/Kyanite/noise/internal/ui/editor/editor_pane.go:634.54,637.2 2 1
github.com/Kyanite/noise/internal/ui/editor/editor_pane.go:640.86,641.26 1 0
github.com/Kyanite/noise/internal/ui/editor/editor_pane.go:641.26,643.3 1 0
github.com/Kyanite/noise/internal/ui/editor/editor_pane.go:645.2,648.29 3 0
github.com/Kyanite/noise/internal/ui/editor/editor_pane.go:648.29,651.3 2 0
github.com/Kyanite/noise/internal/ui/editor/editor_pane.go:653.2,653.40 1 0
github.com/Kyanite/noise/internal/ui/editor/editor_pane.go:657.69,661.2 1 0
github.com/Kyanite/noise/internal/ui/editor/editor_pane.go:664.65,668.29 3 0
github.com/Kyanite/noise/internal/ui/editor/editor_pane.go:668.29,673.3 4 0
github.com/Kyanite/noise/internal/ui/editor/editor_pane.go:675.2,675.42 1 0
github.com/Kyanite/noise/internal/ui/editor/editor_pane.go:679.57,687.26 3 1
github.com/Kyanite/noise/internal/ui/editor/editor_pane.go:687.26,689.3 1 0
github.com/Kyanite/noise/internal/ui/editor/editor_pane.go:692.2,695.30 2 1
github.com/Kyanite/noise/internal/ui/editor/editor_pane.go:699.43,712.2 4 0
github.com/Kyanite/noise/internal/ui/editor/editor_pane.go:717.50,719.2 1 0
github.com/Kyanite/noise/internal/ui/editor/editor_pane.go:722.48,724.2 1 0
github.com/Kyanite/noise/internal/ui/editor/editor_pane.go:727.49,729.2 1 0
github.com/Kyanite/noise/internal/ui/editor/editor_pane.go:732.58,734.2 1 0
github.com/Kyanite/noise/internal/ui/editor/editor_pane.go:737.61,739.2 1 1
github.com/Kyanite/noise/internal/ui/editor/editor_pane.go:742.58,744.2 1 0
github.com/Kyanite/noise/internal/ui/editor/editor_pane.go:747.72,748.21 1 1
github.com/Kyanite/noise/internal/ui/editor/editor_pane.go:749.23,751.14 2 1
github.com/Kyanite/noise/internal/ui/editor/editor_pane.go:753.21,756.14 3 1
github.com/Kyanite/noise/internal/ui/editor/editor_pane.go:758.21,760.22 2 1
github.com/Kyanite/noise/internal/ui/editor/editor_pane.go:760.22,762.4 1 1
github.com/Kyanite/noise/internal/ui/editor/editor_pane.go:763.3,764.14 2 1
github.com/Kyanite/noise/internal/ui/editor/editor_pane.go:766.21,768.14 2 1
github.com/Kyanite/noise/internal/ui/editor/editor_pane.go:770.24,771.33 1 0
github.com/Kyanite/noise/internal/ui/editor/editor_pane.go:774.2,774.14 1 0
github.com/Kyanite/noise/internal/ui/editor/editor_pane.go:777.54,780.27 2 1
github.com/Kyanite/noise/internal/ui/editor/editor_pane.go:780.27,783.3 2 1
github.com/Kyanite/noise/internal/ui/editor/editor_pane.go:785.2,785.28 1 1
github.com/Kyanite/noise/internal/ui/editor/editor_pane.go:785.28,788.3 2 1
github.com/Kyanite/noise/internal/ui/editor/editor_pane.go:790.2,790.30 1 1
github.com/Kyanite/noise/internal/ui/editor/editor_pane.go:790.30,793.3 2 1
github.com/Kyanite/noise/internal/ui/editor/editor_pane.go:795.2,795.18 1 1
github.com/Kyanite/noise/internal/ui/editor/editor_pane.go:799.58,801.16 2 1
github.com/Kyanite/noise/internal/ui/editor/editor_pane.go:801.16,803.3 1 0
github.com/Kyanite/noise/internal/ui/editor/editor_pane.go:805.2,805.49 1 1
github.com/Kyanite/noise/internal/ui/editor/editor_pane.go:805.49,807.20 2 1
github.com/Kyanite/noise/internal/ui/editor/editor_pane.go:807.20,809.4 1 1
github.com/Kyanite/noise/internal/ui/editor/editor_pane.go:812.2,812.27 1 0
github.com/Kyanite/noise/internal/ui/editor/editor_pane.go:816.61,818.35 2 1
github.com/Kyanite/noise/internal/ui/editor/editor_pane.go:818.35,820.3 1 1
github.com/Kyanite/noise/internal/ui/editor/editor_pane.go:822.2,823.39 2 1
github.com/Kyanite/noise/internal/ui/editor/editor_pane.go:823.39,825.20 2 1
github.com/Kyanite/noise/internal/ui/editor/editor_pane.go:825.20,827.4 1 1
github.com/Kyanite/noise/internal/ui/editor/editor_pane.go:830.2,830.11 1 0
github.com/Kyanite/noise/internal/ui/editor/editor_pane.go:834.60,836.2 1 0
github.com/Kyanite/noise/internal/ui/editor/editor_pane.go:839.63,841.2 1 0
github.com/Kyanite/noise/internal/ui/editor/editor_pane.go:844.54,846.2 1 0
github.com/Kyanite/noise/internal/ui/editor/editor_pane.go:849.49,851.2 1 0
github.com/Kyanite/noise/internal/ui/editor/editor_shortcuts.go:13.76,15.2 1 1
github.com/Kyanite/noise/internal/ui/editor/editor_shortcuts.go:18.108,19.21 1 0
github.com/Kyanite/noise/internal/ui/editor/editor_shortcuts.go:20.31,21.28 1 0
github.com/Kyanite/noise/internal/ui/editor/editor_shortcuts.go:22.28,23.25 1 0
github.com/Kyanite/noise/internal/ui/editor/editor_shortcuts.go:24.30,25.27 1 0
github.com/Kyanite/noise/internal/ui/editor/editor_shortcuts.go:26.35,27.32 1 0
github.com/Kyanite/noise/internal/ui/editor/editor_shortcuts.go:28.18,30.27 2 0
github.com/Kyanite/noise/internal/ui/editor/editor_shortcuts.go:31.21,32.27 1 0
github.com/Kyanite/noise/internal/ui/editor/editor_shortcuts.go:32.27,34.4 1 0
github.com/Kyanite/noise/internal/ui/editor/editor_shortcuts.go:35.22,36.27 1 0
github.com/Kyanite/noise/internal/ui/editor/editor_shortcuts.go:36.27,38.4 1 0
github.com/Kyanite/noise/internal/ui/editor/editor_shortcuts.go:39.22,40.27 1 0
github.com/Kyanite/noise/internal/ui/editor/editor_shortcuts.go:40.27,42.4 1 0
github.com/Kyanite/noise/internal/ui/editor/editor_shortcuts.go:43.18,45.17 2 0
github.com/Kyanite/noise/internal/ui/editor/editor_shortcuts.go:45.18,48.4 0 0
github.com/Kyanite/noise/internal/ui/editor/editor_shortcuts.go:49.23,49.23 0 0
github.com/Kyanite/noise/internal/ui/editor/editor_shortcuts.go:52.18,52.18 0 0
github.com/Kyanite/noise/internal/ui/editor/editor_shortcuts.go:55.19,55.19 0 0
github.com/Kyanite/noise/internal/ui/editor/editor_shortcuts.go:58.17,58.17 0 0
github.com/Kyanite/noise/internal/ui/editor/editor_shortcuts.go:61.18,61.18 0 0
github.com/Kyanite/noise/internal/ui/editor/editor_shortcuts.go:64.18,64.18 0 0
github.com/Kyanite/noise/internal/ui/editor/editor_shortcuts.go:67.25,68.35 1 0
github.com/Kyanite/noise/internal/ui/editor/editor_shortcuts.go:69.23,70.33 1 0
github.com/Kyanite/noise/internal/ui/editor/editor_shortcuts.go:71.25,72.35 1 0
github.com/Kyanite/noise/internal/ui/editor/editor_shortcuts.go:73.23,74.33 1 0
github.com/Kyanite/noise/internal/ui/editor/editor_shortcuts.go:75.22,76.32 1 0
github.com/Kyanite/noise/internal/ui/editor/editor_shortcuts.go:77.22,78.32 1 0
github.com/Kyanite/noise/internal/ui/editor/editor_shortcuts.go:79.33,80.31 1 0
github.com/Kyanite/noise/internal/ui/editor/editor_shortcuts.go:81.31,82.29 1 0
github.com/Kyanite/noise/internal/ui/editor/editor_shortcuts.go:83.33,84.31 1 0
github.com/Kyanite/noise/internal/ui/editor/editor_shortcuts.go:85.31,86.29 1 0
github.com/Kyanite/noise/internal/ui/editor/editor_shortcuts.go:87.24,88.22 1 0
github.com/Kyanite/noise/internal/ui/editor/editor_shortcuts.go:89.25,90.23 1 0
github.com/Kyanite/noise/internal/ui/editor/editor_shortcuts.go:91.22,92.20 1 0
github.com/Kyanite/noise/internal/ui/editor/editor_shortcuts.go:93.24,94.22 1 0
github.com/Kyanite/noise/internal/ui/editor/editor_shortcuts.go:95.20,96.18 1 0
github.com/Kyanite/noise/internal/ui/editor/editor_shortcuts.go:97.22,98.20 1 0
github.com/Kyanite/noise/internal/ui/editor/editor_shortcuts.go:99.22,100.20 1 0
github.com/Kyanite/noise/internal/ui/editor/editor_shortcuts.go:101.21,102.18 1 0
github.com/Kyanite/noise/internal/ui/editor/editor_shortcuts.go:103.22,104.20 1 0
github.com/Kyanite/noise/internal/ui/editor/editor_shortcuts.go:105.20,106.18 1 0
github.com/Kyanite/noise/internal/ui/editor/editor_shortcuts.go:107.23,108.20 1 0
github.com/Kyanite/noise/internal/ui/editor/editor_shortcuts.go:109.18,109.18 0 0
github.com/Kyanite/noise/internal/ui/editor/editor_shortcuts.go:111.22,111.22 0 0
github.com/Kyanite/noise/internal/ui/editor/editor_shortcuts.go:113.20,115.25 1 0
github.com/Kyanite/noise/internal/ui/editor/editor_shortcuts.go:116.25,116.25 0 0
github.com/Kyanite/noise/internal/ui/editor/editor_shortcuts.go:118.24,118.24 0 0
github.com/Kyanite/noise/internal/ui/editor/editor_shortcuts.go:120.24,120.24 0 0
github.com/Kyanite/noise/internal/ui/editor/editor_shortcuts.go:122.25,122.25 0 0
github.com/Kyanite/noise/internal/ui/editor/editor_shortcuts.go:124.23,124.23 0 0
github.com/Kyanite/noise/internal/ui/editor/editor_shortcuts.go:126.24,126.24 0 0
github.com/Kyanite/noise/internal/ui/editor/editor_shortcuts.go:129.23,129.23 0 0
github.com/Kyanite/noise/internal/ui/editor/editor_shortcuts.go:131.21,131.21 0 0
github.com/Kyanite/noise/internal/ui/editor/editor_shortcuts.go:133.21,133.21 0 0
github.com/Kyanite/noise/internal/ui/editor/editor_shortcuts.go:135.21,135.21 0 0
github.com/Kyanite/noise/internal/ui/editor/editor_shortcuts.go:139.2,139.12 1 0
github.com/Kyanite/noise/internal/ui/editor/editor_shortcuts.go:143.65,145.2 1 0
github.com/Kyanite/noise/internal/ui/editor/editor_shortcuts.go:148.66,149.30 1 1
github.com/Kyanite/noise/internal/ui/editor/editor_shortcuts.go:149.30,151.3 1 1
github.com/Kyanite/noise/internal/ui/editor/editor_shortcuts.go:155.53,156.30 1 0
github.com/Kyanite/noise/internal/ui/editor/editor_shortcuts.go:156.30,158.3 1 0
github.com/Kyanite/noise/internal/ui/editor/editor_shortcuts.go:159.2,159.11 1 0
github.com/Kyanite/noise/internal/ui/editor/editor_shortcuts.go:164.81,167.2 0 0
github.com/Kyanite/noise/internal/ui/editor/editor_shortcuts.go:169.79,172.2 0 0
github.com/Kyanite/noise/internal/ui/editor/editor_shortcuts.go:174.81,177.2 0 0
github.com/Kyanite/noise/internal/ui/editor/editor_shortcuts.go:179.79,182.2 0 0
github.com/Kyanite/noise/internal/ui/editor/editor_shortcuts.go:184.78,187.2 0 0
github.com/Kyanite/noise/internal/ui/editor/editor_shortcuts.go:189.78,192.2 0 0
github.com/Kyanite/noise/internal/ui/editor/editor_shortcuts.go:196.77,199.2 0 0
github.com/Kyanite/noise/internal/ui/editor/editor_shortcuts.go:201.75,204.2 0 0
github.com/Kyanite/noise/internal/ui/editor/editor_shortcuts.go:206.77,209.2 0 0
github.com/Kyanite/noise/internal/ui/editor/editor_shortcuts.go:211.75,214.2 0 0
github.com/Kyanite/noise/internal/ui/editor/editor_shortcuts.go:216.68,219.2 0 0
github.com/Kyanite/noise/internal/ui/editor/editor_shortcuts.go:221.69,224.2 0 0
github.com/Kyanite/noise/internal/ui/editor/editor_shortcuts.go:226.66,229.2 0 0
github.com/Kyanite/noise/internal/ui/editor/editor_shortcuts.go:231.68,234.2 0 0
github.com/Kyanite/noise/internal/ui/editor/editor_shortcuts.go:238.64,241.2 0 0
github.com/Kyanite/noise/internal/ui/editor/editor_shortcuts.go:243.66,246.2 0 0
github.com/Kyanite/noise/internal/ui/editor/editor_shortcuts.go:250.66,253.2 0 0
github.com/Kyanite/noise/internal/ui/editor/editor_shortcuts.go:255.65,264.2 1 0
github.com/Kyanite/noise/internal/ui/editor/editor_shortcuts.go:266.63,270.38 2 0
github.com/Kyanite/noise/internal/ui/editor/editor_shortcuts.go:270.38,272.3 1 0
github.com/Kyanite/noise/internal/ui/editor/editor_shortcuts.go:274.2,275.16 2 0
github.com/Kyanite/noise/internal/ui/editor/editor_shortcuts.go:275.16,278.3 1 0
github.com/Kyanite/noise/internal/ui/editor/editor_shortcuts.go:281.70,293.38 3 0
github.com/Kyanite/noise/internal/ui/editor/editor_shortcuts.go:293.38,296.3 2 0
github.com/Kyanite/noise/internal/ui/editor/editor_shortcuts.go:300.2,301.11 2 0
github.com/Kyanite/noise/internal/ui/editor/editor_state.go:19.38,22.2 1 0
github.com/Kyanite/noise/internal/ui/editor/editor_state.go:25.51,28.2 1 1
github.com/Kyanite/noise/internal/ui/editor/editor_state.go:31.40,33.2 1 1
github.com/Kyanite/noise/internal/ui/editor/editor_state.go:36.44,38.2 1 1
github.com/Kyanite/noise/internal/ui/editor/editor_state.go:41.51,43.2 1 1
github.com/Kyanite/noise/internal/ui/editor/editor_state.go:46.55,48.2 1 0
github.com/Kyanite/noise/internal/ui/editor/editor_state.go:51.46,53.2 1 0
github.com/Kyanite/noise/internal/ui/editor/editor_state.go:56.50,58.17 2 0
github.com/Kyanite/noise/internal/ui/editor/editor_state.go:58.17,60.3 1 0
github.com/Kyanite/noise/internal/ui/editor/editor_state.go:64.44,66.2 1 0
github.com/Kyanite/noise/internal/ui/editor/editor_state.go:69.56,71.2 1 0
github.com/Kyanite/noise/internal/ui/editor/editor_state.go:74.50,76.2 1 0
github.com/Kyanite/noise/internal/ui/editor/editor_state.go:79.54,81.2 1 0
github.com/Kyanite/noise/internal/ui/editor/editor_state.go:84.46,91.31 4 1
github.com/Kyanite/noise/internal/ui/editor/editor_state.go:91.31,93.3 1 1
github.com/Kyanite/noise/internal/ui/editor/editor_state.go:93.8,95.3 1 0
github.com/Kyanite/noise/internal/ui/editor/editor_state.go:99.40,100.30 1 0
github.com/Kyanite/noise/internal/ui/editor/editor_state.go:100.30,102.3 1 0
github.com/Kyanite/noise/internal/ui/editor/editor_state.go:104.2,107.37 2 0
github.com/Kyanite/noise/internal/ui/editor/editor_state.go:107.37,111.27 2 0
github.com/Kyanite/noise/internal/ui/editor/editor_state.go:111.27,115.28 2 0
github.com/Kyanite/noise/internal/ui/editor/editor_state.go:115.28,117.118 2 0
github.com/Kyanite/noise/internal/ui/editor/editor_state.go:117.118,120.6 1 0
github.com/Kyanite/noise/internal/ui/editor/editor_state.go:121.5,121.11 1 0
github.com/Kyanite/noise/internal/ui/editor/editor_state.go:126.3,126.48 1 0
github.com/Kyanite/noise/internal/ui/editor/editor_state.go:131.41,132.30 1 0
github.com/Kyanite/noise/internal/ui/editor/editor_state.go:132.30,134.3 1 0
github.com/Kyanite/noise/internal/ui/editor/editor_state.go:136.2,137.45 2 0
github.com/Kyanite/noise/internal/ui/editor/editor_state.go:141.62,142.30 1 1
github.com/Kyanite/noise/internal/ui/editor/editor_state.go:142.30,144.3 1 1
github.com/Kyanite/noise/internal/ui/editor/editor_state.go:145.2,145.38 1 1
github.com/Kyanite/noise/internal/ui/editor/editor_state.go:149.51,150.30 1 1
github.com/Kyanite/noise/internal/ui/editor/editor_state.go:150.30,152.3 1 1
github.com/Kyanite/noise/internal/ui/editor/editor_state.go:153.2,153.44 1 1
github.com/Kyanite/noise/internal/ui/editor/editor_state.go:157.69,158.30 1 0
github.com/Kyanite/noise/internal/ui/editor/editor_state.go:158.30,160.3 1 0
github.com/Kyanite/noise/internal/ui/editor/editor_state.go:161.2,161.26 1 0
github.com/Kyanite/noise/internal/ui/editor/editor_state.go:161.26,163.3 1 0
github.com/Kyanite/noise/internal/ui/editor/editor_state.go:166.2,171.91 3 0
github.com/Kyanite/noise/internal/ui/editor/editor_state.go:175.58,177.2 1 0
github.com/Kyanite/noise/internal/ui/editor/editor_state.go:180.51,181.30 1 0
github.com/Kyanite/noise/internal/ui/editor/editor_state.go:181.30,183.3 1 0
github.com/Kyanite/noise/internal/ui/editor/editor_state.go:184.2,184.26 1 0
github.com/Kyanite/noise/internal/ui/editor/editor_state.go:184.26,186.3 1 0
github.com/Kyanite/noise/internal/ui/editor/editor_state.go:188.2,189.16 2 0
github.com/Kyanite/noise/internal/ui/editor/editor_state.go:189.16,191.3 1 0
github.com/Kyanite/noise/internal/ui/editor/editor_state.go:193.2,194.12 2 0
github.com/Kyanite/noise/internal/ui/editor/editor_state.go:200.72,202.20 2 1
github.com/Kyanite/noise/internal/ui/editor/editor_state.go:202.20,205.3 2 1
github.com/Kyanite/noise/internal/ui/editor/editor_state.go:209.62,211.2 1 1
github.com/Kyanite/noise/internal/ui/editor/editor_state.go:214.55,216.2 1 0
github.com/Kyanite/noise/internal/ui/editor/editor_state.go:219.71,221.2 1 0
github.com/Kyanite/noise/internal/ui/editor/editor_state.go:224.61,227.2 0 0
github.com/Kyanite/noise/internal/ui/editor/editor_state.go:230.56,233.2 2 0
github.com/Kyanite/noise/internal/ui/editor/editor_state.go:236.50,238.2 1 0
github.com/Kyanite/noise/internal/ui/editor/editor_state.go:241.31,244.2 2 0
github.com/Kyanite/noise/internal/ui/editor/editor_state.go:247.30,250.2 2 0
github.com/Kyanite/noise/internal/ui/editor/editor_state.go:253.40,255.2 1 1
github.com/Kyanite/noise/internal/ui/editor/editor_state.go:258.53,260.2 1 0
github.com/Kyanite/noise/internal/ui/editor/editor_state.go:263.61,265.2 1 0
github.com/Kyanite/noise/internal/ui/editor/editor_state.go:270.51,272.2 1 0
github.com/Kyanite/noise/internal/ui/editor/editor_state.go:275.43,277.2 1 0
github.com/Kyanite/noise/internal/ui/editor/editor_state.go:280.52,282.2 1 0
github.com/Kyanite/noise/internal/ui/editor/editor_state.go:285.47,287.2 1 0
github.com/Kyanite/noise/internal/ui/editor/editor_state.go:290.53,292.2 1 0
github.com/Kyanite/noise/internal/ui/editor/editor_state.go:295.48,297.2 1 0
github.com/Kyanite/noise/internal/ui/editor/editor_state.go:300.39,304.25 3 0
github.com/Kyanite/noise/internal/ui/editor/editor_state.go:304.25,306.3 1 0
github.com/Kyanite/noise/internal/ui/editor/editor_state.go:309.2,310.29 2 0
github.com/Kyanite/noise/internal/ui/editor/editor_state.go:310.29,311.44 1 0
github.com/Kyanite/noise/internal/ui/editor/editor_state.go:311.44,313.4 1 0
github.com/Kyanite/noise/internal/ui/editor/editor_state.go:316.2,317.30 2 0
github.com/Kyanite/noise/internal/ui/editor/editor_state.go:317.30,319.3 1 0
github.com/Kyanite/noise/internal/ui/editor/editor_state.go:323.41,324.31 1 0
github.com/Kyanite/noise/internal/ui/editor/editor_state.go:324.31,326.3 1 0
github.com/Kyanite/noise/internal/ui/editor/editor_state.go:328.2,329.48 2 0
github.com/Kyanite/noise/internal/ui/editor/editor_state.go:333.45,334.31 1 0
github.com/Kyanite/noise/internal/ui/editor/editor_state.go:334.31,336.3 1 0
github.com/Kyanite/noise/internal/ui/editor/editor_state.go:338.2,339.48 2 0
github.com/Kyanite/noise/internal/ui/editor/editor_state.go:343.48,345.2 1 0
github.com/Kyanite/noise/internal/ui/editor/editor_state.go:348.45,350.2 1 0
github.com/Kyanite/noise/internal/ui/editor/editor_state.go:355.43,357.2 1 1
github.com/Kyanite/noise/internal/ui/editor/editor_state.go:360.45,362.2 1 1
github.com/Kyanite/noise/internal/ui/editor/editor_state.go:367.43,369.2 1 0
github.com/Kyanite/noise/internal/ui/editor/editor_state.go:372.46,374.2 1 1
github.com/Kyanite/noise/internal/ui/editor/editor_state.go:377.40,379.2 1 0
github.com/Kyanite/noise/internal/ui/editor/editor_state.go:382.46,384.2 1 1
github.com/Kyanite/noise/internal/ui/editor/editor_state.go:387.42,389.2 1 0
github.com/Kyanite/noise/internal/ui/editor/editor_state.go:392.48,394.2 1 1
github.com/Kyanite/noise/internal/ui/editor/editor_state.go:397.47,399.2 1 0
github.com/Kyanite/noise/internal/ui/editor/editor_state.go:402.53,404.2 1 1
github.com/Kyanite/noise/internal/ui/editor/editor_state.go:407.42,411.22 3 0
github.com/Kyanite/noise/internal/ui/editor/editor_state.go:411.22,416.30 3 0
github.com/Kyanite/noise/internal/ui/editor/editor_state.go:416.30,417.29 1 0
github.com/Kyanite/noise/internal/ui/editor/editor_state.go:417.29,419.5 1 0
github.com/Kyanite/noise/internal/ui/editor/editor_state.go:419.10,420.10 1 0
github.com/Kyanite/noise/internal/ui/editor/editor_state.go:424.3,424.19 1 0
github.com/Kyanite/noise/internal/ui/editor/editor_state.go:424.19,427.4 1 0
github.com/Kyanite/noise/internal/ui/editor/editor_state.go:434.33,439.2 3 0
github.com/Kyanite/noise/internal/ui/editor/editor_state.go:442.55,443.26 1 0
github.com/Kyanite/noise/internal/ui/editor/editor_state.go:443.26,445.3 1 0
github.com/Kyanite/noise/internal/ui/editor/editor_state.go:447.2,448.16 2 0
github.com/Kyanite/noise/internal/ui/editor/editor_state.go:448.16,450.3 1 0
github.com/Kyanite/noise/internal/ui/editor/editor_state.go:452.2,456.12 4 0
github.com/Kyanite/noise/internal/ui/editor/editor_state.go:460.53,461.26 1 0
github.com/Kyanite/noise/internal/ui/editor/editor_state.go:461.26,463.3 1 0
github.com/Kyanite/noise/internal/ui/editor/editor_state.go:465.2,486.16 4 0
github.com/Kyanite/noise/internal/ui/editor/editor_state.go:486.16,488.3 1 0
github.com/Kyanite/noise/internal/ui/editor/editor_state.go:490.2,491.12 2 0
github.com/Kyanite/noise/internal/ui/editor/editor_state.go:495.35,500.2 3 0
github.com/Kyanite/noise/internal/ui/editor/editor_state.go:505.73,507.2 1 0
github.com/Kyanite/noise/internal/ui/editor/editor_state.go:510.50,512.16 1 0
github.com/Kyanite/noise/internal/ui/editor/editor_state.go:512.16,516.3 1 0
github.com/Kyanite/noise/internal/ui/editor/help_pane.go:47.72,87.2 10 0
github.com/Kyanite/noise/internal/ui/editor/help_pane.go:90.40,92.2 1 0
github.com/Kyanite/noise/internal/ui/editor/help_pane.go:95.71,98.27 2 0
github.com/Kyanite/noise/internal/ui/editor/help_pane.go:99.18,100.23 1 0
github.com/Kyanite/noise/internal/ui/editor/help_pane.go:101.14,102.20 1 0
github.com/Kyanite/noise/internal/ui/editor/help_pane.go:102.20,108.5 4 0
github.com/Kyanite/noise/internal/ui/editor/help_pane.go:108.10,110.33 1 0
github.com/Kyanite/noise/internal/ui/editor/help_pane.go:110.33,112.6 1 0
github.com/Kyanite/noise/internal/ui/editor/help_pane.go:114.21,116.32 1 0
github.com/Kyanite/noise/internal/ui/editor/help_pane.go:116.32,118.5 1 0
github.com/Kyanite/noise/internal/ui/editor/help_pane.go:119.12,122.20 2 0
github.com/Kyanite/noise/internal/ui/editor/help_pane.go:122.20,125.5 2 0
github.com/Kyanite/noise/internal/ui/editor/help_pane.go:125.10,129.5 3 0
github.com/Kyanite/noise/internal/ui/editor/help_pane.go:130.11,131.20 1 0
github.com/Kyanite/noise/internal/ui/editor/help_pane.go:131.20,137.25 5 0
github.com/Kyanite/noise/internal/ui/editor/help_pane.go:137.25,139.6 1 0
github.com/Kyanite/noise/internal/ui/editor/help_pane.go:144.2,144.15 1 0
github.com/Kyanite/noise/internal/ui/editor/help_pane.go:148.39,153.23 2 0
github.com/Kyanite/noise/internal/ui/editor/help_pane.go:153.23,155.3 1 0
github.com/Kyanite/noise/internal/ui/editor/help_pane.go:157.2,157.19 1 0
github.com/Kyanite/noise/internal/ui/editor/help_pane.go:157.19,159.3 1 0
github.com/Kyanite/noise/internal/ui/editor/help_pane.go:161.2,161.27 1 0
github.com/Kyanite/noise/internal/ui/editor/help_pane.go:165.41,166.53 1 0
github.com/Kyanite/noise/internal/ui/editor/help_pane.go:166.53,169.3 2 0
github.com/Kyanite/noise/internal/ui/editor/help_pane.go:171.2,176.38 4 0
github.com/Kyanite/noise/internal/ui/editor/help_pane.go:176.38,183.38 4 0
github.com/Kyanite/noise/internal/ui/editor/help_pane.go:183.38,185.4 1 0
github.com/Kyanite/noise/internal/ui/editor/help_pane.go:189.2,189.42 1 0
github.com/Kyanite/noise/internal/ui/editor/help_pane.go:189.42,196.72 5 0
github.com/Kyanite/noise/internal/ui/editor/help_pane.go:196.72,198.4 1 0
github.com/Kyanite/noise/internal/ui/editor/help_pane.go:199.3,199.72 1 0
github.com/Kyanite/noise/internal/ui/editor/help_pane.go:199.72,201.4 1 0
github.com/Kyanite/noise/internal/ui/editor/help_pane.go:204.3,204.72 1 0
github.com/Kyanite/noise/internal/ui/editor/help_pane.go:204.72,206.4 1 0
github.com/Kyanite/noise/internal/ui/editor/help_pane.go:207.3,207.72 1 0
github.com/Kyanite/noise/internal/ui/editor/help_pane.go:207.72,209.4 1 0
github.com/Kyanite/noise/internal/ui/editor/help_pane.go:211.3,211.57 1 0
github.com/Kyanite/noise/internal/ui/editor/help_pane.go:214.2,214.27 1 0
github.com/Kyanite/noise/internal/ui/editor/help_pane.go:218.49,224.18 4 0
github.com/Kyanite/noise/internal/ui/editor/help_pane.go:224.18,231.26 4 0
github.com/Kyanite/noise/internal/ui/editor/help_pane.go:231.26,232.32 1 0
github.com/Kyanite/noise/internal/ui/editor/help_pane.go:232.32,235.5 2 0
github.com/Kyanite/noise/internal/ui/editor/help_pane.go:235.10,238.5 2 0
github.com/Kyanite/noise/internal/ui/editor/help_pane.go:241.3,241.26 1 0
github.com/Kyanite/noise/internal/ui/editor/help_pane.go:242.8,245.3 1 0
github.com/Kyanite/noise/internal/ui/editor/help_pane.go:247.2,256.18 4 0
github.com/Kyanite/noise/internal/ui/editor/help_pane.go:256.18,259.3 2 0
github.com/Kyanite/noise/internal/ui/editor/help_pane.go:259.8,261.39 1 0
github.com/Kyanite/noise/internal/ui/editor/help_pane.go:261.39,263.4 1 0
github.com/Kyanite/noise/internal/ui/editor/help_pane.go:263.9,266.4 2 0
github.com/Kyanite/noise/internal/ui/editor/help_pane.go:269.2,271.33 2 0
github.com/Kyanite/noise/internal/ui/editor/help_pane.go:271.33,273.3 1 0
github.com/Kyanite/noise/internal/ui/editor/help_pane.go:275.2,275.45 1 0
github.com/Kyanite/noise/internal/ui/editor/help_pane.go:279.52,285.18 4 0
github.com/Kyanite/noise/internal/ui/editor/help_pane.go:285.18,292.26 4 0
github.com/Kyanite/noise/internal/ui/editor/help_pane.go:292.26,293.32 1 0
github.com/Kyanite/noise/internal/ui/editor/help_pane.go:293.32,296.5 2 0
github.com/Kyanite/noise/internal/ui/editor/help_pane.go:296.10,299.5 2 0
github.com/Kyanite/noise/internal/ui/editor/help_pane.go:302.3,302.26 1 0
github.com/Kyanite/noise/internal/ui/editor/help_pane.go:303.8,306.3 1 0
github.com/Kyanite/noise/internal/ui/editor/help_pane.go:308.2,312.18 3 0
github.com/Kyanite/noise/internal/ui/editor/help_pane.go:312.18,314.3 1 0
github.com/Kyanite/noise/internal/ui/editor/help_pane.go:314.8,316.3 1 0
github.com/Kyanite/noise/internal/ui/editor/help_pane.go:318.2,326.33 3 0
github.com/Kyanite/noise/internal/ui/editor/help_pane.go:326.33,328.3 1 0
github.com/Kyanite/noise/internal/ui/editor/help_pane.go:330.2,330.45 1 0
github.com/Kyanite/noise/internal/ui/editor/help_pane.go:334.52,340.18 4 0
github.com/Kyanite/noise/internal/ui/editor/help_pane.go:340.18,347.26 4 0
github.com/Kyanite/noise/internal/ui/editor/help_pane.go:347.26,348.32 1 0
github.com/Kyanite/noise/internal/ui/editor/help_pane.go:348.32,351.5 2 0
github.com/Kyanite/noise/internal/ui/editor/help_pane.go:351.10,354.5 2 0
github.com/Kyanite/noise/internal/ui/editor/help_pane.go:357.3,357.26 1 0
github.com/Kyanite/noise/internal/ui/editor/help_pane.go:358.8,361.3 1 0
github.com/Kyanite/noise/internal/ui/editor/help_pane.go:363.2,367.18 3 0
github.com/Kyanite/noise/internal/ui/editor/help_pane.go:367.18,369.3 1 0
github.com/Kyanite/noise/internal/ui/editor/help_pane.go:369.8,371.3 1 0
github.com/Kyanite/noise/internal/ui/editor/help_pane.go:373.2,381.33 3 0
github.com/Kyanite/noise/internal/ui/editor/help_pane.go:381.33,383.3 1 0
github.com/Kyanite/noise/internal/ui/editor/help_pane.go:385.2,385.45 1 0
github.com/Kyanite/noise/internal/ui/editor/help_pane.go:389.54,394.30 3 0
github.com/Kyanite/noise/internal/ui/editor/help_pane.go:394.30,396.3 1 0
github.com/Kyanite/noise/internal/ui/editor/help_pane.go:399.2,401.38 2 0
github.com/Kyanite/noise/internal/ui/editor/help_pane.go:401.38,407.3 2 0
github.com/Kyanite/noise/internal/ui/editor/help_pane.go:409.2,409.58 1 0
github.com/Kyanite/noise/internal/ui/editor/help_pane.go:413.98,414.30 1 0
github.com/Kyanite/noise/internal/ui/editor/help_pane.go:414.30,416.3 1 0
github.com/Kyanite/noise/internal/ui/editor/help_pane.go:418.2,421.38 3 0
github.com/Kyanite/noise/internal/ui/editor/help_pane.go:421.38,422.103 1 0
github.com/Kyanite/noise/internal/ui/editor/help_pane.go:422.103,424.4 1 0
github.com/Kyanite/noise/internal/ui/editor/help_pane.go:427.2,427.17 1 0
github.com/Kyanite/noise/internal/ui/editor/help_pane.go:431.95,446.60 4 0
github.com/Kyanite/noise/internal/ui/editor/help_pane.go:446.60,448.3 1 0
github.com/Kyanite/noise/internal/ui/editor/help_pane.go:449.2,452.35 2 0
github.com/Kyanite/noise/internal/ui/editor/help_pane.go:452.35,459.3 4 0
github.com/Kyanite/noise/internal/ui/editor/help_pane.go:462.2,464.34 2 0
github.com/Kyanite/noise/internal/ui/editor/help_pane.go:468.61,473.42 3 0
github.com/Kyanite/noise/internal/ui/editor/help_pane.go:473.42,481.13 4 0
github.com/Kyanite/noise/internal/ui/editor/help_pane.go:481.13,483.21 2 0
github.com/Kyanite/noise/internal/ui/editor/help_pane.go:483.21,485.5 1 0
github.com/Kyanite/noise/internal/ui/editor/help_pane.go:486.4,486.9 1 0
github.com/Kyanite/noise/internal/ui/editor/help_pane.go:491.2,493.34 2 0
github.com/Kyanite/noise/internal/ui/editor/help_pane.go:497.54,502.42 3 0
github.com/Kyanite/noise/internal/ui/editor/help_pane.go:502.42,521.14 9 0
github.com/Kyanite/noise/internal/ui/editor/help_pane.go:521.14,523.21 2 0
github.com/Kyanite/noise/internal/ui/editor/help_pane.go:523.21,525.5 1 0
github.com/Kyanite/noise/internal/ui/editor/help_pane.go:526.4,526.9 1 0
github.com/Kyanite/noise/internal/ui/editor/help_pane.go:531.2,533.34 2 0
github.com/Kyanite/noise/internal/ui/editor/help_pane.go:537.72,538.17 1 0
github.com/Kyanite/noise/internal/ui/editor/help_pane.go:538.17,540.3 1 0
github.com/Kyanite/noise/internal/ui/editor/help_pane.go:543.2,546.45 3 0
github.com/Kyanite/noise/internal/ui/editor/help_pane.go:546.45,550.38 2 0
github.com/Kyanite/noise/internal/ui/editor/help_pane.go:550.38,553.4 2 0
github.com/Kyanite/noise/internal/ui/editor/help_pane.go:554.3,554.16 1 0
github.com/Kyanite/noise/internal/ui/editor/help_pane.go:557.2,557.13 1 0
github.com/Kyanite/noise/internal/ui/editor/help_pane.go:561.61,566.42 3 0
github.com/Kyanite/noise/internal/ui/editor/help_pane.go:566.42,575.14 5 0
github.com/Kyanite/noise/internal/ui/editor/help_pane.go:575.14,577.21 2 0
github.com/Kyanite/noise/internal/ui/editor/help_pane.go:577.21,579.5 1 0
github.com/Kyanite/noise/internal/ui/editor/help_pane.go:580.4,580.9 1 0
github.com/Kyanite/noise/internal/ui/editor/help_pane.go:585.2,587.34 2 0
github.com/Kyanite/noise/internal/ui/editor/help_pane.go:591.58,593.2 1 0
github.com/Kyanite/noise/internal/ui/editor/help_pane.go:595.52,597.2 1 0
github.com/Kyanite/noise/internal/ui/editor/help_pane.go:600.33,602.2 1 0
github.com/Kyanite/noise/internal/ui/editor/help_pane.go:605.32,607.2 1 0
github.com/Kyanite/noise/internal/ui/editor/help_pane.go:610.78,612.2 1 0
github.com/Kyanite/noise/internal/ui/editor/help_pane.go:615.63,617.2 1 0
github.com/Kyanite/noise/internal/ui/editor/help_pane.go:620.48,627.102 4 0
github.com/Kyanite/noise/internal/ui/editor/help_pane.go:627.102,631.3 3 0
github.com/Kyanite/noise/internal/ui/editor/help_pane.go:635.61,640.30 3 0
github.com/Kyanite/noise/internal/ui/editor/help_pane.go:640.30,642.3 1 0
github.com/Kyanite/noise/internal/ui/editor/help_pane.go:645.2,647.38 2 0
github.com/Kyanite/noise/internal/ui/editor/help_pane.go:647.38,649.24 2 0
github.com/Kyanite/noise/internal/ui/editor/help_pane.go:649.24,651.4 1 0
github.com/Kyanite/noise/internal/ui/editor/help_pane.go:654.2,654.58 1 0
github.com/Kyanite/noise/internal/ui/editor/help_pane.go:658.61,663.30 3 0
github.com/Kyanite/noise/internal/ui/editor/help_pane.go:663.30,665.3 1 0
github.com/Kyanite/noise/internal/ui/editor/help_pane.go:668.2,670.47 2 0
github.com/Kyanite/noise/internal/ui/editor/help_pane.go:670.47,678.24 4 0
github.com/Kyanite/noise/internal/ui/editor/help_pane.go:678.24,680.29 2 0
github.com/Kyanite/noise/internal/ui/editor/help_pane.go:680.29,682.5 1 0
github.com/Kyanite/noise/internal/ui/editor/help_pane.go:683.4,683.31 1 0
github.com/Kyanite/noise/internal/ui/editor/help_pane.go:683.31,687.5 3 0
github.com/Kyanite/noise/internal/ui/editor/help_pane.go:688.9,691.4 1 0
github.com/Kyanite/noise/internal/ui/editor/help_pane.go:693.3,693.57 1 0
github.com/Kyanite/noise/internal/ui/editor/help_pane.go:696.2,696.58 1 0
github.com/Kyanite/noise/internal/ui/editor/help_pane.go:700.102,707.35 3 0
github.com/Kyanite/noise/internal/ui/editor/help_pane.go:707.35,713.3 3 0
github.com/Kyanite/noise/internal/ui/editor/help_pane.go:716.2,718.34 2 0
github.com/Kyanite/noise/internal/ui/editor/help_pane.go:722.78,726.35 2 0
github.com/Kyanite/noise/internal/ui/editor/help_pane.go:726.35,730.3 3 0
github.com/Kyanite/noise/internal/ui/editor/help_pane.go:732.2,732.34 1 0
github.com/Kyanite/noise/internal/ui/editor/highlighter.go:42.48,69.2 18 1
github.com/Kyanite/noise/internal/ui/editor/highlighter.go:72.78,73.19 1 1
github.com/Kyanite/noise/internal/ui/editor/highlighter.go:73.19,75.3 1 0
github.com/Kyanite/noise/internal/ui/editor/highlighter.go:77.2,81.62 3 1
github.com/Kyanite/noise/internal/ui/editor/highlighter.go:81.62,83.42 2 1
github.com/Kyanite/noise/internal/ui/editor/highlighter.go:83.42,85.83 2 0
github.com/Kyanite/noise/internal/ui/editor/highlighter.go:85.83,93.34 2 0
github.com/Kyanite/noise/internal/ui/editor/highlighter.go:93.34,95.6 1 0
github.com/Kyanite/noise/internal/ui/editor/highlighter.go:101.2,101.48 1 1
github.com/Kyanite/noise/internal/ui/editor/highlighter.go:101.48,102.56 1 1
github.com/Kyanite/noise/internal/ui/editor/highlighter.go:102.56,103.12 1 1
github.com/Kyanite/noise/internal/ui/editor/highlighter.go:106.3,107.33 2 1
github.com/Kyanite/noise/internal/ui/editor/highlighter.go:107.33,108.22 1 0
github.com/Kyanite/noise/internal/ui/editor/highlighter.go:108.22,109.13 1 0
github.com/Kyanite/noise/internal/ui/editor/highlighter.go:112.4,113.79 2 0
github.com/Kyanite/noise/internal/ui/editor/highlighter.go:113.79,114.13 1 0
github.com/Kyanite/noise/internal/ui/editor/highlighter.go:117.4,118.45 2 0
github.com/Kyanite/noise/internal/ui/editor/highlighter.go:118.45,120.5 1 0
github.com/Kyanite/noise/internal/ui/editor/highlighter.go:122.4,131.33 3 0
github.com/Kyanite/noise/internal/ui/editor/highlighter.go:131.33,133.5 1 0
github.com/Kyanite/noise/internal/ui/editor/highlighter.go:138.2,138.43 1 1
github.com/Kyanite/noise/internal/ui/editor/highlighter.go:138.43,140.3 1 0
github.com/Kyanite/noise/internal/ui/editor/highlighter.go:142.2,142.17 1 1
github.com/Kyanite/noise/internal/ui/editor/layout_draft.go:16.36,18.2 1 1
github.com/Kyanite/noise/internal/ui/editor/layout_draft.go:21.56,23.2 1 0
github.com/Kyanite/noise/internal/ui/editor/layout_draft.go:25.50,27.2 1 0
github.com/Kyanite/noise/internal/ui/editor/layout_draft.go:30.104,102.2 15 0
github.com/Kyanite/noise/internal/ui/editor/layout_draft.go:105.50,107.2 1 0
github.com/Kyanite/noise/internal/ui/editor/layout_draft.go:110.49,112.2 1 0
github.com/Kyanite/noise/internal/ui/editor/layout_draft.go:115.44,117.2 1 0
github.com/Kyanite/noise/internal/ui/editor/layout_polish.go:16.38,18.2 1 1
github.com/Kyanite/noise/internal/ui/editor/layout_polish.go:21.57,23.2 1 0
github.com/Kyanite/noise/internal/ui/editor/layout_polish.go:25.51,27.2 1 0
github.com/Kyanite/noise/internal/ui/editor/layout_polish.go:30.129,127.2 20 0
github.com/Kyanite/noise/internal/ui/editor/layout_polish.go:130.51,132.2 1 0
github.com/Kyanite/noise/internal/ui/editor/layout_polish.go:135.50,137.2 1 0
github.com/Kyanite/noise/internal/ui/editor/layout_polish.go:140.52,142.2 1 0
github.com/Kyanite/noise/internal/ui/editor/layout_polish.go:145.45,147.2 1 0
github.com/Kyanite/noise/internal/ui/editor/layout_sketch.go:16.38,18.2 1 1
github.com/Kyanite/noise/internal/ui/editor/layout_sketch.go:21.57,23.2 1 0
github.com/Kyanite/noise/internal/ui/editor/layout_sketch.go:25.51,27.2 1 0
github.com/Kyanite/noise/internal/ui/editor/layout_sketch.go:30.86,77.2 10 0
github.com/Kyanite/noise/internal/ui/editor/layout_sketch.go:80.54,82.2 1 0
github.com/Kyanite/noise/internal/ui/editor/layout_sketch.go:85.45,87.2 1 0
github.com/Kyanite/noise/internal/ui/editor/preview_pane.go:88.46,97.16 3 1
github.com/Kyanite/noise/internal/ui/editor/preview_pane.go:97.16,102.3 1 1
github.com/Kyanite/noise/internal/ui/editor/preview_pane.go:105.2,161.14 4 1
github.com/Kyanite/noise/internal/ui/editor/preview_pane.go:165.39,298.2 1 1
github.com/Kyanite/noise/internal/ui/editor/preview_pane.go:301.43,303.2 1 0
github.com/Kyanite/noise/internal/ui/editor/preview_pane.go:306.59,307.24 1 0
github.com/Kyanite/noise/internal/ui/editor/preview_pane.go:307.24,309.21 1 0
github.com/Kyanite/noise/internal/ui/editor/preview_pane.go:309.21,316.49 3 0
github.com/Kyanite/noise/internal/ui/editor/preview_pane.go:316.49,320.10 4 0
github.com/Kyanite/noise/internal/ui/editor/preview_pane.go:323.4,323.38 1 0
github.com/Kyanite/noise/internal/ui/editor/preview_pane.go:325.3,325.13 1 0
github.com/Kyanite/noise/internal/ui/editor/preview_pane.go:330.77,333.27 2 0
github.com/Kyanite/noise/internal/ui/editor/preview_pane.go:334.18,335.23 1 0
github.com/Kyanite/noise/internal/ui/editor/preview_pane.go:336.18,337.17 1 0
github.com/Kyanite/noise/internal/ui/editor/preview_pane.go:337.17,340.5 2 0
github.com/Kyanite/noise/internal/ui/editor/preview_pane.go:341.20,342.17 1 0
github.com/Kyanite/noise/internal/ui/editor/preview_pane.go:342.17,345.5 2 0
github.com/Kyanite/noise/internal/ui/editor/preview_pane.go:346.15,347.17 1 0
github.com/Kyanite/noise/internal/ui/editor/preview_pane.go:347.17,350.5 2 0
github.com/Kyanite/noise/internal/ui/editor/preview_pane.go:351.17,352.17 1 0
github.com/Kyanite/noise/internal/ui/editor/preview_pane.go:352.17,355.5 2 0
github.com/Kyanite/noise/internal/ui/editor/preview_pane.go:356.17,357.17 1 0
github.com/Kyanite/noise/internal/ui/editor/preview_pane.go:357.17,359.5 1 0
github.com/Kyanite/noise/internal/ui/editor/preview_pane.go:360.27,361.17 1 0
github.com/Kyanite/noise/internal/ui/editor/preview_pane.go:361.17,363.5 1 0
github.com/Kyanite/noise/internal/ui/editor/preview_pane.go:364.17,365.17 1 0
github.com/Kyanite/noise/internal/ui/editor/preview_pane.go:365.17,367.5 1 0
github.com/Kyanite/noise/internal/ui/editor/preview_pane.go:368.17,369.17 1 0
github.com/Kyanite/noise/internal/ui/editor/preview_pane.go:369.17,371.5 1 0
github.com/Kyanite/noise/internal/ui/editor/preview_pane.go:375.2,375.30 1 0
github.com/Kyanite/noise/internal/ui/editor/preview_pane.go:379.42,382.15 2 0
github.com/Kyanite/noise/internal/ui/editor/preview_pane.go:382.15,384.3 1 0
github.com/Kyanite/noise/internal/ui/editor/preview_pane.go:384.8,386.3 1 0
github.com/Kyanite/noise/internal/ui/editor/preview_pane.go:389.2,390.16 2 0
github.com/Kyanite/noise/internal/ui/editor/preview_pane.go:390.16,392.3 1 0
github.com/Kyanite/noise/internal/ui/editor/preview_pane.go:397.2,397.59 1 0
github.com/Kyanite/noise/internal/ui/editor/preview_pane.go:397.59,399.25 2 0
github.com/Kyanite/noise/internal/ui/editor/preview_pane.go:399.25,400.21 1 0
github.com/Kyanite/noise/internal/ui/editor/preview_pane.go:400.21,402.5 1 0
github.com/Kyanite/noise/internal/ui/editor/preview_pane.go:404.3,404.27 1 0
github.com/Kyanite/noise/internal/ui/editor/preview_pane.go:404.27,408.4 2 0
github.com/Kyanite/noise/internal/ui/editor/preview_pane.go:415.2,415.75 1 0
github.com/Kyanite/noise/internal/ui/editor/preview_pane.go:415.75,418.3 2 0
github.com/Kyanite/noise/internal/ui/editor/preview_pane.go:421.2,428.18 4 0
github.com/Kyanite/noise/internal/ui/editor/preview_pane.go:428.18,430.24 2 0
github.com/Kyanite/noise/internal/ui/editor/preview_pane.go:430.24,432.4 1 0
github.com/Kyanite/noise/internal/ui/editor/preview_pane.go:435.3,435.22 1 0
github.com/Kyanite/noise/internal/ui/editor/preview_pane.go:435.22,437.4 1 0
github.com/Kyanite/noise/internal/ui/editor/preview_pane.go:438.3,442.25 3 0
github.com/Kyanite/noise/internal/ui/editor/preview_pane.go:442.25,444.4 1 0
github.com/Kyanite/noise/internal/ui/editor/preview_pane.go:445.3,445.23 1 0
github.com/Kyanite/noise/internal/ui/editor/preview_pane.go:445.23,447.4 1 0
github.com/Kyanite/noise/internal/ui/editor/preview_pane.go:448.3,448.16 1 0
github.com/Kyanite/noise/internal/ui/editor/preview_pane.go:448.16,450.4 1 0
github.com/Kyanite/noise/internal/ui/editor/preview_pane.go:451.3,451.18 1 0
github.com/Kyanite/noise/internal/ui/editor/preview_pane.go:451.18,453.4 1 0
github.com/Kyanite/noise/internal/ui/editor/preview_pane.go:456.3,457.40 2 0
github.com/Kyanite/noise/internal/ui/editor/preview_pane.go:457.40,459.4 1 0
github.com/Kyanite/noise/internal/ui/editor/preview_pane.go:459.9,461.4 1 0
github.com/Kyanite/noise/internal/ui/editor/preview_pane.go:463.3,463.52 1 0
github.com/Kyanite/noise/internal/ui/editor/preview_pane.go:467.2,471.30 3 0
github.com/Kyanite/noise/internal/ui/editor/preview_pane.go:471.30,473.3 1 0
github.com/Kyanite/noise/internal/ui/editor/preview_pane.go:476.2,477.53 2 0
github.com/Kyanite/noise/internal/ui/editor/preview_pane.go:477.53,479.22 2 0
github.com/Kyanite/noise/internal/ui/editor/preview_pane.go:479.22,481.4 1 0
github.com/Kyanite/noise/internal/ui/editor/preview_pane.go:482.3,483.26 2 0
github.com/Kyanite/noise/internal/ui/editor/preview_pane.go:483.26,485.4 1 0
github.com/Kyanite/noise/internal/ui/editor/preview_pane.go:486.3,491.51 2 0
github.com/Kyanite/noise/internal/ui/editor/preview_pane.go:495.2,496.76 2 0
github.com/Kyanite/noise/internal/ui/editor/preview_pane.go:496.76,498.22 2 0
github.com/Kyanite/noise/internal/ui/editor/preview_pane.go:498.22,500.4 1 0
github.com/Kyanite/noise/internal/ui/editor/preview_pane.go:501.3,501.24 1 0
github.com/Kyanite/noise/internal/ui/editor/preview_pane.go:501.24,503.4 1 0
github.com/Kyanite/noise/internal/ui/editor/preview_pane.go:504.3,504.26 1 0
github.com/Kyanite/noise/internal/ui/editor/preview_pane.go:504.26,510.4 1 0
github.com/Kyanite/noise/internal/ui/editor/preview_pane.go:514.2,515.40 2 0
github.com/Kyanite/noise/internal/ui/editor/preview_pane.go:515.40,517.3 1 0
github.com/Kyanite/noise/internal/ui/editor/preview_pane.go:520.2,521.15 2 0
github.com/Kyanite/noise/internal/ui/editor/preview_pane.go:521.15,527.3 1 0
github.com/Kyanite/noise/internal/ui/editor/preview_pane.go:530.2,531.27 2 0
github.com/Kyanite/noise/internal/ui/editor/preview_pane.go:531.27,533.3 1 0
github.com/Kyanite/noise/internal/ui/editor/preview_pane.go:534.2,534.26 1 0
github.com/Kyanite/noise/internal/ui/editor/preview_pane.go:534.26,536.3 1 0
github.com/Kyanite/noise/internal/ui/editor/preview_pane.go:537.2,537.27 1 0
github.com/Kyanite/noise/internal/ui/editor/preview_pane.go:537.27,539.3 1 0
github.com/Kyanite/noise/internal/ui/editor/preview_pane.go:540.2,540.21 1 0
github.com/Kyanite/noise/internal/ui/editor/preview_pane.go:540.21,542.3 1 0
github.com/Kyanite/noise/internal/ui/editor/preview_pane.go:543.2,543.19 1 0
github.com/Kyanite/noise/internal/ui/editor/preview_pane.go:543.19,545.3 1 0
github.com/Kyanite/noise/internal/ui/editor/preview_pane.go:546.2,546.24 1 0
github.com/Kyanite/noise/internal/ui/editor/preview_pane.go:546.24,548.3 1 0
github.com/Kyanite/noise/internal/ui/editor/preview_pane.go:553.2,553.33 1 0
github.com/Kyanite/noise/internal/ui/editor/preview_pane.go:553.33,555.3 1 0
github.com/Kyanite/noise/internal/ui/editor/preview_pane.go:556.2,556.34 1 0
github.com/Kyanite/noise/internal/ui/editor/preview_pane.go:560.61,568.37 4 0
github.com/Kyanite/noise/internal/ui/editor/preview_pane.go:568.37,570.3 1 0
github.com/Kyanite/noise/internal/ui/editor/preview_pane.go:573.2,573.19 1 0
github.com/Kyanite/noise/internal/ui/editor/preview_pane.go:573.19,576.3 1 0
github.com/Kyanite/noise/internal/ui/editor/preview_pane.go:576.8,576.26 1 0
github.com/Kyanite/noise/internal/ui/editor/preview_pane.go:576.26,579.3 1 0
github.com/Kyanite/noise/internal/ui/editor/preview_pane.go:579.8,582.3 1 0
github.com/Kyanite/noise/internal/ui/editor/preview_pane.go:585.55,587.2 1 0
github.com/Kyanite/noise/internal/ui/editor/preview_pane.go:590.72,595.17 2 0
github.com/Kyanite/noise/internal/ui/editor/preview_pane.go:595.17,598.3 1 0
github.com/Kyanite/noise/internal/ui/editor/preview_pane.go:598.8,598.24 1 0
github.com/Kyanite/noise/internal/ui/editor/preview_pane.go:598.24,601.3 1 0
github.com/Kyanite/noise/internal/ui/editor/preview_pane.go:604.2,604.17 1 0
github.com/Kyanite/noise/internal/ui/editor/preview_pane.go:604.17,606.3 1 0
github.com/Kyanite/noise/internal/ui/editor/preview_pane.go:606.8,606.24 1 0
github.com/Kyanite/noise/internal/ui/editor/preview_pane.go:606.24,608.3 1 0
github.com/Kyanite/noise/internal/ui/editor/preview_pane.go:610.2,610.17 1 0
github.com/Kyanite/noise/internal/ui/editor/preview_pane.go:614.36,616.2 1 0
github.com/Kyanite/noise/internal/ui/editor/preview_pane.go:619.35,621.2 1 0
github.com/Kyanite/noise/internal/ui/editor/preview_pane.go:624.55,632.30 3 0
github.com/Kyanite/noise/internal/ui/editor/preview_pane.go:632.30,634.3 1 0
github.com/Kyanite/noise/internal/ui/editor/preview_pane.go:638.48,640.2 1 0
github.com/Kyanite/noise/internal/ui/editor/preview_pane.go:643.39,644.21 1 0
github.com/Kyanite/noise/internal/ui/editor/preview_pane.go:644.21,649.27 3 0
github.com/Kyanite/noise/internal/ui/editor/preview_pane.go:649.27,651.4 1 0
github.com/Kyanite/noise/internal/ui/editor/preview_pane.go:655.41,660.53 3 0
github.com/Kyanite/noise/internal/ui/editor/preview_pane.go:660.53,662.3 1 0
github.com/Kyanite/noise/internal/ui/editor/preview_pane.go:662.8,665.3 2 0
github.com/Kyanite/noise/internal/ui/editor/preview_pane.go:667.2,667.19 1 0
github.com/Kyanite/noise/internal/ui/editor/preview_pane.go:667.19,669.3 1 0
github.com/Kyanite/noise/internal/ui/editor/preview_pane.go:670.2,670.29 1 0
github.com/Kyanite/noise/internal/ui/editor/preview_pane.go:670.29,675.27 3 0
github.com/Kyanite/noise/internal/ui/editor/preview_pane.go:675.27,677.4 1 0
github.com/Kyanite/noise/internal/ui/editor/preview_pane.go:681.43,684.16 3 0
github.com/Kyanite/noise/internal/ui/editor/preview_pane.go:684.16,686.3 1 0
github.com/Kyanite/noise/internal/ui/editor/preview_pane.go:687.2,688.22 2 0
github.com/Kyanite/noise/internal/ui/editor/preview_pane.go:691.45,695.19 4 0
github.com/Kyanite/noise/internal/ui/editor/preview_pane.go:695.19,697.3 1 0
github.com/Kyanite/noise/internal/ui/editor/preview_pane.go:698.2,699.24 2 0
github.com/Kyanite/noise/internal/ui/editor/preview_pane.go:699.24,701.3 1 0
github.com/Kyanite/noise/internal/ui/editor/preview_pane.go:702.2,703.22 2 0
github.com/Kyanite/noise/internal/ui/editor/preview_pane.go:707.84,709.15 1 0
github.com/Kyanite/noise/internal/ui/editor/preview_pane.go:709.15,710.31 1 0
github.com/Kyanite/noise/internal/ui/editor/preview_pane.go:710.31,715.4 3 0
github.com/Kyanite/noise/internal/ui/editor/preview_pane.go:718.2,718.23 1 0
github.com/Kyanite/noise/internal/ui/editor/preview_pane.go:718.23,720.3 1 0
github.com/Kyanite/noise/internal/ui/editor/preview_pane.go:723.2,727.16 3 0
github.com/Kyanite/noise/internal/ui/editor/preview_pane.go:727.16,730.3 2 0
github.com/Kyanite/noise/internal/ui/editor/preview_pane.go:734.2,735.18 2 0
github.com/Kyanite/noise/internal/ui/editor/preview_pane.go:735.18,737.29 2 0
github.com/Kyanite/noise/internal/ui/editor/preview_pane.go:737.29,739.4 1 0
github.com/Kyanite/noise/internal/ui/editor/preview_pane.go:743.3,743.74 1 0
github.com/Kyanite/noise/internal/ui/editor/preview_pane.go:743.74,746.4 2 0
github.com/Kyanite/noise/internal/ui/editor/preview_pane.go:749.2,750.22 2 0
github.com/Kyanite/noise/internal/ui/editor/preview_pane.go:754.56,759.29 3 0
github.com/Kyanite/noise/internal/ui/editor/preview_pane.go:759.29,761.36 1 0
github.com/Kyanite/noise/internal/ui/editor/preview_pane.go:761.36,763.4 1 0
github.com/Kyanite/noise/internal/ui/editor/preview_pane.go:763.9,763.44 1 0
github.com/Kyanite/noise/internal/ui/editor/preview_pane.go:763.44,765.4 1 0
github.com/Kyanite/noise/internal/ui/editor/preview_pane.go:765.9,765.45 1 0
github.com/Kyanite/noise/internal/ui/editor/preview_pane.go:765.45,767.4 1 0
github.com/Kyanite/noise/internal/ui/editor/preview_pane.go:770.3,775.56 3 0
github.com/Kyanite/noise/internal/ui/editor/preview_pane.go:775.56,777.4 1 0
github.com/Kyanite/noise/internal/ui/editor/preview_pane.go:780.2,783.16 3 0
github.com/Kyanite/noise/internal/ui/editor/preview_pane.go:787.58,792.2 2 0
github.com/Kyanite/noise/internal/ui/editor/preview_pane.go:795.52,797.15 2 0
github.com/Kyanite/noise/internal/ui/editor/preview_pane.go:797.15,799.3 1 0
github.com/Kyanite/noise/internal/ui/editor/preview_pane.go:802.2,802.24 1 0
github.com/Kyanite/noise/internal/ui/editor/preview_pane.go:802.24,804.3 1 0
github.com/Kyanite/noise/internal/ui/editor/preview_pane.go:807.2,807.23 1 0
github.com/Kyanite/noise/internal/ui/editor/preview_pane.go:807.23,809.3 1 0
github.com/Kyanite/noise/internal/ui/editor/preview_pane.go:812.2,812.19 1 0
github.com/Kyanite/noise/internal/ui/editor/preview_pane.go:812.19,814.3 1 0
github.com/Kyanite/noise/internal/ui/editor/preview_pane.go:816.2,817.17 2 0
github.com/Kyanite/noise/internal/ui/editor/preview_pane.go:821.60,825.29 3 0
github.com/Kyanite/noise/internal/ui/editor/preview_pane.go:825.29,827.39 1 0
github.com/Kyanite/noise/internal/ui/editor/preview_pane.go:827.39,830.4 2 0
github.com/Kyanite/noise/internal/ui/editor/preview_pane.go:830.9,830.48 1 0
github.com/Kyanite/noise/internal/ui/editor/preview_pane.go:830.48,832.4 1 0
github.com/Kyanite/noise/internal/ui/editor/preview_pane.go:832.9,832.48 1 0
github.com/Kyanite/noise/internal/ui/editor/preview_pane.go:832.48,834.4 1 0
github.com/Kyanite/noise/internal/ui/editor/preview_pane.go:834.9,834.47 1 0
github.com/Kyanite/noise/internal/ui/editor/preview_pane.go:834.47,836.4 1 0
github.com/Kyanite/noise/internal/ui/editor/preview_pane.go:836.9,836.47 1 0
github.com/Kyanite/noise/internal/ui/editor/preview_pane.go:836.47,838.4 1 0
github.com/Kyanite/noise/internal/ui/editor/preview_pane.go:841.3,841.43 1 0
github.com/Kyanite/noise/internal/ui/editor/preview_pane.go:841.43,843.4 1 0
github.com/Kyanite/noise/internal/ui/editor/preview_pane.go:843.9,843.49 1 0
github.com/Kyanite/noise/internal/ui/editor/preview_pane.go:843.49,845.4 1 0
github.com/Kyanite/noise/internal/ui/editor/preview_pane.go:848.2,848.34 1 0
github.com/Kyanite/noise/internal/ui/editor/preview_pane.go:854.45,858.16 3 0
github.com/Kyanite/noise/internal/ui/editor/preview_pane.go:858.16,860.3 1 0
github.com/Kyanite/noise/internal/ui/editor/preview_pane.go:861.2,861.23 1 0
github.com/Kyanite/noise/internal/ui/editor/preview_pane.go:865.37,866.23 1 0
github.com/Kyanite/noise/internal/ui/editor/preview_pane.go:866.23,869.3 1 0
github.com/Kyanite/noise/internal/ui/editor/preview_pane.go:873.38,874.23 1 0
github.com/Kyanite/noise/internal/ui/editor/preview_pane.go:874.23,877.3 1 0
github.com/Kyanite/noise/internal/ui/editor/preview_pane.go:881.40,884.2 1 0
github.com/Kyanite/noise/internal/ui/editor/preview_pane.go:887.51,890.2 2 0
github.com/Kyanite/noise/internal/ui/editor/preview_pane.go:893.67,894.20 1 0
github.com/Kyanite/noise/internal/ui/editor/preview_pane.go:894.20,896.3 1 0
github.com/Kyanite/noise/internal/ui/editor/preview_pane.go:897.2,897.42 1 0
github.com/Kyanite/noise/internal/ui/editor/preview_pane.go:901.47,902.28 1 0
github.com/Kyanite/noise/internal/ui/editor/preview_pane.go:902.28,904.3 1 0
github.com/Kyanite/noise/internal/ui/editor/preview_pane.go:906.2,909.37 3 0
github.com/Kyanite/noise/internal/ui/editor/preview_pane.go:909.37,916.3 3 0
github.com/Kyanite/noise/internal/ui/editor/preview_pane.go:918.2,927.21 2 0
github.com/Kyanite/noise/internal/ui/editor/preview_pane.go:931.67,932.30 1 0
github.com/Kyanite/noise/internal/ui/editor/preview_pane.go:932.30,934.3 1 0
github.com/Kyanite/noise/internal/ui/editor/preview_pane.go:938.66,940.2 1 0
github.com/Kyanite/noise/internal/ui/editor/preview_pane.go:943.47,945.2 1 0
github.com/Kyanite/noise/internal/ui/editor/preview_pane.go:948.29,949.11 1 0
github.com/Kyanite/noise/internal/ui/editor/preview_pane.go:949.11,951.3 1 0
github.com/Kyanite/noise/internal/ui/editor/preview_pane.go:952.2,952.10 1 0
github.com/Kyanite/noise/internal/ui/editor/preview_pane.go:958.60,962.39 2 0
github.com/Kyanite/noise/internal/ui/editor/preview_pane.go:962.39,968.20 4 0
github.com/Kyanite/noise/internal/ui/editor/preview_pane.go:968.20,971.4 1 0
github.com/Kyanite/noise/internal/ui/editor/preview_pane.go:971.9,971.27 1 0
github.com/Kyanite/noise/internal/ui/editor/preview_pane.go:971.27,974.4 1 0
github.com/Kyanite/noise/internal/ui/editor/preview_pane.go:977.3,977.87 1 0
github.com/Kyanite/noise/internal/ui/editor/preview_pane.go:977.87,980.14 2 0
github.com/Kyanite/noise/internal/ui/editor/preview_pane.go:980.14,986.21 5 0
github.com/Kyanite/noise/internal/ui/editor/preview_pane.go:986.21,988.6 1 0
github.com/Kyanite/noise/internal/ui/editor/preview_pane.go:990.4,990.10 1 0
github.com/Kyanite/noise/internal/ui/editor/preview_pane.go:992.3,995.27 2 0
github.com/Kyanite/noise/internal/ui/editor/preview_pane.go:995.27,997.4 1 0
github.com/Kyanite/noise/internal/ui/editor/preview_pane.go:1001.2,1001.25 1 0
github.com/Kyanite/noise/internal/ui/editor/preview_pane.go:1001.25,1003.3 1 0
github.com/Kyanite/noise/internal/ui/editor/preview_pane.go:1006.2,1006.22 1 0
github.com/Kyanite/noise/internal/ui/editor/preview_pane.go:1010.67,1019.63 5 0
github.com/Kyanite/noise/internal/ui/editor/preview_pane.go:1019.63,1021.3 1 0
github.com/Kyanite/noise/internal/ui/editor/preview_pane.go:1024.2,1024.25 1 0
github.com/Kyanite/noise/internal/ui/editor/preview_pane.go:1024.25,1026.3 1 0
github.com/Kyanite/noise/internal/ui/editor/preview_pane.go:1029.2,1029.22 1 0
github.com/Kyanite/noise/internal/ui/editor/preview_pane.go:1033.61,1043.19 5 0
github.com/Kyanite/noise/internal/ui/editor/preview_pane.go:1043.19,1046.3 1 0
github.com/Kyanite/noise/internal/ui/editor/preview_pane.go:1046.8,1046.26 1 0
github.com/Kyanite/noise/internal/ui/editor/preview_pane.go:1046.26,1049.3 1 0
github.com/Kyanite/noise/internal/ui/editor/preview_pane.go:1051.2,1055.28 3 0
github.com/Kyanite/noise/internal/ui/editor/preview_pane.go:1055.28,1057.3 1 0
github.com/Kyanite/noise/internal/ui/editor/preview_pane.go:1058.2,1058.37 1 0
github.com/Kyanite/noise/internal/ui/editor/preview_pane.go:1058.37,1060.3 1 0
github.com/Kyanite/noise/internal/ui/editor/preview_pane.go:1061.2,1061.40 1 0
github.com/Kyanite/noise/internal/ui/editor/preview_pane.go:1061.40,1063.3 1 0
github.com/Kyanite/noise/internal/ui/editor/preview_pane.go:1064.2,1064.44 1 0
github.com/Kyanite/noise/internal/ui/editor/preview_pane.go:1064.44,1066.3 1 0
github.com/Kyanite/noise/internal/ui/editor/preview_pane.go:1070.55,1071.55 1 0
github.com/Kyanite/noise/internal/ui/editor/preview_pane.go:1071.55,1073.3 1 0
github.com/Kyanite/noise/internal/ui/editor/preview_pane.go:1076.2,1086.54 7 0
github.com/Kyanite/noise/internal/ui/editor/preview_pane.go:1090.49,1091.48 1 0
github.com/Kyanite/noise/internal/ui/editor/preview_pane.go:1091.48,1093.3 1 0
github.com/Kyanite/noise/internal/ui/editor/preview_pane.go:1095.2,1100.28 4 0
github.com/Kyanite/noise/internal/ui/editor/preview_pane.go:1100.28,1102.3 1 0
github.com/Kyanite/noise/internal/ui/editor/preview_pane.go:1103.2,1103.37 1 0
github.com/Kyanite/noise/internal/ui/editor/preview_pane.go:1103.37,1105.3 1 0
github.com/Kyanite/noise/internal/ui/editor/preview_pane.go:1109.27,1110.11 1 0
github.com/Kyanite/noise/internal/ui/editor/preview_pane.go:1110.11,1112.3 1 0
github.com/Kyanite/noise/internal/ui/editor/preview_pane.go:1113.2,1113.10 1 0
github.com/Kyanite/noise/internal/ui/editor/preview_pane.go:1116.27,1117.11 1 0
github.com/Kyanite/noise/internal/ui/editor/preview_pane.go:1117.11,1119.3 1 0
github.com/Kyanite/noise/internal/ui/editor/preview_pane.go:1120.2,1120.10 1 0
github.com/Kyanite/noise/internal/ui/editor/preview_pane.go:1124.44,1127.2 1 0
github.com/Kyanite/noise/internal/ui/editor/preview_pane.go:1130.69,1136.2 1 0
github.com/Kyanite/noise/internal/ui/editor/preview_pane.go:1139.72,1140.21 1 0
github.com/Kyanite/noise/internal/ui/editor/preview_pane.go:1140.21,1143.3 1 0
github.com/Kyanite/noise/internal/ui/editor/preview_pane.go:1143.8,1145.3 1 0
github.com/Kyanite/noise/internal/ui/editor/preview_pane.go:1149.62,1153.56 2 0
github.com/Kyanite/noise/internal/ui/editor/preview_pane.go:1153.56,1155.3 1 0
github.com/Kyanite/noise/internal/ui/editor/preview_pane.go:1159.70,1160.30 1 0
github.com/Kyanite/noise/internal/ui/editor/preview_pane.go:1160.30,1162.3 1 0
github.com/Kyanite/noise/internal/ui/editor/preview_pane.go:1165.2,1168.23 2 0
github.com/Kyanite/noise/internal/ui/editor/preview_pane.go:1168.23,1172.3 3 0
github.com/Kyanite/noise/internal/ui/editor/preview_pane.go:1175.2,1180.12 5 0
github.com/Kyanite/noise/internal/ui/editor/preview_pane.go:1180.12,1183.54 2 0
github.com/Kyanite/noise/internal/ui/editor/preview_pane.go:1183.54,1186.4 2 0
github.com/Kyanite/noise/internal/ui/editor/preview_pane.go:1186.9,1189.4 2 0
github.com/Kyanite/noise/internal/ui/editor/preview_pane.go:1191.3,1191.20 1 0
github.com/Kyanite/noise/internal/ui/editor/preview_pane.go:1191.20,1193.4 1 0
github.com/Kyanite/noise/internal/ui/editor/preview_pane.go:1195.3,1195.29 1 0
github.com/Kyanite/noise/internal/ui/editor/preview_pane.go:1195.29,1199.28 2 0
github.com/Kyanite/noise/internal/ui/editor/preview_pane.go:1199.28,1201.5 1 0
github.com/Kyanite/noise/internal/ui/editor/preview_pane.go:1207.79,1213.2 4 0
github.com/Kyanite/noise/internal/ui/editor/preview_pane.go:1216.74,1221.42 3 0
github.com/Kyanite/noise/internal/ui/editor/preview_pane.go:1221.42,1224.34 1 0
github.com/Kyanite/noise/internal/ui/editor/preview_pane.go:1224.34,1226.9 2 0
github.com/Kyanite/noise/internal/ui/editor/preview_pane.go:1230.2,1230.39 1 0
github.com/Kyanite/noise/internal/ui/editor/preview_pane.go:1234.47,1238.2 3 0
github.com/Kyanite/noise/internal/ui/editor/preview_pane.go:1241.64,1244.2 2 0
github.com/Kyanite/noise/internal/ui/editor/preview_pane.go:1247.73,1249.2 1 0
github.com/Kyanite/noise/internal/ui/editor/preview_pane.go:1252.47,1254.2 1 0
github.com/Kyanite/noise/internal/ui/editor/preview_pane.go:1257.46,1259.2 1 0
github.com/Kyanite/noise/internal/ui/editor/preview_pane.go:1262.48,1264.2 1 0
github.com/Kyanite/noise/internal/ui/editor/preview_pane.go:1267.40,1269.15 2 0
github.com/Kyanite/noise/internal/ui/editor/preview_pane.go:1269.15,1272.3 1 0
github.com/Kyanite/noise/internal/ui/editor/preview_pane.go:1276.75,1278.2 1 0
github.com/Kyanite/noise/internal/ui/editor/preview_pane.go:1281.75,1285.29 3 0
github.com/Kyanite/noise/internal/ui/editor/preview_pane.go:1285.29,1287.38 2 0
github.com/Kyanite/noise/internal/ui/editor/preview_pane.go:1287.38,1289.33 2 0
github.com/Kyanite/noise/internal/ui/editor/preview_pane.go:1289.33,1290.20 1 0
github.com/Kyanite/noise/internal/ui/editor/preview_pane.go:1290.20,1292.6 1 0
github.com/Kyanite/noise/internal/ui/editor/preview_pane.go:1292.11,1293.11 1 0
github.com/Kyanite/noise/internal/ui/editor/preview_pane.go:1297.4,1297.32 1 0
github.com/Kyanite/noise/internal/ui/editor/preview_pane.go:1297.32,1300.20 2 0
github.com/Kyanite/noise/internal/ui/editor/preview_pane.go:1300.20,1306.6 1 0
github.com/Kyanite/noise/internal/ui/editor/preview_pane.go:1311.2,1311.16 1 0
github.com/Kyanite/noise/internal/ui/editor/preview_pane.go:1317.75,1322.29 4 0
github.com/Kyanite/noise/internal/ui/editor/preview_pane.go:1322.29,1324.72 2 0
github.com/Kyanite/noise/internal/ui/editor/preview_pane.go:1324.72,1326.15 2 0
github.com/Kyanite/noise/internal/ui/editor/preview_pane.go:1326.15,1328.34 2 0
github.com/Kyanite/noise/internal/ui/editor/preview_pane.go:1328.34,1331.6 2 0
github.com/Kyanite/noise/internal/ui/editor/preview_pane.go:1336.2,1336.17 1 0
github.com/Kyanite/noise/internal/ui/editor/preview_pane.go:1340.59,1342.48 1 0
github.com/Kyanite/noise/internal/ui/editor/preview_pane.go:1342.48,1344.3 1 0
github.com/Kyanite/noise/internal/ui/editor/preview_pane.go:1346.2,1351.23 4 0
github.com/Kyanite/noise/internal/ui/editor/preview_pane.go:1351.23,1353.3 1 0
github.com/Kyanite/noise/internal/ui/editor/preview_pane.go:1354.2,1358.45 3 0
github.com/Kyanite/noise/internal/ui/editor/preview_pane.go:1358.45,1372.3 9 0
github.com/Kyanite/noise/internal/ui/editor/preview_pane.go:1374.2,1374.14 1 0
github.com/Kyanite/noise/internal/ui/editor/preview_pane.go:1378.71,1383.23 4 0
github.com/Kyanite/noise/internal/ui/editor/preview_pane.go:1383.23,1385.3 1 0
github.com/Kyanite/noise/internal/ui/editor/preview_pane.go:1387.2,1388.23 2 0
github.com/Kyanite/noise/internal/ui/editor/preview_pane.go:1388.23,1391.25 2 0
github.com/Kyanite/noise/internal/ui/editor/preview_pane.go:1391.25,1393.4 1 0
github.com/Kyanite/noise/internal/ui/editor/preview_pane.go:1396.2,1406.3 1 0
github.com/Kyanite/noise/internal/ui/editor/preview_pane.go:1423.48,1425.2 1 0
github.com/Kyanite/noise/internal/ui/editor/preview_pane.go:1428.69,1430.92 1 0
github.com/Kyanite/noise/internal/ui/editor/preview_pane.go:1430.92,1435.63 3 0
github.com/Kyanite/noise/internal/ui/editor/preview_pane.go:1435.63,1437.4 1 0
github.com/Kyanite/noise/internal/ui/editor/preview_pane.go:1440.3,1456.35 12 0
github.com/Kyanite/noise/internal/ui/editor/preview_pane.go:1456.35,1458.4 1 0
github.com/Kyanite/noise/internal/ui/editor/preview_pane.go:1460.3,1460.23 1 0
github.com/Kyanite/noise/internal/ui/editor/preview_pane.go:1464.2,1464.41 1 0
github.com/Kyanite/noise/internal/ui/editor/preview_pane.go:1464.41,1466.3 1 0
github.com/Kyanite/noise/internal/ui/editor/preview_pane.go:1468.2,1471.62 2 0
github.com/Kyanite/noise/internal/ui/editor/preview_pane.go:1471.62,1473.3 1 0
github.com/Kyanite/noise/internal/ui/editor/preview_pane.go:1476.2,1488.74 9 0
github.com/Kyanite/noise/internal/ui/editor/preview_pane.go:1488.74,1490.3 1 0
github.com/Kyanite/noise/internal/ui/editor/preview_pane.go:1492.2,1492.22 1 0
github.com/Kyanite/noise/internal/ui/editor/preview_pane.go:1496.63,1499.37 2 0
github.com/Kyanite/noise/internal/ui/editor/preview_pane.go:1499.37,1501.3 1 0
github.com/Kyanite/noise/internal/ui/editor/preview_pane.go:1502.2,1503.32 2 0
github.com/Kyanite/noise/internal/ui/editor/realtime_preview.go:56.56,72.2 1 1
github.com/Kyanite/noise/internal/ui/editor/realtime_preview.go:132.85,133.19 1 1
github.com/Kyanite/noise/internal/ui/editor/realtime_preview.go:133.19,135.3 1 0
github.com/Kyanite/noise/internal/ui/editor/realtime_preview.go:137.2,151.33 2 1
github.com/Kyanite/noise/internal/ui/editor/realtime_preview.go:151.33,153.3 1 1
github.com/Kyanite/noise/internal/ui/editor/realtime_preview.go:154.2,154.56 1 1
github.com/Kyanite/noise/internal/ui/editor/realtime_preview.go:154.56,156.3 1 1
github.com/Kyanite/noise/internal/ui/editor/realtime_preview.go:157.2,157.32 1 1
github.com/Kyanite/noise/internal/ui/editor/realtime_preview.go:157.32,159.3 1 1
github.com/Kyanite/noise/internal/ui/editor/realtime_preview.go:161.2,161.16 1 1
github.com/Kyanite/noise/internal/ui/editor/realtime_preview.go:165.85,171.82 4 0
github.com/Kyanite/noise/internal/ui/editor/realtime_preview.go:171.82,173.3 1 0
github.com/Kyanite/noise/internal/ui/editor/realtime_preview.go:176.2,190.52 5 0
github.com/Kyanite/noise/internal/ui/editor/realtime_preview.go:190.52,193.3 2 0
github.com/Kyanite/noise/internal/ui/editor/realtime_preview.go:196.2,196.31 1 0
github.com/Kyanite/noise/internal/ui/editor/realtime_preview.go:200.79,201.28 1 0
github.com/Kyanite/noise/internal/ui/editor/realtime_preview.go:201.28,203.3 1 0
github.com/Kyanite/noise/internal/ui/editor/realtime_preview.go:204.2,204.33 1 0
github.com/Kyanite/noise/internal/ui/editor/realtime_preview.go:208.69,210.46 1 0
github.com/Kyanite/noise/internal/ui/editor/realtime_preview.go:210.46,212.3 1 0
github.com/Kyanite/noise/internal/ui/editor/realtime_preview.go:213.2,214.32 2 0
github.com/Kyanite/noise/internal/ui/editor/realtime_preview.go:218.66,219.32 1 0
github.com/Kyanite/noise/internal/ui/editor/realtime_preview.go:219.32,221.3 1 0
github.com/Kyanite/noise/internal/ui/editor/realtime_preview.go:224.2,225.30 2 0
github.com/Kyanite/noise/internal/ui/editor/realtime_preview.go:225.30,228.3 2 0
github.com/Kyanite/noise/internal/ui/editor/realtime_preview.go:229.2,231.26 2 0
github.com/Kyanite/noise/internal/ui/editor/realtime_preview.go:235.64,240.28 3 0
github.com/Kyanite/noise/internal/ui/editor/realtime_preview.go:240.28,242.3 1 0
github.com/Kyanite/noise/internal/ui/editor/realtime_preview.go:245.2,245.34 1 0
github.com/Kyanite/noise/internal/ui/editor/realtime_preview.go:245.34,247.3 1 0
github.com/Kyanite/noise/internal/ui/editor/realtime_preview.go:250.2,251.65 2 0
github.com/Kyanite/noise/internal/ui/editor/realtime_preview.go:251.65,253.62 2 0
github.com/Kyanite/noise/internal/ui/editor/realtime_preview.go:253.62,255.4 1 0
github.com/Kyanite/noise/internal/ui/editor/realtime_preview.go:259.2,259.30 1 0
github.com/Kyanite/noise/internal/ui/editor/realtime_preview.go:259.30,261.3 1 0
github.com/Kyanite/noise/internal/ui/editor/realtime_preview.go:264.2,274.31 7 0
github.com/Kyanite/noise/internal/ui/editor/realtime_preview.go:274.31,276.3 1 0
github.com/Kyanite/noise/internal/ui/editor/realtime_preview.go:279.2,279.60 1 0
github.com/Kyanite/noise/internal/ui/editor/realtime_preview.go:279.60,281.3 1 0
github.com/Kyanite/noise/internal/ui/editor/realtime_preview.go:284.2,284.34 1 0
github.com/Kyanite/noise/internal/ui/editor/realtime_preview.go:284.34,286.3 1 0
github.com/Kyanite/noise/internal/ui/editor/realtime_preview.go:290.56,293.2 2 0
github.com/Kyanite/noise/internal/ui/editor/realtime_preview.go:296.66,299.2 2 0
github.com/Kyanite/noise/internal/ui/editor/realtime_preview.go:302.62,303.26 1 0
github.com/Kyanite/noise/internal/ui/editor/realtime_preview.go:303.26,305.3 1 0
github.com/Kyanite/noise/internal/ui/editor/realtime_preview.go:307.2,312.23 4 0
github.com/Kyanite/noise/internal/ui/editor/realtime_preview.go:312.23,314.3 1 0
github.com/Kyanite/noise/internal/ui/editor/realtime_preview.go:315.2,318.28 3 0
github.com/Kyanite/noise/internal/ui/editor/realtime_preview.go:318.28,320.3 1 0
github.com/Kyanite/noise/internal/ui/editor/realtime_preview.go:324.73,331.46 4 0
github.com/Kyanite/noise/internal/ui/editor/realtime_preview.go:331.46,333.3 1 0
github.com/Kyanite/noise/internal/ui/editor/realtime_preview.go:337.75,345.2 5 0
github.com/Kyanite/noise/internal/ui/editor/realtime_preview.go:348.66,349.67 1 0
github.com/Kyanite/noise/internal/ui/editor/realtime_preview.go:349.67,351.3 1 0
github.com/Kyanite/noise/internal/ui/editor/realtime_preview.go:353.2,354.48 2 0
github.com/Kyanite/noise/internal/ui/editor/realtime_preview.go:354.48,356.3 1 0
github.com/Kyanite/noise/internal/ui/editor/realtime_preview.go:359.2,363.28 4 0
github.com/Kyanite/noise/internal/ui/editor/realtime_preview.go:363.28,365.3 1 0
github.com/Kyanite/noise/internal/ui/editor/realtime_preview.go:367.2,367.50 1 0
github.com/Kyanite/noise/internal/ui/editor/realtime_preview.go:371.52,375.2 3 0
github.com/Kyanite/noise/internal/ui/editor/realtime_preview.go:378.79,383.23 4 0
github.com/Kyanite/noise/internal/ui/editor/realtime_preview.go:383.23,385.3 1 0
github.com/Kyanite/noise/internal/ui/editor/realtime_preview.go:387.2,387.37 1 0
github.com/Kyanite/noise/internal/ui/editor/realtime_preview.go:397.3,403.2 5 1
github.com/Kyanite/noise/internal/ui/editor/realtime_preview.go:406.42,425.2 14 0
github.com/Kyanite/noise/internal/ui/editor/realtime_preview.go:441.48,451.2 1 1
github.com/Kyanite/noise/internal/ui/editor/realtime_preview.go:454.72,462.42 4 0
github.com/Kyanite/noise/internal/ui/editor/realtime_preview.go:462.42,469.3 1 0
github.com/Kyanite/noise/internal/ui/editor/realtime_preview.go:472.2,472.46 1 0
github.com/Kyanite/noise/internal/ui/editor/realtime_preview.go:472.46,479.3 1 0
github.com/Kyanite/noise/internal/ui/editor/realtime_preview.go:482.2,482.47 1 0
github.com/Kyanite/noise/internal/ui/editor/realtime_preview.go:482.47,489.3 1 0
github.com/Kyanite/noise/internal/ui/editor/realtime_preview.go:492.2,493.46 2 0
github.com/Kyanite/noise/internal/ui/editor/realtime_preview.go:493.46,500.3 1 0
github.com/Kyanite/noise/internal/ui/editor/realtime_preview.go:503.2,503.76 1 0
github.com/Kyanite/noise/internal/ui/editor/realtime_preview.go:503.76,510.3 1 0
github.com/Kyanite/noise/internal/ui/editor/realtime_preview.go:512.2,512.15 1 0
github.com/Kyanite/noise/internal/ui/editor/realtime_preview.go:519.36,521.2 1 1
github.com/Kyanite/noise/internal/ui/editor/realtime_preview.go:524.60,527.22 2 0
github.com/Kyanite/noise/internal/ui/editor/realtime_preview.go:527.22,529.3 1 0
github.com/Kyanite/noise/internal/ui/editor/realtime_preview.go:531.2,533.19 3 0
github.com/Kyanite/noise/internal/ui/editor/realtime_preview.go:533.19,535.3 1 0
github.com/Kyanite/noise/internal/ui/editor/realtime_preview.go:535.8,537.3 1 0
github.com/Kyanite/noise/internal/ui/editor/realtime_preview.go:540.2,548.3 3 0
github.com/Kyanite/noise/internal/ui/editor/realtime_preview.go:555.38,557.2 1 1
github.com/Kyanite/noise/internal/ui/editor/realtime_preview.go:560.63,564.29 3 0
github.com/Kyanite/noise/internal/ui/editor/realtime_preview.go:564.29,567.38 2 0
github.com/Kyanite/noise/internal/ui/editor/realtime_preview.go:567.38,569.33 2 0
github.com/Kyanite/noise/internal/ui/editor/realtime_preview.go:569.33,570.20 1 0
github.com/Kyanite/noise/internal/ui/editor/realtime_preview.go:570.20,572.6 1 0
github.com/Kyanite/noise/internal/ui/editor/realtime_preview.go:572.11,573.11 1 0
github.com/Kyanite/noise/internal/ui/editor/realtime_preview.go:577.4,577.32 1 0
github.com/Kyanite/noise/internal/ui/editor/realtime_preview.go:577.32,580.20 2 0
github.com/Kyanite/noise/internal/ui/editor/realtime_preview.go:580.20,586.6 1 0
github.com/Kyanite/noise/internal/ui/editor/realtime_preview.go:591.2,591.16 1 0
github.com/Kyanite/noise/internal/ui/editor/shortcuts.go:39.44,48.2 3 1
github.com/Kyanite/noise/internal/ui/editor/shortcuts.go:51.56,149.2 67 1
github.com/Kyanite/noise/internal/ui/editor/shortcuts.go:152.140,161.2 2 1
github.com/Kyanite/noise/internal/ui/editor/shortcuts.go:164.59,166.2 1 1
github.com/Kyanite/noise/internal/ui/editor/shortcuts.go:169.52,171.2 1 0
github.com/Kyanite/noise/internal/ui/editor/shortcuts.go:174.54,176.2 1 0
github.com/Kyanite/noise/internal/ui/editor/shortcuts.go:179.46,181.2 1 0
github.com/Kyanite/noise/internal/ui/editor/shortcuts.go:184.77,188.18 2 1
github.com/Kyanite/noise/internal/ui/editor/shortcuts.go:189.17,191.54 2 0
github.com/Kyanite/noise/internal/ui/editor/shortcuts.go:195.2,195.53 1 1
github.com/Kyanite/noise/internal/ui/editor/shortcuts.go:195.53,196.36 1 1
github.com/Kyanite/noise/internal/ui/editor/shortcuts.go:196.36,197.35 1 1
github.com/Kyanite/noise/internal/ui/editor/shortcuts.go:197.35,199.5 1 1
github.com/Kyanite/noise/internal/ui/editor/shortcuts.go:204.2,204.37 1 0
github.com/Kyanite/noise/internal/ui/editor/shortcuts.go:204.37,207.3 2 0
github.com/Kyanite/noise/internal/ui/editor/shortcuts.go:212.2,213.36 2 0
github.com/Kyanite/noise/internal/ui/editor/shortcuts.go:213.36,214.33 1 0
github.com/Kyanite/noise/internal/ui/editor/shortcuts.go:214.33,215.36 1 0
github.com/Kyanite/noise/internal/ui/editor/shortcuts.go:215.36,216.13 1 0
github.com/Kyanite/noise/internal/ui/editor/shortcuts.go:219.4,222.29 2 0
github.com/Kyanite/noise/internal/ui/editor/shortcuts.go:222.29,224.5 1 0
github.com/Kyanite/noise/internal/ui/editor/shortcuts.go:227.4,227.26 1 0
github.com/Kyanite/noise/internal/ui/editor/shortcuts.go:227.26,229.24 2 0
github.com/Kyanite/noise/internal/ui/editor/shortcuts.go:229.24,231.6 1 0
github.com/Kyanite/noise/internal/ui/editor/shortcuts.go:235.4,235.86 1 0
github.com/Kyanite/noise/internal/ui/editor/shortcuts.go:235.86,237.5 1 0
github.com/Kyanite/noise/internal/ui/editor/shortcuts.go:241.2,241.32 1 0
github.com/Kyanite/noise/internal/ui/editor/shortcuts.go:245.70,247.38 1 1
github.com/Kyanite/noise/internal/ui/editor/shortcuts.go:247.38,249.3 1 0
github.com/Kyanite/noise/internal/ui/editor/shortcuts.go:252.2,252.38 1 1
github.com/Kyanite/noise/internal/ui/editor/shortcuts.go:256.103,263.9 2 1
github.com/Kyanite/noise/internal/ui/editor/shortcuts.go:265.45,266.31 1 0
github.com/Kyanite/noise/internal/ui/editor/shortcuts.go:267.51,268.31 1 0
github.com/Kyanite/noise/internal/ui/editor/shortcuts.go:269.23,270.33 1 0
github.com/Kyanite/noise/internal/ui/editor/shortcuts.go:271.24,272.34 1 0
github.com/Kyanite/noise/internal/ui/editor/shortcuts.go:273.23,274.32 1 0
github.com/Kyanite/noise/internal/ui/editor/shortcuts.go:275.29,276.34 1 0
github.com/Kyanite/noise/internal/ui/editor/shortcuts.go:277.28,278.32 1 0
github.com/Kyanite/noise/internal/ui/editor/shortcuts.go:279.47,280.29 1 0
github.com/Kyanite/noise/internal/ui/editor/shortcuts.go:281.49,282.31 1 0
github.com/Kyanite/noise/internal/ui/editor/shortcuts.go:283.53,284.31 1 0
github.com/Kyanite/noise/internal/ui/editor/shortcuts.go:285.55,286.31 1 0
github.com/Kyanite/noise/internal/ui/editor/shortcuts.go:289.26,290.27 1 0
github.com/Kyanite/noise/internal/ui/editor/shortcuts.go:291.26,292.28 1 0
github.com/Kyanite/noise/internal/ui/editor/shortcuts.go:293.26,294.26 1 0
github.com/Kyanite/noise/internal/ui/editor/shortcuts.go:295.26,296.27 1 0
github.com/Kyanite/noise/internal/ui/editor/shortcuts.go:297.26,298.27 1 0
github.com/Kyanite/noise/internal/ui/editor/shortcuts.go:301.26,302.32 1 0
github.com/Kyanite/noise/internal/ui/editor/shortcuts.go:303.30,304.42 1 0
github.com/Kyanite/noise/internal/ui/editor/shortcuts.go:305.29,306.40 1 0
github.com/Kyanite/noise/internal/ui/editor/shortcuts.go:307.35,308.42 1 0
github.com/Kyanite/noise/internal/ui/editor/shortcuts.go:309.34,310.40 1 0
github.com/Kyanite/noise/internal/ui/editor/shortcuts.go:311.30,312.33 1 0
github.com/Kyanite/noise/internal/ui/editor/shortcuts.go:313.31,314.34 1 0
github.com/Kyanite/noise/internal/ui/editor/shortcuts.go:315.28,316.31 1 0
github.com/Kyanite/noise/internal/ui/editor/shortcuts.go:317.30,318.33 1 0
github.com/Kyanite/noise/internal/ui/editor/shortcuts.go:321.32,322.27 1 0
github.com/Kyanite/noise/internal/ui/editor/shortcuts.go:323.26,324.30 1 0
github.com/Kyanite/noise/internal/ui/editor/shortcuts.go:325.22,326.31 1 0
github.com/Kyanite/noise/internal/ui/editor/shortcuts.go:327.28,328.31 1 0
github.com/Kyanite/noise/internal/ui/editor/shortcuts.go:332.26,333.34 1 0
github.com/Kyanite/noise/internal/ui/editor/shortcuts.go:334.26,335.32 1 0
github.com/Kyanite/noise/internal/ui/editor/shortcuts.go:338.25,339.32 1 1
github.com/Kyanite/noise/internal/ui/editor/shortcuts.go:340.25,341.30 1 1
github.com/Kyanite/noise/internal/ui/editor/shortcuts.go:342.25,343.30 1 1
github.com/Kyanite/noise/internal/ui/editor/shortcuts.go:344.25,345.30 1 1
github.com/Kyanite/noise/internal/ui/editor/shortcuts.go:348.26,349.30 1 0
github.com/Kyanite/noise/internal/ui/editor/shortcuts.go:350.26,351.31 1 0
github.com/Kyanite/noise/internal/ui/editor/shortcuts.go:352.26,353.27 1 0
github.com/Kyanite/noise/internal/ui/editor/shortcuts.go:354.32,355.29 1 0
github.com/Kyanite/noise/internal/ui/editor/shortcuts.go:356.26,357.29 1 0
github.com/Kyanite/noise/internal/ui/editor/shortcuts.go:358.26,360.34 1 0
github.com/Kyanite/noise/internal/ui/editor/shortcuts.go:360.34,362.4 1 0
github.com/Kyanite/noise/internal/ui/editor/shortcuts.go:362.9,364.4 1 0
github.com/Kyanite/noise/internal/ui/editor/shortcuts.go:366.32,367.37 1 0
github.com/Kyanite/noise/internal/ui/editor/shortcuts.go:369.32,370.37 1 0
github.com/Kyanite/noise/internal/ui/editor/shortcuts.go:373.26,374.40 1 0
github.com/Kyanite/noise/internal/ui/editor/shortcuts.go:375.57,376.37 1 0
github.com/Kyanite/noise/internal/ui/editor/shortcuts.go:377.26,378.39 1 0
github.com/Kyanite/noise/internal/ui/editor/shortcuts.go:379.26,380.44 1 0
github.com/Kyanite/noise/internal/ui/editor/shortcuts.go:383.26,384.27 1 0
github.com/Kyanite/noise/internal/ui/editor/shortcuts.go:385.26,386.31 1 0
github.com/Kyanite/noise/internal/ui/editor/shortcuts.go:387.32,388.34 1 0
github.com/Kyanite/noise/internal/ui/editor/shortcuts.go:389.26,390.33 1 0
github.com/Kyanite/noise/internal/ui/editor/shortcuts.go:391.32,392.32 1 0
github.com/Kyanite/noise/internal/ui/editor/shortcuts.go:393.32,394.36 1 0
github.com/Kyanite/noise/internal/ui/editor/shortcuts.go:395.26,396.33 1 0
github.com/Kyanite/noise/internal/ui/editor/shortcuts.go:399.22,400.32 1 0
github.com/Kyanite/noise/internal/ui/editor/shortcuts.go:401.24,402.34 1 0
github.com/Kyanite/noise/internal/ui/editor/shortcuts.go:403.24,404.34 1 0
github.com/Kyanite/noise/internal/ui/editor/shortcuts.go:405.25,406.35 1 0
github.com/Kyanite/noise/internal/ui/editor/shortcuts.go:407.25,408.38 1 0
github.com/Kyanite/noise/internal/ui/editor/shortcuts.go:409.31,410.38 1 0
github.com/Kyanite/noise/internal/ui/editor/shortcuts.go:413.2,413.15 1 1
github.com/Kyanite/noise/internal/ui/editor/shortcuts.go:417.84,420.36 2 0
github.com/Kyanite/noise/internal/ui/editor/shortcuts.go:420.36,421.33 1 0
github.com/Kyanite/noise/internal/ui/editor/shortcuts.go:421.33,422.70 1 0
github.com/Kyanite/noise/internal/ui/editor/shortcuts.go:422.70,424.5 1 0
github.com/Kyanite/noise/internal/ui/editor/shortcuts.go:428.2,428.17 1 0
github.com/Kyanite/noise/internal/ui/editor/shortcuts.go:432.81,435.36 2 0
github.com/Kyanite/noise/internal/ui/editor/shortcuts.go:435.36,436.33 1 0
github.com/Kyanite/noise/internal/ui/editor/shortcuts.go:436.33,437.107 1 0
github.com/Kyanite/noise/internal/ui/editor/shortcuts.go:437.107,439.5 1 0
github.com/Kyanite/noise/internal/ui/editor/shortcuts.go:443.2,443.17 1 0
github.com/Kyanite/noise/internal/ui/editor/shortcuts.go:447.59,449.36 2 0
github.com/Kyanite/noise/internal/ui/editor/shortcuts.go:449.36,450.33 1 0
github.com/Kyanite/noise/internal/ui/editor/shortcuts.go:450.33,452.4 1 0
github.com/Kyanite/noise/internal/ui/editor/shortcuts.go:454.2,454.17 1 0
github.com/Kyanite/noise/internal/ui/editor/shortcuts.go:458.49,463.38 3 0
github.com/Kyanite/noise/internal/ui/editor/shortcuts.go:463.38,465.24 2 0
github.com/Kyanite/noise/internal/ui/editor/shortcuts.go:465.24,469.37 3 0
github.com/Kyanite/noise/internal/ui/editor/shortcuts.go:469.37,473.5 3 0
github.com/Kyanite/noise/internal/ui/editor/shortcuts.go:475.4,475.69 1 0
github.com/Kyanite/noise/internal/ui/editor/shortcuts.go:479.2,479.37 1 0
github.com/Kyanite/noise/internal/ui/editor/shortcuts.go:483.55,487.20 2 0
github.com/Kyanite/noise/internal/ui/editor/shortcuts.go:488.21,490.40 2 0
github.com/Kyanite/noise/internal/ui/editor/shortcuts.go:491.22,493.41 2 0
github.com/Kyanite/noise/internal/ui/editor/shortcuts.go:494.21,496.40 2 0
github.com/Kyanite/noise/internal/ui/editor/shortcuts.go:500.2,500.18 1 0
github.com/Kyanite/noise/internal/ui/editor/shortcuts.go:500.18,502.3 1 0
github.com/Kyanite/noise/internal/ui/editor/shortcuts.go:504.2,504.35 1 0
github.com/Kyanite/noise/internal/ui/editor/shortcuts.go:588.47,589.13 1 0
github.com/Kyanite/noise/internal/ui/editor/shortcuts.go:590.22,591.20 1 0
github.com/Kyanite/noise/internal/ui/editor/shortcuts.go:592.22,593.20 1 0
github.com/Kyanite/noise/internal/ui/editor/shortcuts.go:594.24,595.22 1 0
github.com/Kyanite/noise/internal/ui/editor/shortcuts.go:596.25,597.23 1 0
github.com/Kyanite/noise/internal/ui/editor/shortcuts.go:598.23,599.21 1 0
github.com/Kyanite/noise/internal/ui/editor/shortcuts.go:600.25,601.23 1 0
github.com/Kyanite/noise/internal/ui/editor/shortcuts.go:602.23,603.21 1 0
github.com/Kyanite/noise/internal/ui/editor/shortcuts.go:604.20,605.18 1 0
github.com/Kyanite/noise/internal/ui/editor/shortcuts.go:606.22,607.20 1 0
github.com/Kyanite/noise/internal/ui/editor/shortcuts.go:608.22,609.20 1 0
github.com/Kyanite/noise/internal/ui/editor/shortcuts.go:610.22,611.20 1 0
github.com/Kyanite/noise/internal/ui/editor/shortcuts.go:612.18,613.16 1 0
github.com/Kyanite/noise/internal/ui/editor/shortcuts.go:614.19,615.17 1 0
github.com/Kyanite/noise/internal/ui/editor/shortcuts.go:616.17,617.15 1 0
github.com/Kyanite/noise/internal/ui/editor/shortcuts.go:618.18,619.16 1 0
github.com/Kyanite/noise/internal/ui/editor/shortcuts.go:620.18,621.16 1 0
github.com/Kyanite/noise/internal/ui/editor/shortcuts.go:622.23,623.21 1 0
github.com/Kyanite/noise/internal/ui/editor/shortcuts.go:624.33,625.31 1 0
github.com/Kyanite/noise/internal/ui/editor/shortcuts.go:626.31,627.29 1 0
github.com/Kyanite/noise/internal/ui/editor/shortcuts.go:628.33,629.31 1 0
github.com/Kyanite/noise/internal/ui/editor/shortcuts.go:630.31,631.29 1 0
github.com/Kyanite/noise/internal/ui/editor/shortcuts.go:632.24,633.22 1 0
github.com/Kyanite/noise/internal/ui/editor/shortcuts.go:634.25,635.23 1 0
github.com/Kyanite/noise/internal/ui/editor/shortcuts.go:636.22,637.20 1 0
github.com/Kyanite/noise/internal/ui/editor/shortcuts.go:638.24,639.22 1 0
github.com/Kyanite/noise/internal/ui/editor/shortcuts.go:640.18,641.16 1 0
github.com/Kyanite/noise/internal/ui/editor/shortcuts.go:642.21,643.19 1 0
github.com/Kyanite/noise/internal/ui/editor/shortcuts.go:644.22,645.20 1 0
github.com/Kyanite/noise/internal/ui/editor/shortcuts.go:646.22,647.20 1 0
github.com/Kyanite/noise/internal/ui/editor/shortcuts.go:648.22,649.20 1 0
github.com/Kyanite/noise/internal/ui/editor/shortcuts.go:650.21,651.19 1 0
github.com/Kyanite/noise/internal/ui/editor/shortcuts.go:652.22,653.20 1 0
github.com/Kyanite/noise/internal/ui/editor/shortcuts.go:654.18,655.16 1 0
github.com/Kyanite/noise/internal/ui/editor/shortcuts.go:656.20,657.18 1 0
github.com/Kyanite/noise/internal/ui/editor/shortcuts.go:658.20,659.18 1 0
github.com/Kyanite/noise/internal/ui/editor/shortcuts.go:660.23,661.21 1 0
github.com/Kyanite/noise/internal/ui/editor/shortcuts.go:662.31,663.29 1 0
github.com/Kyanite/noise/internal/ui/editor/shortcuts.go:664.28,665.26 1 0
github.com/Kyanite/noise/internal/ui/editor/shortcuts.go:666.30,667.28 1 0
github.com/Kyanite/noise/internal/ui/editor/shortcuts.go:668.35,669.33 1 0
github.com/Kyanite/noise/internal/ui/editor/shortcuts.go:670.18,671.16 1 0
github.com/Kyanite/noise/internal/ui/editor/shortcuts.go:672.22,673.20 1 0
github.com/Kyanite/noise/internal/ui/editor/shortcuts.go:674.24,675.22 1 0
github.com/Kyanite/noise/internal/ui/editor/shortcuts.go:676.23,677.21 1 0
github.com/Kyanite/noise/internal/ui/editor/shortcuts.go:678.27,679.25 1 0
github.com/Kyanite/noise/internal/ui/editor/shortcuts.go:680.25,681.23 1 0
github.com/Kyanite/noise/internal/ui/editor/shortcuts.go:682.24,683.22 1 0
github.com/Kyanite/noise/internal/ui/editor/shortcuts.go:684.24,685.22 1 0
github.com/Kyanite/noise/internal/ui/editor/shortcuts.go:686.25,687.23 1 0
github.com/Kyanite/noise/internal/ui/editor/shortcuts.go:688.23,689.21 1 0
github.com/Kyanite/noise/internal/ui/editor/shortcuts.go:690.23,691.21 1 0
github.com/Kyanite/noise/internal/ui/editor/shortcuts.go:692.25,693.23 1 0
github.com/Kyanite/noise/internal/ui/editor/shortcuts.go:694.25,695.23 1 0
github.com/Kyanite/noise/internal/ui/editor/shortcuts.go:696.26,697.24 1 0
github.com/Kyanite/noise/internal/ui/editor/shortcuts.go:698.29,699.27 1 0
github.com/Kyanite/noise/internal/ui/editor/shortcuts.go:700.29,701.27 1 0
github.com/Kyanite/noise/internal/ui/editor/shortcuts.go:702.23,703.21 1 0
github.com/Kyanite/noise/internal/ui/editor/shortcuts.go:704.21,705.19 1 0
github.com/Kyanite/noise/internal/ui/editor/shortcuts.go:706.21,707.19 1 0
github.com/Kyanite/noise/internal/ui/editor/shortcuts.go:708.21,709.19 1 0
github.com/Kyanite/noise/internal/ui/editor/shortcuts.go:710.28,711.26 1 0
github.com/Kyanite/noise/internal/ui/editor/shortcuts.go:712.29,713.27 1 0
github.com/Kyanite/noise/internal/ui/editor/shortcuts.go:714.28,715.26 1 0
github.com/Kyanite/noise/internal/ui/editor/shortcuts.go:716.10,717.19 1 0
github.com/Kyanite/noise/internal/ui/editor/split_pane.go:78.57,96.16 8 1
github.com/Kyanite/noise/internal/ui/editor/split_pane.go:96.16,100.3 2 0
github.com/Kyanite/noise/internal/ui/editor/split_pane.go:102.2,124.51 4 1
github.com/Kyanite/noise/internal/ui/editor/split_pane.go:124.51,126.3 1 0
github.com/Kyanite/noise/internal/ui/editor/split_pane.go:128.2,128.14 1 1
github.com/Kyanite/noise/internal/ui/editor/split_pane.go:132.41,137.2 1 0
github.com/Kyanite/noise/internal/ui/editor/split_pane.go:140.73,143.27 2 0
github.com/Kyanite/noise/internal/ui/editor/split_pane.go:144.25,147.27 3 0
github.com/Kyanite/noise/internal/ui/editor/split_pane.go:149.18,151.24 1 0
github.com/Kyanite/noise/internal/ui/editor/split_pane.go:152.19,154.50 2 0
github.com/Kyanite/noise/internal/ui/editor/split_pane.go:155.20,157.52 2 0
github.com/Kyanite/noise/internal/ui/editor/split_pane.go:161.3,161.67 1 0
github.com/Kyanite/noise/internal/ui/editor/split_pane.go:161.67,163.4 1 0
github.com/Kyanite/noise/internal/ui/editor/split_pane.go:166.3,166.23 1 0
github.com/Kyanite/noise/internal/ui/editor/split_pane.go:167.14,170.17 2 0
github.com/Kyanite/noise/internal/ui/editor/split_pane.go:175.2,176.23 2 0
github.com/Kyanite/noise/internal/ui/editor/split_pane.go:177.18,187.68 5 0
github.com/Kyanite/noise/internal/ui/editor/split_pane.go:187.68,189.48 1 0
github.com/Kyanite/noise/internal/ui/editor/split_pane.go:189.48,192.5 1 0
github.com/Kyanite/noise/internal/ui/editor/split_pane.go:194.3,196.48 2 0
github.com/Kyanite/noise/internal/ui/editor/split_pane.go:196.48,198.4 1 0
github.com/Kyanite/noise/internal/ui/editor/split_pane.go:198.9,200.4 1 0
github.com/Kyanite/noise/internal/ui/editor/split_pane.go:203.3,203.34 1 0
github.com/Kyanite/noise/internal/ui/editor/split_pane.go:203.34,206.4 2 0
github.com/Kyanite/noise/internal/ui/editor/split_pane.go:208.19,210.27 2 0
github.com/Kyanite/noise/internal/ui/editor/split_pane.go:213.2,213.30 1 0
github.com/Kyanite/noise/internal/ui/editor/split_pane.go:217.40,218.35 1 0
github.com/Kyanite/noise/internal/ui/editor/split_pane.go:218.35,220.3 1 0
github.com/Kyanite/noise/internal/ui/editor/split_pane.go:223.2,235.20 7 0
github.com/Kyanite/noise/internal/ui/editor/split_pane.go:236.18,239.65 2 0
github.com/Kyanite/noise/internal/ui/editor/split_pane.go:241.17,244.76 2 0
github.com/Kyanite/noise/internal/ui/editor/split_pane.go:246.18,250.94 3 0
github.com/Kyanite/noise/internal/ui/editor/split_pane.go:252.10,254.33 1 0
github.com/Kyanite/noise/internal/ui/editor/split_pane.go:259.55,270.30 5 0
github.com/Kyanite/noise/internal/ui/editor/split_pane.go:270.30,273.3 2 0
github.com/Kyanite/noise/internal/ui/editor/split_pane.go:274.2,274.31 1 0
github.com/Kyanite/noise/internal/ui/editor/split_pane.go:274.31,277.3 2 0
github.com/Kyanite/noise/internal/ui/editor/split_pane.go:280.2,290.80 6 0
github.com/Kyanite/noise/internal/ui/editor/split_pane.go:294.49,302.30 5 0
github.com/Kyanite/noise/internal/ui/editor/split_pane.go:302.30,305.3 2 0
github.com/Kyanite/noise/internal/ui/editor/split_pane.go:306.2,306.31 1 0
github.com/Kyanite/noise/internal/ui/editor/split_pane.go:306.31,309.3 2 0
github.com/Kyanite/noise/internal/ui/editor/split_pane.go:312.2,315.51 2 0
github.com/Kyanite/noise/internal/ui/editor/split_pane.go:319.40,320.33 1 0
github.com/Kyanite/noise/internal/ui/editor/split_pane.go:320.33,324.3 3 0
github.com/Kyanite/noise/internal/ui/editor/split_pane.go:324.8,328.3 3 0
github.com/Kyanite/noise/internal/ui/editor/split_pane.go:332.49,334.2 1 0
github.com/Kyanite/noise/internal/ui/editor/split_pane.go:337.53,339.2 1 0
github.com/Kyanite/noise/internal/ui/editor/split_pane.go:343.60,344.25 1 0
github.com/Kyanite/noise/internal/ui/editor/split_pane.go:344.25,346.3 1 0
github.com/Kyanite/noise/internal/ui/editor/split_pane.go:347.2,347.17 1 0
github.com/Kyanite/noise/internal/ui/editor/split_pane.go:347.17,350.3 2 0
github.com/Kyanite/noise/internal/ui/editor/split_pane.go:352.2,354.27 2 0
github.com/Kyanite/noise/internal/ui/editor/split_pane.go:354.27,356.3 1 0
github.com/Kyanite/noise/internal/ui/editor/split_pane.go:360.36,361.21 1 1
github.com/Kyanite/noise/internal/ui/editor/split_pane.go:361.21,363.3 1 1
github.com/Kyanite/noise/internal/ui/editor/split_pane.go:364.2,364.30 1 1
github.com/Kyanite/noise/internal/ui/editor/split_pane.go:364.30,365.50 1 1
github.com/Kyanite/noise/internal/ui/editor/split_pane.go:365.50,367.4 1 0
github.com/Kyanite/noise/internal/ui/editor/split_pane.go:372.36,374.19 2 1
github.com/Kyanite/noise/internal/ui/editor/split_pane.go:374.19,376.3 1 0
github.com/Kyanite/noise/internal/ui/editor/split_pane.go:378.2,383.25 4 1
github.com/Kyanite/noise/internal/ui/editor/split_pane.go:383.25,385.46 2 1
github.com/Kyanite/noise/internal/ui/editor/split_pane.go:385.46,386.12 1 1
github.com/Kyanite/noise/internal/ui/editor/split_pane.go:388.3,389.30 2 1
github.com/Kyanite/noise/internal/ui/editor/split_pane.go:392.2,392.15 1 1
github.com/Kyanite/noise/internal/ui/editor/split_pane.go:395.49,397.19 2 1
github.com/Kyanite/noise/internal/ui/editor/split_pane.go:397.19,399.3 1 0
github.com/Kyanite/noise/internal/ui/editor/split_pane.go:401.2,403.25 3 1
github.com/Kyanite/noise/internal/ui/editor/split_pane.go:403.25,404.22 1 1
github.com/Kyanite/noise/internal/ui/editor/split_pane.go:404.22,406.9 2 1
github.com/Kyanite/noise/internal/ui/editor/split_pane.go:409.2,409.22 1 1
github.com/Kyanite/noise/internal/ui/editor/split_pane.go:409.22,411.3 1 0
github.com/Kyanite/noise/internal/ui/editor/split_pane.go:413.2,414.17 2 1
github.com/Kyanite/noise/internal/ui/editor/split_pane.go:414.17,416.3 1 0
github.com/Kyanite/noise/internal/ui/editor/split_pane.go:417.2,421.43 3 1
github.com/Kyanite/noise/internal/ui/editor/split_pane.go:421.43,424.3 2 1
github.com/Kyanite/noise/internal/ui/editor/split_pane.go:426.2,426.25 1 1
github.com/Kyanite/noise/internal/ui/editor/split_pane.go:426.25,427.34 1 1
github.com/Kyanite/noise/internal/ui/editor/split_pane.go:427.34,429.4 1 1
github.com/Kyanite/noise/internal/ui/editor/split_pane.go:430.3,430.33 1 1
github.com/Kyanite/noise/internal/ui/editor/split_pane.go:434.97,435.21 1 1
github.com/Kyanite/noise/internal/ui/editor/split_pane.go:436.22,438.16 2 0
github.com/Kyanite/noise/internal/ui/editor/split_pane.go:439.22,441.34 1 0
github.com/Kyanite/noise/internal/ui/editor/split_pane.go:441.34,443.4 1 0
github.com/Kyanite/noise/internal/ui/editor/split_pane.go:443.9,445.4 1 0
github.com/Kyanite/noise/internal/ui/editor/split_pane.go:446.3,446.16 1 0
github.com/Kyanite/noise/internal/ui/editor/split_pane.go:447.24,450.16 1 0
github.com/Kyanite/noise/internal/ui/editor/split_pane.go:451.18,453.21 1 0
github.com/Kyanite/noise/internal/ui/editor/split_pane.go:454.22,456.16 1 0
github.com/Kyanite/noise/internal/ui/editor/split_pane.go:457.25,459.28 1 0
github.com/Kyanite/noise/internal/ui/editor/split_pane.go:459.28,461.4 1 0
github.com/Kyanite/noise/internal/ui/editor/split_pane.go:462.24,464.28 1 0
github.com/Kyanite/noise/internal/ui/editor/split_pane.go:464.28,466.4 1 0
github.com/Kyanite/noise/internal/ui/editor/split_pane.go:467.24,469.16 2 1
github.com/Kyanite/noise/internal/ui/editor/split_pane.go:470.23,472.16 2 1
github.com/Kyanite/noise/internal/ui/editor/split_pane.go:473.27,475.16 2 1
github.com/Kyanite/noise/internal/ui/editor/split_pane.go:476.21,479.16 2 0
github.com/Kyanite/noise/internal/ui/editor/split_pane.go:480.22,483.16 1 0
github.com/Kyanite/noise/internal/ui/editor/split_pane.go:484.18,486.31 1 0
github.com/Kyanite/noise/internal/ui/editor/split_pane.go:486.31,488.18 2 0
github.com/Kyanite/noise/internal/ui/editor/split_pane.go:488.18,491.5 1 0
github.com/Kyanite/noise/internal/ui/editor/split_pane.go:493.3,493.16 1 0
github.com/Kyanite/noise/internal/ui/editor/split_pane.go:494.20,497.16 1 0
github.com/Kyanite/noise/internal/ui/editor/split_pane.go:498.20,500.28 1 0
github.com/Kyanite/noise/internal/ui/editor/split_pane.go:500.28,502.4 1 0
github.com/Kyanite/noise/internal/ui/editor/split_pane.go:503.23,506.16 2 0
github.com/Kyanite/noise/internal/ui/editor/split_pane.go:507.24,510.16 2 0
github.com/Kyanite/noise/internal/ui/editor/split_pane.go:511.10,513.24 1 0
github.com/Kyanite/noise/internal/ui/editor/split_pane.go:514.19,516.17 1 0
github.com/Kyanite/noise/internal/ui/editor/split_pane.go:517.20,519.17 1 0
github.com/Kyanite/noise/internal/ui/editor/split_pane.go:521.3,521.16 1 0
github.com/Kyanite/noise/internal/ui/editor/split_pane.go:526.64,528.2 1 0
github.com/Kyanite/noise/internal/ui/editor/split_pane.go:531.65,532.30 1 0
github.com/Kyanite/noise/internal/ui/editor/split_pane.go:532.30,534.3 1 0
github.com/Kyanite/noise/internal/ui/editor/split_pane.go:538.66,540.19 1 0
github.com/Kyanite/noise/internal/ui/editor/split_pane.go:540.19,542.3 1 0
github.com/Kyanite/noise/internal/ui/editor/split_pane.go:542.8,542.26 1 0
github.com/Kyanite/noise/internal/ui/editor/split_pane.go:542.26,544.3 1 0
github.com/Kyanite/noise/internal/ui/editor/split_pane.go:544.8,544.26 1 0
github.com/Kyanite/noise/internal/ui/editor/split_pane.go:544.26,546.3 1 0
github.com/Kyanite/noise/internal/ui/editor/split_pane.go:546.8,548.3 1 0
github.com/Kyanite/noise/internal/ui/editor/split_pane.go:552.52,553.19 1 0
github.com/Kyanite/noise/internal/ui/editor/split_pane.go:553.19,555.3 1 0
github.com/Kyanite/noise/internal/ui/editor/split_pane.go:556.2,556.11 1 0
github.com/Kyanite/noise/internal/ui/editor/split_pane.go:560.99,561.25 1 0
github.com/Kyanite/noise/internal/ui/editor/split_pane.go:561.25,563.3 1 0
github.com/Kyanite/noise/internal/ui/editor/split_pane.go:566.2,569.35 2 0
github.com/Kyanite/noise/internal/ui/editor/split_pane.go:569.35,571.3 1 0
github.com/Kyanite/noise/internal/ui/editor/status_bar.go:80.42,149.2 2 1
github.com/Kyanite/noise/internal/ui/editor/status_bar.go:152.59,154.2 1 1
github.com/Kyanite/noise/internal/ui/editor/status_bar.go:156.53,158.2 1 0
github.com/Kyanite/noise/internal/ui/editor/status_bar.go:161.56,168.70 4 1
github.com/Kyanite/noise/internal/ui/editor/status_bar.go:168.70,170.3 1 1
github.com/Kyanite/noise/internal/ui/editor/status_bar.go:173.2,173.70 1 1
github.com/Kyanite/noise/internal/ui/editor/status_bar.go:173.70,178.3 4 1
github.com/Kyanite/noise/internal/ui/editor/status_bar.go:182.65,184.54 1 1
github.com/Kyanite/noise/internal/ui/editor/status_bar.go:184.54,187.3 2 1
github.com/Kyanite/noise/internal/ui/editor/status_bar.go:191.98,193.71 1 1
github.com/Kyanite/noise/internal/ui/editor/status_bar.go:193.71,196.3 2 0
github.com/Kyanite/noise/internal/ui/editor/status_bar.go:200.108,203.70 1 1
github.com/Kyanite/noise/internal/ui/editor/status_bar.go:203.70,208.3 4 0
github.com/Kyanite/noise/internal/ui/editor/status_bar.go:212.58,214.2 1 1
github.com/Kyanite/noise/internal/ui/editor/status_bar.go:217.57,219.2 1 0
github.com/Kyanite/noise/internal/ui/editor/status_bar.go:222.60,224.2 1 1
github.com/Kyanite/noise/internal/ui/editor/status_bar.go:227.64,229.34 1 1
github.com/Kyanite/noise/internal/ui/editor/status_bar.go:229.34,231.3 1 1
github.com/Kyanite/noise/internal/ui/editor/status_bar.go:235.83,237.56 1 0
github.com/Kyanite/noise/internal/ui/editor/status_bar.go:237.56,240.3 2 0
github.com/Kyanite/noise/internal/ui/editor/status_bar.go:244.61,248.2 3 1
github.com/Kyanite/noise/internal/ui/editor/status_bar.go:251.48,255.19 2 1
github.com/Kyanite/noise/internal/ui/editor/status_bar.go:255.19,257.3 1 1
github.com/Kyanite/noise/internal/ui/editor/status_bar.go:257.8,259.3 1 1
github.com/Kyanite/noise/internal/ui/editor/status_bar.go:262.2,266.26 3 1
github.com/Kyanite/noise/internal/ui/editor/status_bar.go:270.63,275.30 2 0
github.com/Kyanite/noise/internal/ui/editor/status_bar.go:275.30,277.3 1 0
github.com/Kyanite/noise/internal/ui/editor/status_bar.go:280.2,280.55 1 0
github.com/Kyanite/noise/internal/ui/editor/status_bar.go:280.55,283.3 2 0
github.com/Kyanite/noise/internal/ui/editor/status_bar.go:285.2,290.3 2 0
github.com/Kyanite/noise/internal/ui/editor/status_bar.go:294.65,305.2 3 0
github.com/Kyanite/noise/internal/ui/editor/status_bar.go:308.64,313.23 3 0
github.com/Kyanite/noise/internal/ui/editor/status_bar.go:313.23,315.3 1 0
github.com/Kyanite/noise/internal/ui/editor/status_bar.go:316.2,316.16 1 0
github.com/Kyanite/noise/internal/ui/editor/status_bar.go:316.16,318.3 1 0
github.com/Kyanite/noise/internal/ui/editor/status_bar.go:319.2,319.18 1 0
github.com/Kyanite/noise/internal/ui/editor/status_bar.go:319.18,321.3 1 0
github.com/Kyanite/noise/internal/ui/editor/status_bar.go:322.2,322.23 1 0
github.com/Kyanite/noise/internal/ui/editor/status_bar.go:322.23,324.3 1 0
github.com/Kyanite/noise/internal/ui/editor/status_bar.go:326.2,326.23 1 0
github.com/Kyanite/noise/internal/ui/editor/status_bar.go:326.23,328.3 1 0
github.com/Kyanite/noise/internal/ui/editor/status_bar.go:331.2,332.24 2 0
github.com/Kyanite/noise/internal/ui/editor/status_bar.go:332.24,334.3 1 0
github.com/Kyanite/noise/internal/ui/editor/status_bar.go:337.2,337.24 1 0
github.com/Kyanite/noise/internal/ui/editor/status_bar.go:337.24,339.3 1 0
github.com/Kyanite/noise/internal/ui/editor/status_bar.go:342.2,342.27 1 0
github.com/Kyanite/noise/internal/ui/editor/status_bar.go:342.27,345.3 2 0
github.com/Kyanite/noise/internal/ui/editor/status_bar.go:348.2,348.43 1 0
github.com/Kyanite/noise/internal/ui/editor/status_bar.go:348.43,350.20 2 0
github.com/Kyanite/noise/internal/ui/editor/status_bar.go:350.20,353.4 2 0
github.com/Kyanite/noise/internal/ui/editor/status_bar.go:356.3,356.84 1 0
github.com/Kyanite/noise/internal/ui/editor/status_bar.go:356.84,359.4 2 0
github.com/Kyanite/noise/internal/ui/editor/status_bar.go:362.3,362.23 1 0
github.com/Kyanite/noise/internal/ui/editor/status_bar.go:362.23,366.4 3 0
github.com/Kyanite/noise/internal/ui/editor/status_bar.go:369.2,376.3 3 0
github.com/Kyanite/noise/internal/ui/editor/status_bar.go:380.56,383.26 2 0
github.com/Kyanite/noise/internal/ui/editor/status_bar.go:384.26,386.44 2 0
github.com/Kyanite/noise/internal/ui/editor/status_bar.go:387.27,388.31 1 0
github.com/Kyanite/noise/internal/ui/editor/status_bar.go:388.31,390.4 1 0
github.com/Kyanite/noise/internal/ui/editor/status_bar.go:390.9,392.4 1 0
github.com/Kyanite/noise/internal/ui/editor/status_bar.go:393.3,393.45 1 0
github.com/Kyanite/noise/internal/ui/editor/status_bar.go:394.25,396.43 2 0
github.com/Kyanite/noise/internal/ui/editor/status_bar.go:397.24,398.31 1 0
github.com/Kyanite/noise/internal/ui/editor/status_bar.go:398.31,401.4 2 0
github.com/Kyanite/noise/internal/ui/editor/status_bar.go:402.3,402.12 1 0
github.com/Kyanite/noise/internal/ui/editor/status_bar.go:403.10,404.12 1 0
github.com/Kyanite/noise/internal/ui/editor/status_bar.go:409.40,410.18 1 0
github.com/Kyanite/noise/internal/ui/editor/status_bar.go:410.18,412.3 1 0
github.com/Kyanite/noise/internal/ui/editor/status_bar.go:415.2,415.23 1 0
github.com/Kyanite/noise/internal/ui/editor/status_bar.go:415.23,419.3 2 0
github.com/Kyanite/noise/internal/ui/editor/status_bar.go:421.2,421.19 1 0
github.com/Kyanite/noise/internal/ui/editor/status_bar.go:421.19,425.3 2 0
github.com/Kyanite/noise/internal/ui/editor/status_bar.go:428.2,428.27 1 0
github.com/Kyanite/noise/internal/ui/editor/status_bar.go:432.53,441.109 4 0
github.com/Kyanite/noise/internal/ui/editor/status_bar.go:441.109,443.3 1 0
github.com/Kyanite/noise/internal/ui/editor/status_bar.go:445.2,449.28 3 0
github.com/Kyanite/noise/internal/ui/editor/status_bar.go:449.28,451.3 1 0
github.com/Kyanite/noise/internal/ui/editor/status_bar.go:451.8,451.35 1 0
github.com/Kyanite/noise/internal/ui/editor/status_bar.go:451.35,454.3 2 0
github.com/Kyanite/noise/internal/ui/editor/status_bar.go:456.2,456.16 1 0
github.com/Kyanite/noise/internal/ui/editor/status_bar.go:460.53,470.32 5 0
github.com/Kyanite/noise/internal/ui/editor/status_bar.go:470.32,472.3 1 0
github.com/Kyanite/noise/internal/ui/editor/status_bar.go:472.8,472.39 1 0
github.com/Kyanite/noise/internal/ui/editor/status_bar.go:472.39,475.3 2 0
github.com/Kyanite/noise/internal/ui/editor/status_bar.go:477.2,477.20 1 0
github.com/Kyanite/noise/internal/ui/editor/status_bar.go:481.50,492.24 6 0
github.com/Kyanite/noise/internal/ui/editor/status_bar.go:492.24,495.21 2 0
github.com/Kyanite/noise/internal/ui/editor/status_bar.go:495.21,499.4 3 0
github.com/Kyanite/noise/internal/ui/editor/status_bar.go:503.2,510.32 4 0
github.com/Kyanite/noise/internal/ui/editor/status_bar.go:510.32,512.3 1 0
github.com/Kyanite/noise/internal/ui/editor/status_bar.go:512.8,512.39 1 0
github.com/Kyanite/noise/internal/ui/editor/status_bar.go:512.39,515.3 2 0
github.com/Kyanite/noise/internal/ui/editor/status_bar.go:517.2,517.20 1 0
github.com/Kyanite/noise/internal/ui/editor/status_bar.go:521.60,525.2 2 0
github.com/Kyanite/noise/internal/ui/editor/status_bar.go:528.62,532.2 2 0
github.com/Kyanite/noise/internal/ui/editor/status_bar.go:535.61,540.23 3 0
github.com/Kyanite/noise/internal/ui/editor/status_bar.go:540.23,542.3 1 0
github.com/Kyanite/noise/internal/ui/editor/status_bar.go:543.2,543.16 1 0
github.com/Kyanite/noise/internal/ui/editor/status_bar.go:543.16,545.3 1 0
github.com/Kyanite/noise/internal/ui/editor/status_bar.go:546.2,546.18 1 0
github.com/Kyanite/noise/internal/ui/editor/status_bar.go:546.18,548.3 1 0
github.com/Kyanite/noise/internal/ui/editor/status_bar.go:549.2,549.23 1 0
github.com/Kyanite/noise/internal/ui/editor/status_bar.go:549.23,551.3 1 0
github.com/Kyanite/noise/internal/ui/editor/status_bar.go:554.2,555.24 2 0
github.com/Kyanite/noise/internal/ui/editor/status_bar.go:555.24,557.3 1 0
github.com/Kyanite/noise/internal/ui/editor/status_bar.go:560.2,560.24 1 0
github.com/Kyanite/noise/internal/ui/editor/status_bar.go:560.24,562.3 1 0
github.com/Kyanite/noise/internal/ui/editor/status_bar.go:564.2,564.73 1 0
github.com/Kyanite/noise/internal/ui/editor/status_bar.go:568.24,569.11 1 0
github.com/Kyanite/noise/internal/ui/editor/status_bar.go:569.11,571.3 1 0
github.com/Kyanite/noise/internal/ui/editor/status_bar.go:572.2,572.10 1 0
github.com/Kyanite/noise/internal/ui/editor/status_bar.go:576.88,578.2 1 0
github.com/Kyanite/noise/internal/ui/editor/status_bar.go:581.65,583.2 1 0
github.com/Kyanite/noise/internal/ui/editor/status_bar.go:586.96,588.2 1 0
github.com/Kyanite/noise/internal/ui/editor/status_bar.go:591.108,593.2 1 0
github.com/Kyanite/noise/internal/ui/editor/status_bar.go:596.45,600.2 2 0
github.com/Kyanite/noise/internal/ui/editor/status_bar.go:603.68,605.2 1 0
github.com/Kyanite/noise/internal/ui/editor/status_bar.go:608.58,614.70 3 1
github.com/Kyanite/noise/internal/ui/editor/status_bar.go:614.70,617.3 2 1
github.com/Kyanite/noise/internal/ui/editor/status_bar.go:679.81,680.38 1 0
github.com/Kyanite/noise/internal/ui/editor/status_bar.go:681.16,684.14 1 0
github.com/Kyanite/noise/internal/ui/editor/status_bar.go:685.18,688.14 1 0
github.com/Kyanite/noise/internal/ui/editor/status_bar.go:689.15,692.14 1 0
github.com/Kyanite/noise/internal/ui/editor/status_bar.go:693.10,696.14 1 0
github.com/Kyanite/noise/internal/ui/editor/status_bar.go:701.88,702.38 1 0
github.com/Kyanite/noise/internal/ui/editor/status_bar.go:703.16,706.14 1 0
github.com/Kyanite/noise/internal/ui/editor/status_bar.go:707.18,710.14 1 0
github.com/Kyanite/noise/internal/ui/editor/status_bar.go:711.15,714.14 1 0
github.com/Kyanite/noise/internal/ui/editor/status_bar.go:715.10,717.32 1 0
github.com/Kyanite/noise/internal/ui/editor/status_bar.go:722.85,723.15 1 0
github.com/Kyanite/noise/internal/ui/editor/status_bar.go:723.15,727.3 1 0
github.com/Kyanite/noise/internal/ui/editor/status_bar.go:727.8,731.3 1 0
github.com/Kyanite/noise/internal/app/ai.go:21.32,25.2 1 0
github.com/Kyanite/noise/internal/app/ai.go:28.64,41.2 2 0
github.com/Kyanite/noise/internal/app/ai.go:44.101,57.53 2 0
github.com/Kyanite/noise/internal/app/ai.go:57.53,59.3 1 0
github.com/Kyanite/noise/internal/app/ai.go:61.2,61.46 1 0
github.com/Kyanite/noise/internal/app/ai.go:65.82,71.2 2 0
github.com/Kyanite/noise/internal/app/ai.go:74.85,77.2 1 0
github.com/Kyanite/noise/internal/app/ai.go:80.86,85.12 2 0
github.com/Kyanite/noise/internal/app/ai.go:85.12,88.3 2 0
github.com/Kyanite/noise/internal/app/ai.go:90.2,90.26 1 0
github.com/Kyanite/noise/internal/app/ai.go:94.40,98.2 1 0
github.com/Kyanite/noise/internal/app/ai.go:101.61,108.2 1 0
github.com/Kyanite/noise/internal/app/ai.go:113.126,117.25 2 0
github.com/Kyanite/noise/internal/app/ai.go:117.25,125.17 2 0
github.com/Kyanite/noise/internal/app/ai.go:125.17,127.4 1 0
github.com/Kyanite/noise/internal/app/ai.go:128.3,128.31 1 0
github.com/Kyanite/noise/internal/app/ai.go:132.2,136.8 1 0
github.com/Kyanite/noise/internal/app/ai.go:140.113,142.25 1 0
github.com/Kyanite/noise/internal/app/ai.go:142.25,151.17 2 0
github.com/Kyanite/noise/internal/app/ai.go:151.17,153.4 1 0
github.com/Kyanite/noise/internal/app/ai.go:154.3,154.31 1 0
github.com/Kyanite/noise/internal/app/ai.go:158.2,162.8 1 0
github.com/Kyanite/noise/internal/app/ai.go:166.113,168.25 1 0
github.com/Kyanite/noise/internal/app/ai.go:168.25,177.17 2 0
github.com/Kyanite/noise/internal/app/ai.go:177.17,179.4 1 0
github.com/Kyanite/noise/internal/app/ai.go:180.3,180.57 1 0
github.com/Kyanite/noise/internal/app/ai.go:180.57,182.4 1 0
github.com/Kyanite/noise/internal/app/ai.go:183.3,183.31 1 0
github.com/Kyanite/noise/internal/app/ai.go:187.2,192.51 2 0
github.com/Kyanite/noise/internal/app/ai.go:192.51,194.3 1 0
github.com/Kyanite/noise/internal/app/ai.go:195.2,195.25 1 0
github.com/Kyanite/noise/internal/app/ai.go:199.99,201.25 1 0
github.com/Kyanite/noise/internal/app/ai.go:201.25,210.17 2 0
github.com/Kyanite/noise/internal/app/ai.go:210.17,212.4 1 0
github.com/Kyanite/noise/internal/app/ai.go:213.3,213.33 1 0
github.com/Kyanite/noise/internal/app/ai.go:213.33,215.4 1 0
github.com/Kyanite/noise/internal/app/ai.go:216.3,216.34 1 0
github.com/Kyanite/noise/internal/app/ai.go:220.2,220.61 1 0
github.com/Kyanite/noise/internal/app/ai.go:226.106,227.25 1 0
github.com/Kyanite/noise/internal/app/ai.go:227.25,235.3 1 0
github.com/Kyanite/noise/internal/app/ai.go:238.2,241.8 1 0
github.com/Kyanite/noise/internal/app/ai.go:245.103,246.25 1 0
github.com/Kyanite/noise/internal/app/ai.go:246.25,254.3 1 0
github.com/Kyanite/noise/internal/app/ai.go:257.2,260.8 1 0
github.com/Kyanite/noise/internal/app/ai.go:264.102,265.25 1 0
github.com/Kyanite/noise/internal/app/ai.go:265.25,273.3 1 0
github.com/Kyanite/noise/internal/app/ai.go:276.2,279.8 1 0
github.com/Kyanite/noise/internal/app/ai.go:283.117,284.25 1 0
github.com/Kyanite/noise/internal/app/ai.go:284.25,292.3 1 0
github.com/Kyanite/noise/internal/app/ai.go:295.2,298.8 1 0
github.com/Kyanite/noise/internal/app/autosave.go:32.41,33.11 1 0
github.com/Kyanite/noise/internal/app/autosave.go:34.20,35.16 1 0
github.com/Kyanite/noise/internal/app/autosave.go:36.22,37.21 1 0
github.com/Kyanite/noise/internal/app/autosave.go:38.23,39.17 1 0
github.com/Kyanite/noise/internal/app/autosave.go:40.21,41.17 1 0
github.com/Kyanite/noise/internal/app/autosave.go:42.10,43.19 1 0
github.com/Kyanite/noise/internal/app/autosave.go:59.46,69.2 1 1
github.com/Kyanite/noise/internal/app/autosave.go:75.75,79.2 1 0
github.com/Kyanite/noise/internal/app/autosave.go:82.78,86.2 1 0
github.com/Kyanite/noise/internal/app/autosave.go:89.49,90.27 1 0
github.com/Kyanite/noise/internal/app/autosave.go:90.27,92.3 1 0
github.com/Kyanite/noise/internal/app/autosave.go:93.2,93.29 1 0
github.com/Kyanite/noise/internal/app/autosave.go:93.29,95.3 1 0
github.com/Kyanite/noise/internal/app/autosave.go:96.2,96.24 1 0
github.com/Kyanite/noise/internal/app/autosave.go:96.24,98.3 1 0
github.com/Kyanite/noise/internal/app/autosave.go:99.2,99.26 1 0
github.com/Kyanite/noise/internal/app/autosave.go:99.26,101.3 1 0
github.com/Kyanite/noise/internal/app/autosave.go:102.2,102.22 1 0
github.com/Kyanite/noise/internal/app/autosave.go:102.22,104.3 1 0
github.com/Kyanite/noise/internal/app/autosave.go:105.2,105.23 1 0
github.com/Kyanite/noise/internal/app/autosave.go:105.23,107.3 1 0
github.com/Kyanite/noise/internal/app/autosave.go:108.2,108.23 1 0
github.com/Kyanite/noise/internal/app/autosave.go:108.23,110.3 1 0
github.com/Kyanite/noise/internal/app/autosave.go:111.2,111.25 1 0
github.com/Kyanite/noise/internal/app/autosave.go:111.25,113.3 1 0
github.com/Kyanite/noise/internal/app/autosave.go:114.2,114.12 1 0
github.com/Kyanite/noise/internal/app/autosave.go:143.42,145.2 1 0
github.com/Kyanite/noise/internal/app/autosave.go:148.83,149.19 1 1
github.com/Kyanite/noise/internal/app/autosave.go:149.19,151.3 1 0
github.com/Kyanite/noise/internal/app/autosave.go:153.2,160.3 1 1
github.com/Kyanite/noise/internal/app/autosave.go:164.60,165.23 1 1
github.com/Kyanite/noise/internal/app/autosave.go:165.23,167.3 1 0
github.com/Kyanite/noise/internal/app/autosave.go:170.2,179.12 5 1
github.com/Kyanite/noise/internal/app/autosave.go:183.40,188.9 2 1
github.com/Kyanite/noise/internal/app/autosave.go:189.20,189.20 0 0
github.com/Kyanite/noise/internal/app/autosave.go:191.10,192.20 1 1
github.com/Kyanite/noise/internal/app/autosave.go:194.2,195.12 2 1
github.com/Kyanite/noise/internal/app/autosave.go:199.55,200.23 1 1
github.com/Kyanite/noise/internal/app/autosave.go:200.23,202.3 1 0
github.com/Kyanite/noise/internal/app/autosave.go:207.2,207.16 1 1
github.com/Kyanite/noise/internal/app/autosave.go:207.16,209.30 2 1
github.com/Kyanite/noise/internal/app/autosave.go:209.30,211.4 1 1
github.com/Kyanite/noise/internal/app/autosave.go:212.3,212.13 1 1
github.com/Kyanite/noise/internal/app/autosave.go:212.13,213.49 1 1
github.com/Kyanite/noise/internal/app/autosave.go:213.49,214.25 1 0
github.com/Kyanite/noise/internal/app/autosave.go:214.25,216.6 1 0
github.com/Kyanite/noise/internal/app/autosave.go:219.3,219.9 1 1
github.com/Kyanite/noise/internal/app/autosave.go:223.2,223.9 1 1
github.com/Kyanite/noise/internal/app/autosave.go:224.29,224.29 0 1
github.com/Kyanite/noise/internal/app/autosave.go:226.10,228.10 1 0
github.com/Kyanite/noise/internal/app/autosave.go:229.21,229.21 0 0
github.com/Kyanite/noise/internal/app/autosave.go:230.11,230.11 0 0
github.com/Kyanite/noise/internal/app/autosave.go:232.3,232.10 1 0
github.com/Kyanite/noise/internal/app/autosave.go:233.30,233.30 0 0
github.com/Kyanite/noise/internal/app/autosave.go:234.11,234.11 0 0
github.com/Kyanite/noise/internal/app/autosave.go:242.2,242.67 1 1
github.com/Kyanite/noise/internal/app/autosave.go:246.59,248.2 1 1
github.com/Kyanite/noise/internal/app/autosave.go:251.54,253.2 1 1
github.com/Kyanite/noise/internal/app/autosave.go:256.55,260.2 3 1
github.com/Kyanite/noise/internal/app/autosave.go:263.82,265.2 1 1
github.com/Kyanite/noise/internal/app/autosave.go:268.66,270.2 1 1
github.com/Kyanite/noise/internal/app/autosave.go:273.64,275.2 1 0
github.com/Kyanite/noise/internal/app/autosave.go:278.67,282.6 3 1
github.com/Kyanite/noise/internal/app/autosave.go:282.6,283.10 1 1
github.com/Kyanite/noise/internal/app/autosave.go:284.21,285.10 1 0
github.com/Kyanite/noise/internal/app/autosave.go:286.21,287.10 1 1
github.com/Kyanite/noise/internal/app/autosave.go:288.19,289.27 1 0
github.com/Kyanite/noise/internal/app/autosave.go:295.49,300.19 4 1
github.com/Kyanite/noise/internal/app/autosave.go:300.19,302.3 1 0
github.com/Kyanite/noise/internal/app/autosave.go:305.2,305.40 1 1
github.com/Kyanite/noise/internal/app/autosave.go:305.40,307.3 1 1
github.com/Kyanite/noise/internal/app/autosave.go:311.61,314.6 2 1
github.com/Kyanite/noise/internal/app/autosave.go:314.6,315.10 1 1
github.com/Kyanite/noise/internal/app/autosave.go:316.21,317.10 1 0
github.com/Kyanite/noise/internal/app/autosave.go:318.21,319.10 1 1
github.com/Kyanite/noise/internal/app/autosave.go:320.32,326.28 4 1
github.com/Kyanite/noise/internal/app/autosave.go:326.28,328.5 1 0
github.com/Kyanite/noise/internal/app/autosave.go:331.4,331.95 1 1
github.com/Kyanite/noise/internal/app/autosave.go:331.95,332.50 1 1
github.com/Kyanite/noise/internal/app/autosave.go:332.50,334.6 1 0
github.com/Kyanite/noise/internal/app/autosave.go:340.53,341.17 1 1
github.com/Kyanite/noise/internal/app/autosave.go:341.17,343.3 1 0
github.com/Kyanite/noise/internal/app/autosave.go:344.2,344.12 1 1
github.com/Kyanite/noise/internal/app/autosave.go:347.62,348.16 1 1
github.com/Kyanite/noise/internal/app/autosave.go:348.16,350.3 1 0
github.com/Kyanite/noise/internal/app/autosave.go:352.2,353.29 2 1
github.com/Kyanite/noise/internal/app/autosave.go:353.29,355.3 1 1
github.com/Kyanite/noise/internal/app/autosave.go:356.2,356.22 1 1
github.com/Kyanite/noise/internal/app/autosave.go:356.22,358.3 1 1
github.com/Kyanite/noise/internal/app/autosave.go:359.2,359.12 1 1
github.com/Kyanite/noise/internal/app/autosave.go:363.61,365.29 2 1
github.com/Kyanite/noise/internal/app/autosave.go:365.29,367.3 1 1
github.com/Kyanite/noise/internal/app/autosave.go:369.2,369.46 1 1
github.com/Kyanite/noise/internal/app/autosave.go:369.46,371.3 1 0
github.com/Kyanite/noise/internal/app/autosave.go:373.2,374.62 2 1
github.com/Kyanite/noise/internal/app/autosave.go:374.62,375.18 1 1
github.com/Kyanite/noise/internal/app/autosave.go:375.18,378.4 1 1
github.com/Kyanite/noise/internal/app/autosave.go:380.3,381.21 2 1
github.com/Kyanite/noise/internal/app/autosave.go:381.21,382.9 1 1
github.com/Kyanite/noise/internal/app/autosave.go:385.3,385.71 1 1
github.com/Kyanite/noise/internal/app/autosave.go:388.2,388.20 1 1
github.com/Kyanite/noise/internal/app/autosave.go:388.20,390.3 1 1
github.com/Kyanite/noise/internal/app/autosave.go:392.2,393.29 2 1
github.com/Kyanite/noise/internal/app/autosave.go:393.29,395.3 1 1
github.com/Kyanite/noise/internal/app/autosave.go:398.2,398.12 1 1
github.com/Kyanite/noise/internal/app/autosave.go:398.12,401.30 3 1
github.com/Kyanite/noise/internal/app/autosave.go:401.30,403.4 1 0
github.com/Kyanite/noise/internal/app/autosave.go:406.2,406.12 1 1
github.com/Kyanite/noise/internal/app/autosave.go:410.61,424.57 7 1
github.com/Kyanite/noise/internal/app/autosave.go:424.57,425.18 1 1
github.com/Kyanite/noise/internal/app/autosave.go:425.18,429.4 3 0
github.com/Kyanite/noise/internal/app/autosave.go:431.3,432.17 2 1
github.com/Kyanite/noise/internal/app/autosave.go:432.17,437.43 2 1
github.com/Kyanite/noise/internal/app/autosave.go:437.43,438.33 1 0
github.com/Kyanite/noise/internal/app/autosave.go:438.33,439.14 1 0
github.com/Kyanite/noise/internal/app/autosave.go:442.4,442.88 1 1
github.com/Kyanite/noise/internal/app/autosave.go:445.3,445.21 1 1
github.com/Kyanite/noise/internal/app/autosave.go:445.21,446.27 1 1
github.com/Kyanite/noise/internal/app/autosave.go:446.27,448.5 1 1
github.com/Kyanite/noise/internal/app/autosave.go:448.10,450.5 1 0
github.com/Kyanite/noise/internal/app/autosave.go:454.3,454.8 1 1
github.com/Kyanite/noise/internal/app/autosave.go:457.2,462.12 5 1
github.com/Kyanite/noise/internal/app/autosave.go:466.111,468.29 2 0
github.com/Kyanite/noise/internal/app/autosave.go:468.29,470.3 1 0
github.com/Kyanite/noise/internal/app/autosave.go:472.2,472.46 1 0
github.com/Kyanite/noise/internal/app/autosave.go:472.46,474.3 1 0
github.com/Kyanite/noise/internal/app/autosave.go:476.2,477.62 2 0
github.com/Kyanite/noise/internal/app/autosave.go:477.62,478.18 1 0
github.com/Kyanite/noise/internal/app/autosave.go:478.18,480.4 1 0
github.com/Kyanite/noise/internal/app/autosave.go:482.3,483.21 2 0
github.com/Kyanite/noise/internal/app/autosave.go:483.21,484.9 1 0
github.com/Kyanite/noise/internal/app/autosave.go:487.3,487.76 1 0
github.com/Kyanite/noise/internal/app/autosave.go:490.2,490.20 1 0
github.com/Kyanite/noise/internal/app/autosave.go:490.20,492.3 1 0
github.com/Kyanite/noise/internal/app/autosave.go:494.2,495.29 2 0
github.com/Kyanite/noise/internal/app/autosave.go:495.29,497.3 1 0
github.com/Kyanite/noise/internal/app/autosave.go:500.2,500.12 1 0
github.com/Kyanite/noise/internal/app/autosave.go:500.12,503.30 3 0
github.com/Kyanite/noise/internal/app/autosave.go:503.30,505.4 1 0
github.com/Kyanite/noise/internal/app/autosave.go:508.2,508.12 1 0
github.com/Kyanite/noise/internal/app/autosave.go:512.118,518.35 3 0
github.com/Kyanite/noise/internal/app/autosave.go:518.35,519.18 1 0
github.com/Kyanite/noise/internal/app/autosave.go:519.18,521.4 1 0
github.com/Kyanite/noise/internal/app/autosave.go:521.9,523.4 1 0
github.com/Kyanite/noise/internal/app/autosave.go:527.2,531.57 4 0
github.com/Kyanite/noise/internal/app/autosave.go:531.57,532.18 1 0
github.com/Kyanite/noise/internal/app/autosave.go:532.18,536.4 3 0
github.com/Kyanite/noise/internal/app/autosave.go:538.3,539.17 2 0
github.com/Kyanite/noise/internal/app/autosave.go:539.17,544.43 2 0
github.com/Kyanite/noise/internal/app/autosave.go:544.43,545.33 1 0
github.com/Kyanite/noise/internal/app/autosave.go:545.33,546.14 1 0
github.com/Kyanite/noise/internal/app/autosave.go:549.4,549.88 1 0
github.com/Kyanite/noise/internal/app/autosave.go:553.3,553.8 1 0
github.com/Kyanite/noise/internal/app/autosave.go:556.2,561.12 5 0
github.com/Kyanite/noise/internal/app/autosave.go:565.95,566.16 1 0
github.com/Kyanite/noise/internal/app/autosave.go:566.16,568.3 1 0
github.com/Kyanite/noise/internal/app/autosave.go:569.2,569.40 1 0
github.com/Kyanite/noise/internal/app/autosave.go:573.64,579.16 4 1
github.com/Kyanite/noise/internal/app/autosave.go:579.16,581.3 1 0
github.com/Kyanite/noise/internal/app/autosave.go:584.2,584.43 1 1
github.com/Kyanite/noise/internal/app/autosave.go:584.43,591.60 5 1
github.com/Kyanite/noise/internal/app/autosave.go:591.60,592.19 1 1
github.com/Kyanite/noise/internal/app/autosave.go:592.19,595.5 2 0
github.com/Kyanite/noise/internal/app/autosave.go:597.4,598.24 2 1
github.com/Kyanite/noise/internal/app/autosave.go:598.24,599.10 1 1
github.com/Kyanite/noise/internal/app/autosave.go:602.4,604.49 1 0
github.com/Kyanite/noise/internal/app/autosave.go:604.49,605.35 1 0
github.com/Kyanite/noise/internal/app/autosave.go:605.35,606.14 1 0
github.com/Kyanite/noise/internal/app/autosave.go:610.4,611.9 2 0
github.com/Kyanite/noise/internal/app/autosave.go:614.3,614.23 1 1
github.com/Kyanite/noise/internal/app/autosave.go:614.23,616.9 1 0
github.com/Kyanite/noise/internal/app/autosave.go:619.3,619.40 1 1
github.com/Kyanite/noise/internal/app/autosave.go:622.2,622.12 1 1
github.com/Kyanite/noise/internal/app/autosave.go:626.75,628.16 2 0
github.com/Kyanite/noise/internal/app/autosave.go:628.16,630.3 1 0
github.com/Kyanite/noise/internal/app/autosave.go:632.2,632.24 1 0
github.com/Kyanite/noise/internal/app/autosave.go:632.24,634.3 1 0
github.com/Kyanite/noise/internal/app/autosave.go:636.2,636.33 1 0
github.com/Kyanite/noise/internal/app/autosave.go:640.90,642.2 1 0
github.com/Kyanite/noise/internal/app/autosave.go:645.80,647.16 2 0
github.com/Kyanite/noise/internal/app/autosave.go:647.16,649.3 1 0
github.com/Kyanite/noise/internal/app/autosave.go:651.2,652.35 2 0
github.com/Kyanite/noise/internal/app/autosave.go:652.35,653.26 1 0
github.com/Kyanite/noise/internal/app/autosave.go:653.26,655.4 1 0
github.com/Kyanite/noise/internal/app/autosave.go:658.2,658.24 1 0
github.com/Kyanite/noise/internal/app/autosave.go:662.73,664.16 2 0
github.com/Kyanite/noise/internal/app/autosave.go:664.16,666.3 1 0
github.com/Kyanite/noise/internal/app/autosave.go:668.2,668.29 1 0
github.com/Kyanite/noise/internal/app/autosave.go:672.82,674.16 2 0
github.com/Kyanite/noise/internal/app/autosave.go:674.16,676.3 1 0
github.com/Kyanite/noise/internal/app/autosave.go:678.2,686.24 2 0
github.com/Kyanite/noise/internal/app/autosave.go:686.24,688.3 1 0
github.com/Kyanite/noise/internal/app/autosave.go:691.2,695.35 3 0
github.com/Kyanite/noise/internal/app/autosave.go:695.35,696.26 1 0
github.com/Kyanite/noise/internal/app/autosave.go:696.26,698.4 1 0
github.com/Kyanite/noise/internal/app/autosave.go:698.9,698.83 1 0
github.com/Kyanite/noise/internal/app/autosave.go:698.83,700.4 1 0
github.com/Kyanite/noise/internal/app/autosave.go:703.2,703.19 1 0
github.com/Kyanite/noise/internal/app/autosave.go:716.60,718.2 1 1
github.com/Kyanite/noise/internal/app/autosave.go:721.56,724.38 2 1
github.com/Kyanite/noise/internal/app/autosave.go:724.38,726.3 1 1
github.com/Kyanite/noise/internal/app/autosave.go:727.2,727.28 1 1
github.com/Kyanite/noise/internal/app/dictionary.go:44.34,49.2 1 1
github.com/Kyanite/noise/internal/app/dictionary.go:52.60,58.16 4 1
github.com/Kyanite/noise/internal/app/dictionary.go:58.16,60.3 1 1
github.com/Kyanite/noise/internal/app/dictionary.go:63.2,67.56 2 1
github.com/Kyanite/noise/internal/app/dictionary.go:67.56,69.3 1 0
github.com/Kyanite/noise/internal/app/dictionary.go:72.2,80.12 5 1
github.com/Kyanite/noise/internal/app/dictionary.go:84.38,87.35 2 1
github.com/Kyanite/noise/internal/app/dictionary.go:87.35,90.20 2 1
github.com/Kyanite/noise/internal/app/dictionary.go:90.20,92.4 1 0
github.com/Kyanite/noise/internal/app/dictionary.go:94.3,94.32 1 1
github.com/Kyanite/noise/internal/app/dictionary.go:94.32,97.29 2 1
github.com/Kyanite/noise/internal/app/dictionary.go:97.29,98.43 1 1
github.com/Kyanite/noise/internal/app/dictionary.go:98.43,100.6 1 1
github.com/Kyanite/noise/internal/app/dictionary.go:101.5,101.76 1 1
github.com/Kyanite/noise/internal/app/dictionary.go:108.38,112.2 3 1
github.com/Kyanite/noise/internal/app/dictionary.go:115.66,123.2 5 1
github.com/Kyanite/noise/internal/app/dictionary.go:126.63,128.51 1 1
github.com/Kyanite/noise/internal/app/dictionary.go:128.51,130.3 1 1
github.com/Kyanite/noise/internal/app/dictionary.go:133.2,133.45 1 1
github.com/Kyanite/noise/internal/app/dictionary.go:137.63,138.16 1 1
github.com/Kyanite/noise/internal/app/dictionary.go:138.16,140.3 1 1
github.com/Kyanite/noise/internal/app/dictionary.go:143.2,163.51 3 1
github.com/Kyanite/noise/internal/app/dictionary.go:163.51,165.3 1 1
github.com/Kyanite/noise/internal/app/dictionary.go:168.2,172.16 3 1
github.com/Kyanite/noise/internal/app/dictionary.go:172.16,174.3 1 0
github.com/Kyanite/noise/internal/app/dictionary.go:176.2,180.28 4 1
github.com/Kyanite/noise/internal/app/dictionary.go:180.28,183.31 2 1
github.com/Kyanite/noise/internal/app/dictionary.go:183.31,185.4 1 1
github.com/Kyanite/noise/internal/app/dictionary.go:186.3,189.12 2 1
github.com/Kyanite/noise/internal/app/dictionary.go:189.12,194.55 3 1
github.com/Kyanite/noise/internal/app/dictionary.go:194.55,196.15 1 0
github.com/Kyanite/noise/internal/app/dictionary.go:196.15,200.23 2 0
github.com/Kyanite/noise/internal/app/dictionary.go:200.23,202.7 1 0
github.com/Kyanite/noise/internal/app/dictionary.go:207.4,207.79 1 1
github.com/Kyanite/noise/internal/app/dictionary.go:207.79,209.15 1 0
github.com/Kyanite/noise/internal/app/dictionary.go:209.15,211.59 2 0
github.com/Kyanite/noise/internal/app/dictionary.go:211.59,213.7 1 0
github.com/Kyanite/noise/internal/app/dictionary.go:218.4,218.51 1 1
github.com/Kyanite/noise/internal/app/dictionary.go:218.52,221.5 0 0
github.com/Kyanite/noise/internal/app/dictionary.go:226.2,226.20 1 1
github.com/Kyanite/noise/internal/app/dictionary.go:226.20,228.3 1 0
github.com/Kyanite/noise/internal/app/dictionary.go:230.2,230.18 1 1
github.com/Kyanite/noise/internal/app/dictionary.go:234.64,236.51 1 1
github.com/Kyanite/noise/internal/app/dictionary.go:236.51,238.26 1 1
github.com/Kyanite/noise/internal/app/dictionary.go:238.26,240.4 1 0
github.com/Kyanite/noise/internal/app/dictionary.go:241.3,241.27 1 1
github.com/Kyanite/noise/internal/app/dictionary.go:245.2,247.19 2 1
github.com/Kyanite/noise/internal/app/dictionary.go:247.19,249.3 1 1
github.com/Kyanite/noise/internal/app/dictionary.go:250.2,250.20 1 0
github.com/Kyanite/noise/internal/app/dictionary.go:254.63,255.16 1 1
github.com/Kyanite/noise/internal/app/dictionary.go:255.16,257.3 1 1
github.com/Kyanite/noise/internal/app/dictionary.go:260.2,263.48 2 1
github.com/Kyanite/noise/internal/app/dictionary.go:263.48,265.3 1 0
github.com/Kyanite/noise/internal/app/dictionary.go:268.2,271.19 3 1
github.com/Kyanite/noise/internal/app/dictionary.go:271.19,273.3 1 0
github.com/Kyanite/noise/internal/app/dictionary.go:276.2,276.32 1 1
github.com/Kyanite/noise/internal/app/dictionary.go:276.32,277.23 1 1
github.com/Kyanite/noise/internal/app/dictionary.go:277.23,278.12 1 0
github.com/Kyanite/noise/internal/app/dictionary.go:281.3,282.46 2 1
github.com/Kyanite/noise/internal/app/dictionary.go:282.46,284.4 1 0
github.com/Kyanite/noise/internal/app/dictionary.go:287.2,287.16 1 1
github.com/Kyanite/noise/internal/app/dictionary.go:291.60,292.19 1 1
github.com/Kyanite/noise/internal/app/dictionary.go:292.19,294.3 1 1
github.com/Kyanite/noise/internal/app/dictionary.go:297.2,297.20 1 1
github.com/Kyanite/noise/internal/app/dictionary.go:297.20,299.3 1 1
github.com/Kyanite/noise/internal/app/dictionary.go:300.2,300.13 1 1
github.com/Kyanite/noise/internal/app/dictionary.go:304.69,305.16 1 1
github.com/Kyanite/noise/internal/app/dictionary.go:305.16,307.3 1 1
github.com/Kyanite/noise/internal/app/dictionary.go:310.2,313.29 3 1
github.com/Kyanite/noise/internal/app/dictionary.go:313.29,318.22 3 1
github.com/Kyanite/noise/internal/app/dictionary.go:318.22,320.18 2 1
github.com/Kyanite/noise/internal/app/dictionary.go:320.18,321.13 1 0
github.com/Kyanite/noise/internal/app/dictionary.go:323.4,323.31 1 1
github.com/Kyanite/noise/internal/app/dictionary.go:327.2,327.28 1 1
github.com/Kyanite/noise/internal/app/dictionary.go:331.49,345.32 6 1
github.com/Kyanite/noise/internal/app/dictionary.go:345.32,348.3 2 1
github.com/Kyanite/noise/internal/app/dictionary.go:350.2,352.26 2 1
github.com/Kyanite/noise/internal/app/dictionary.go:352.26,354.3 1 1
github.com/Kyanite/noise/internal/app/dictionary.go:356.2,356.14 1 1
github.com/Kyanite/noise/internal/app/dictionary.go:360.66,368.25 4 1
github.com/Kyanite/noise/internal/app/dictionary.go:368.25,370.3 1 0
github.com/Kyanite/noise/internal/app/dictionary.go:372.2,375.37 2 1
github.com/Kyanite/noise/internal/app/dictionary.go:375.37,377.28 2 1
github.com/Kyanite/noise/internal/app/dictionary.go:377.28,378.42 1 1
github.com/Kyanite/noise/internal/app/dictionary.go:378.42,380.5 1 1
github.com/Kyanite/noise/internal/app/dictionary.go:381.4,381.85 1 1
github.com/Kyanite/noise/internal/app/dictionary.go:385.2,385.12 1 1
github.com/Kyanite/noise/internal/app/dictionary.go:389.79,397.36 5 1
github.com/Kyanite/noise/internal/app/dictionary.go:397.36,400.3 1 1
github.com/Kyanite/noise/internal/app/dictionary.go:400.8,403.3 1 1
github.com/Kyanite/noise/internal/app/dictionary.go:405.2,406.16 2 1
github.com/Kyanite/noise/internal/app/dictionary.go:406.16,408.3 1 0
github.com/Kyanite/noise/internal/app/dictionary.go:410.2,410.28 1 1
github.com/Kyanite/noise/internal/app/dictionary.go:410.28,411.30 1 1
github.com/Kyanite/noise/internal/app/dictionary.go:411.30,413.42 2 1
github.com/Kyanite/noise/internal/app/dictionary.go:413.42,414.10 1 1
github.com/Kyanite/noise/internal/app/dictionary.go:419.2,419.21 1 1
github.com/Kyanite/noise/internal/app/dictionary.go:423.65,427.23 3 1
github.com/Kyanite/noise/internal/app/dictionary.go:427.23,429.3 1 1
github.com/Kyanite/noise/internal/app/dictionary.go:432.2,433.35 2 1
github.com/Kyanite/noise/internal/app/dictionary.go:433.35,434.30 1 1
github.com/Kyanite/noise/internal/app/dictionary.go:434.30,436.4 1 1
github.com/Kyanite/noise/internal/app/dictionary.go:437.3,437.10 1 0
github.com/Kyanite/noise/internal/app/dictionary.go:441.2,441.35 1 0
github.com/Kyanite/noise/internal/app/dictionary.go:441.35,443.3 1 0
github.com/Kyanite/noise/internal/app/dictionary.go:445.2,445.68 1 0
github.com/Kyanite/noise/internal/app/dictionary.go:449.53,452.2 2 1
github.com/Kyanite/noise/internal/app/dictionary.go:455.90,461.35 4 1
github.com/Kyanite/noise/internal/app/dictionary.go:461.35,462.35 1 1
github.com/Kyanite/noise/internal/app/dictionary.go:462.35,464.42 2 1
github.com/Kyanite/noise/internal/app/dictionary.go:464.42,465.10 1 0
github.com/Kyanite/noise/internal/app/dictionary.go:470.2,470.21 1 1
github.com/Kyanite/noise/internal/app/dictionary.go:474.86,481.35 5 1
github.com/Kyanite/noise/internal/app/dictionary.go:481.35,482.37 1 1
github.com/Kyanite/noise/internal/app/dictionary.go:482.37,483.45 1 1
github.com/Kyanite/noise/internal/app/dictionary.go:483.45,485.43 2 1
github.com/Kyanite/noise/internal/app/dictionary.go:485.43,486.11 1 0
github.com/Kyanite/noise/internal/app/dictionary.go:488.5,488.10 1 1
github.com/Kyanite/noise/internal/app/dictionary.go:493.2,493.21 1 1
github.com/Kyanite/noise/internal/app/editor.go:25.100,30.2 1 0
github.com/Kyanite/noise/internal/app/editor.go:33.64,35.13 1 0
github.com/Kyanite/noise/internal/app/editor.go:35.13,37.3 1 0
github.com/Kyanite/noise/internal/app/editor.go:40.2,41.16 2 0
github.com/Kyanite/noise/internal/app/editor.go:41.16,43.46 1 0
github.com/Kyanite/noise/internal/app/editor.go:43.46,54.4 3 0
github.com/Kyanite/noise/internal/app/editor.go:57.3,59.28 3 0
github.com/Kyanite/noise/internal/app/editor.go:63.2,63.17 1 0
github.com/Kyanite/noise/internal/app/editor.go:63.17,67.3 3 0
github.com/Kyanite/noise/internal/app/editor.go:69.2,69.19 1 0
github.com/Kyanite/noise/internal/app/editor.go:69.19,73.3 3 0
github.com/Kyanite/noise/internal/app/editor.go:75.2,76.18 2 0
github.com/Kyanite/noise/internal/app/editor.go:80.83,83.16 2 0
github.com/Kyanite/noise/internal/app/editor.go:83.16,97.17 3 0
github.com/Kyanite/noise/internal/app/editor.go:97.17,99.4 1 0
github.com/Kyanite/noise/internal/app/editor.go:102.2,102.18 1 0
github.com/Kyanite/noise/internal/app/editor.go:106.59,108.17 1 0
github.com/Kyanite/noise/internal/app/editor.go:108.17,110.3 1 0
github.com/Kyanite/noise/internal/app/editor.go:113.2,120.33 2 0
github.com/Kyanite/noise/internal/app/editor.go:120.33,122.3 1 0
github.com/Kyanite/noise/internal/app/editor.go:124.2,137.53 7 0
github.com/Kyanite/noise/internal/app/editor.go:137.53,139.17 2 0
github.com/Kyanite/noise/internal/app/editor.go:139.17,147.4 3 0
github.com/Kyanite/noise/internal/app/editor.go:150.3,150.46 1 0
github.com/Kyanite/noise/internal/app/editor.go:150.46,154.70 2 0
github.com/Kyanite/noise/internal/app/editor.go:154.70,158.12 3 0
github.com/Kyanite/noise/internal/app/editor.go:159.23,161.22 2 0
github.com/Kyanite/noise/internal/app/editor.go:162.29,163.14 1 0
github.com/Kyanite/noise/internal/app/editor.go:168.4,174.14 2 0
github.com/Kyanite/noise/internal/app/editor.go:178.3,180.23 3 0
github.com/Kyanite/noise/internal/app/editor.go:185.2,194.12 3 0
github.com/Kyanite/noise/internal/app/editor.go:198.80,200.36 1 0
github.com/Kyanite/noise/internal/app/editor.go:200.36,202.3 1 0
github.com/Kyanite/noise/internal/app/editor.go:204.2,204.41 1 0
github.com/Kyanite/noise/internal/app/editor.go:204.41,206.3 1 0
github.com/Kyanite/noise/internal/app/editor.go:208.2,208.42 1 0
github.com/Kyanite/noise/internal/app/editor.go:208.42,210.3 1 0
github.com/Kyanite/noise/internal/app/editor.go:213.2,214.33 2 0
github.com/Kyanite/noise/internal/app/editor.go:214.33,216.3 1 0
github.com/Kyanite/noise/internal/app/editor.go:219.2,231.16 3 0
github.com/Kyanite/noise/internal/app/editor.go:231.16,233.46 1 0
github.com/Kyanite/noise/internal/app/editor.go:233.46,244.4 3 0
github.com/Kyanite/noise/internal/app/editor.go:247.3,249.28 3 0
github.com/Kyanite/noise/internal/app/editor.go:253.2,253.22 1 0
github.com/Kyanite/noise/internal/app/editor.go:253.22,257.3 3 0
github.com/Kyanite/noise/internal/app/editor.go:259.2,259.23 1 0
github.com/Kyanite/noise/internal/app/editor.go:259.23,263.3 3 0
github.com/Kyanite/noise/internal/app/editor.go:266.2,271.23 3 0
github.com/Kyanite/noise/internal/app/editor.go:275.59,277.17 1 0
github.com/Kyanite/noise/internal/app/editor.go:277.17,279.3 1 0
github.com/Kyanite/noise/internal/app/editor.go:282.2,282.18 1 0
github.com/Kyanite/noise/internal/app/editor.go:282.18,284.3 1 0
github.com/Kyanite/noise/internal/app/editor.go:286.2,296.53 6 0
github.com/Kyanite/noise/internal/app/editor.go:296.53,299.17 2 0
github.com/Kyanite/noise/internal/app/editor.go:299.17,302.4 2 0
github.com/Kyanite/noise/internal/app/editor.go:304.3,305.17 2 0
github.com/Kyanite/noise/internal/app/editor.go:305.17,308.4 2 0
github.com/Kyanite/noise/internal/app/editor.go:311.3,311.46 1 0
github.com/Kyanite/noise/internal/app/editor.go:311.46,315.70 2 0
github.com/Kyanite/noise/internal/app/editor.go:315.70,319.12 3 0
github.com/Kyanite/noise/internal/app/editor.go:320.23,321.22 1 0
github.com/Kyanite/noise/internal/app/editor.go:322.29,324.14 1 0
github.com/Kyanite/noise/internal/app/editor.go:329.4,330.14 2 0
github.com/Kyanite/noise/internal/app/editor.go:334.3,336.23 3 0
github.com/Kyanite/noise/internal/app/editor.go:341.2,342.12 2 0
github.com/Kyanite/noise/internal/app/editor.go:346.79,348.17 1 0
github.com/Kyanite/noise/internal/app/editor.go:348.17,350.3 1 0
github.com/Kyanite/noise/internal/app/editor.go:351.2,351.18 1 0
github.com/Kyanite/noise/internal/app/editor.go:351.18,353.3 1 0
github.com/Kyanite/noise/internal/app/editor.go:356.2,356.35 1 0
github.com/Kyanite/noise/internal/app/editor.go:356.35,358.3 1 0
github.com/Kyanite/noise/internal/app/editor.go:361.2,362.17 2 0
github.com/Kyanite/noise/internal/app/editor.go:362.17,365.3 2 0
github.com/Kyanite/noise/internal/app/editor.go:367.2,368.16 2 0
github.com/Kyanite/noise/internal/app/editor.go:368.16,371.3 2 0
github.com/Kyanite/noise/internal/app/editor.go:373.2,374.12 2 0
github.com/Kyanite/noise/internal/app/editor.go:378.87,380.2 1 0
github.com/Kyanite/noise/internal/app/editor.go:383.89,385.17 1 0
github.com/Kyanite/noise/internal/app/editor.go:385.17,387.3 1 0
github.com/Kyanite/noise/internal/app/editor.go:388.2,388.20 1 0
github.com/Kyanite/noise/internal/app/editor.go:388.20,390.3 1 0
github.com/Kyanite/noise/internal/app/editor.go:393.2,394.16 2 0
github.com/Kyanite/noise/internal/app/editor.go:394.16,396.46 1 0
github.com/Kyanite/noise/internal/app/editor.go:396.46,407.4 3 0
github.com/Kyanite/noise/internal/app/editor.go:410.3,412.28 3 0
github.com/Kyanite/noise/internal/app/editor.go:416.2,416.20 1 0
github.com/Kyanite/noise/internal/app/editor.go:416.20,420.3 3 0
github.com/Kyanite/noise/internal/app/editor.go:422.2,422.30 1 0
github.com/Kyanite/noise/internal/app/editor.go:422.30,426.3 3 0
github.com/Kyanite/noise/internal/app/editor.go:429.2,430.17 2 0
github.com/Kyanite/noise/internal/app/editor.go:430.17,433.3 2 0
github.com/Kyanite/noise/internal/app/editor.go:436.2,440.42 3 0
github.com/Kyanite/noise/internal/app/editor.go:440.42,442.3 1 0
github.com/Kyanite/noise/internal/app/editor.go:443.2,443.42 1 0
github.com/Kyanite/noise/internal/app/editor.go:443.42,445.3 1 0
github.com/Kyanite/noise/internal/app/editor.go:447.2,450.27 2 0
github.com/Kyanite/noise/internal/app/editor.go:450.27,454.3 3 0
github.com/Kyanite/noise/internal/app/editor.go:457.2,462.22 3 0
github.com/Kyanite/noise/internal/app/editor.go:466.65,467.17 1 0
github.com/Kyanite/noise/internal/app/editor.go:467.17,469.3 1 0
github.com/Kyanite/noise/internal/app/editor.go:472.2,473.16 2 0
github.com/Kyanite/noise/internal/app/editor.go:473.16,475.3 1 0
github.com/Kyanite/noise/internal/app/editor.go:477.2,483.46 5 0
github.com/Kyanite/noise/internal/app/editor.go:483.46,487.3 1 0
github.com/Kyanite/noise/internal/app/editor.go:490.2,490.40 1 0
github.com/Kyanite/noise/internal/app/editor.go:490.40,496.38 6 0
github.com/Kyanite/noise/internal/app/editor.go:496.38,499.4 2 0
github.com/Kyanite/noise/internal/app/editor.go:500.3,500.23 1 0
github.com/Kyanite/noise/internal/app/editor.go:503.2,503.25 1 0
github.com/Kyanite/noise/internal/app/editor.go:507.64,508.38 1 0
github.com/Kyanite/noise/internal/app/editor.go:508.38,513.3 1 0
github.com/Kyanite/noise/internal/app/editor.go:516.2,517.21 2 0
github.com/Kyanite/noise/internal/app/editor.go:517.21,519.3 1 0
github.com/Kyanite/noise/internal/app/editor.go:521.2,524.59 3 0
github.com/Kyanite/noise/internal/app/editor.go:524.59,527.35 2 0
github.com/Kyanite/noise/internal/app/editor.go:527.35,528.42 1 0
github.com/Kyanite/noise/internal/app/editor.go:528.42,530.10 2 0
github.com/Kyanite/noise/internal/app/editor.go:533.3,533.19 1 0
github.com/Kyanite/noise/internal/app/editor.go:533.19,536.4 2 0
github.com/Kyanite/noise/internal/app/editor.go:536.9,539.4 1 0
github.com/Kyanite/noise/internal/app/editor.go:540.8,542.3 1 0
github.com/Kyanite/noise/internal/app/editor.go:544.2,545.36 2 0
github.com/Kyanite/noise/internal/app/editor.go:545.36,546.66 1 0
github.com/Kyanite/noise/internal/app/editor.go:546.66,548.4 1 0
github.com/Kyanite/noise/internal/app/editor.go:552.2,553.47 2 0
github.com/Kyanite/noise/internal/app/editor.go:553.47,555.15 2 0
github.com/Kyanite/noise/internal/app/editor.go:555.15,556.12 1 0
github.com/Kyanite/noise/internal/app/editor.go:558.3,560.5 1 0
github.com/Kyanite/noise/internal/app/editor.go:563.2,564.27 2 0
github.com/Kyanite/noise/internal/app/editor.go:564.27,572.3 1 0
github.com/Kyanite/noise/internal/app/editor.go:572.8,574.3 1 0
github.com/Kyanite/noise/internal/app/editor.go:576.2,580.8 1 0
github.com/Kyanite/noise/internal/app/integrated_editor.go:45.28,47.34 1 0
github.com/Kyanite/noise/internal/app/integrated_editor.go:47.34,49.3 1 0
github.com/Kyanite/noise/internal/app/integrated_editor.go:51.2,56.3 1 0
github.com/Kyanite/noise/internal/app/integrated_editor.go:60.91,61.20 1 0
github.com/Kyanite/noise/internal/app/integrated_editor.go:61.20,63.3 1 0
github.com/Kyanite/noise/internal/app/integrated_editor.go:66.2,67.16 2 0
github.com/Kyanite/noise/internal/app/integrated_editor.go:67.16,69.92 1 0
github.com/Kyanite/noise/internal/app/integrated_editor.go:69.92,81.62 2 0
github.com/Kyanite/noise/internal/app/integrated_editor.go:81.62,83.5 1 0
github.com/Kyanite/noise/internal/app/integrated_editor.go:85.4,86.20 2 0
github.com/Kyanite/noise/internal/app/integrated_editor.go:89.3,89.55 1 0
github.com/Kyanite/noise/internal/app/integrated_editor.go:93.2,93.29 1 0
github.com/Kyanite/noise/internal/app/integrated_editor.go:93.29,94.52 1 0
github.com/Kyanite/noise/internal/app/integrated_editor.go:94.52,97.4 1 0
github.com/Kyanite/noise/internal/app/integrated_editor.go:100.2,100.18 1 0
github.com/Kyanite/noise/internal/app/integrated_editor.go:104.69,105.17 1 0
github.com/Kyanite/noise/internal/app/integrated_editor.go:105.17,107.3 1 0
github.com/Kyanite/noise/internal/app/integrated_editor.go:110.2,113.65 2 0
github.com/Kyanite/noise/internal/app/integrated_editor.go:113.65,115.3 1 0
github.com/Kyanite/noise/internal/app/integrated_editor.go:118.2,118.27 1 0
github.com/Kyanite/noise/internal/app/integrated_editor.go:118.27,119.64 1 0
github.com/Kyanite/noise/internal/app/integrated_editor.go:119.64,121.4 1 0
github.com/Kyanite/noise/internal/app/integrated_editor.go:125.2,125.29 1 0
github.com/Kyanite/noise/internal/app/integrated_editor.go:125.29,126.52 1 0
github.com/Kyanite/noise/internal/app/integrated_editor.go:126.52,128.4 1 0
github.com/Kyanite/noise/internal/app/integrated_editor.go:132.2,132.29 1 0
github.com/Kyanite/noise/internal/app/integrated_editor.go:132.29,136.92 3 0
github.com/Kyanite/noise/internal/app/integrated_editor.go:136.92,138.4 1 0
github.com/Kyanite/noise/internal/app/integrated_editor.go:141.2,142.12 2 0
github.com/Kyanite/noise/internal/app/integrated_editor.go:146.69,147.20 1 0
github.com/Kyanite/noise/internal/app/integrated_editor.go:147.20,149.3 1 0
github.com/Kyanite/noise/internal/app/integrated_editor.go:152.2,152.56 1 0
github.com/Kyanite/noise/internal/app/integrated_editor.go:152.56,154.3 1 0
github.com/Kyanite/noise/internal/app/integrated_editor.go:157.2,157.29 1 0
github.com/Kyanite/noise/internal/app/integrated_editor.go:157.29,159.85 1 0
github.com/Kyanite/noise/internal/app/integrated_editor.go:159.85,160.57 1 0
github.com/Kyanite/noise/internal/app/integrated_editor.go:160.57,162.5 1 0
github.com/Kyanite/noise/internal/app/integrated_editor.go:166.2,167.12 2 0
github.com/Kyanite/noise/internal/app/integrated_editor.go:171.71,176.16 3 0
github.com/Kyanite/noise/internal/app/integrated_editor.go:176.16,178.3 1 0
github.com/Kyanite/noise/internal/app/integrated_editor.go:178.8,179.34 1 0
github.com/Kyanite/noise/internal/app/integrated_editor.go:179.34,180.58 1 0
github.com/Kyanite/noise/internal/app/integrated_editor.go:180.58,182.5 1 0
github.com/Kyanite/noise/internal/app/integrated_editor.go:187.2,187.29 1 0
github.com/Kyanite/noise/internal/app/integrated_editor.go:187.29,190.17 3 0
github.com/Kyanite/noise/internal/app/integrated_editor.go:190.17,192.4 1 0
github.com/Kyanite/noise/internal/app/integrated_editor.go:192.9,193.33 1 0
github.com/Kyanite/noise/internal/app/integrated_editor.go:193.33,196.40 2 0
github.com/Kyanite/noise/internal/app/integrated_editor.go:196.40,197.36 1 0
github.com/Kyanite/noise/internal/app/integrated_editor.go:197.36,199.12 2 0
github.com/Kyanite/noise/internal/app/integrated_editor.go:203.5,203.15 1 0
github.com/Kyanite/noise/internal/app/integrated_editor.go:203.15,205.6 1 0
github.com/Kyanite/noise/internal/app/integrated_editor.go:210.2,210.19 1 0
github.com/Kyanite/noise/internal/app/integrated_editor.go:214.71,215.20 1 0
github.com/Kyanite/noise/internal/app/integrated_editor.go:215.20,217.3 1 0
github.com/Kyanite/noise/internal/app/integrated_editor.go:219.2,220.16 2 0
github.com/Kyanite/noise/internal/app/integrated_editor.go:220.16,222.3 1 0
github.com/Kyanite/noise/internal/app/integrated_editor.go:224.2,224.35 1 0
github.com/Kyanite/noise/internal/app/integrated_editor.go:228.81,229.17 1 0
github.com/Kyanite/noise/internal/app/integrated_editor.go:229.17,231.3 1 0
github.com/Kyanite/noise/internal/app/integrated_editor.go:232.2,232.20 1 0
github.com/Kyanite/noise/internal/app/integrated_editor.go:232.20,234.3 1 0
github.com/Kyanite/noise/internal/app/integrated_editor.go:236.2,237.16 2 0
github.com/Kyanite/noise/internal/app/integrated_editor.go:237.16,239.3 1 0
github.com/Kyanite/noise/internal/app/integrated_editor.go:241.2,242.44 2 0
github.com/Kyanite/noise/internal/app/integrated_editor.go:246.83,247.20 1 0
github.com/Kyanite/noise/internal/app/integrated_editor.go:247.20,249.3 1 0
github.com/Kyanite/noise/internal/app/integrated_editor.go:251.2,257.16 3 0
github.com/Kyanite/noise/internal/app/integrated_editor.go:257.16,259.3 1 0
github.com/Kyanite/noise/internal/app/integrated_editor.go:260.2,263.60 2 0
github.com/Kyanite/noise/internal/app/integrated_editor.go:263.60,266.3 2 0
github.com/Kyanite/noise/internal/app/integrated_editor.go:269.2,269.29 1 0
github.com/Kyanite/noise/internal/app/integrated_editor.go:269.29,270.89 1 0
github.com/Kyanite/noise/internal/app/integrated_editor.go:270.89,273.4 2 0
github.com/Kyanite/noise/internal/app/integrated_editor.go:276.2,276.18 1 0
github.com/Kyanite/noise/internal/app/integrated_editor.go:290.79,293.39 2 0
github.com/Kyanite/noise/internal/app/integrated_editor.go:293.39,297.3 2 0
github.com/Kyanite/noise/internal/app/integrated_editor.go:300.2,301.16 2 0
github.com/Kyanite/noise/internal/app/integrated_editor.go:301.16,303.3 1 0
github.com/Kyanite/noise/internal/app/integrated_editor.go:306.2,307.12 2 0
github.com/Kyanite/noise/internal/app/integrated_editor.go:311.80,319.2 6 0
github.com/Kyanite/noise/internal/app/theory.go:53.40,56.68 2 1
github.com/Kyanite/noise/internal/app/theory.go:56.69,59.3 0 1
github.com/Kyanite/noise/internal/app/theory.go:61.2,63.3 1 1
github.com/Kyanite/noise/internal/app/theory.go:67.82,69.16 2 0
github.com/Kyanite/noise/internal/app/theory.go:69.16,71.3 1 0
github.com/Kyanite/noise/internal/app/theory.go:72.2,72.29 1 0
github.com/Kyanite/noise/internal/app/theory.go:76.88,97.13 5 0
github.com/Kyanite/noise/internal/app/theory.go:97.13,99.3 1 0
github.com/Kyanite/noise/internal/app/theory.go:102.2,106.29 3 0
github.com/Kyanite/noise/internal/app/theory.go:106.29,107.55 1 0
github.com/Kyanite/noise/internal/app/theory.go:107.55,109.9 2 0
github.com/Kyanite/noise/internal/app/theory.go:113.2,113.21 1 0
github.com/Kyanite/noise/internal/app/theory.go:113.21,115.3 1 0
github.com/Kyanite/noise/internal/app/theory.go:118.2,127.35 4 0
github.com/Kyanite/noise/internal/app/theory.go:127.35,131.3 3 0
github.com/Kyanite/noise/internal/app/theory.go:133.2,140.8 2 0
github.com/Kyanite/noise/internal/app/theory.go:144.83,146.16 2 0
github.com/Kyanite/noise/internal/app/theory.go:146.16,148.3 1 0
github.com/Kyanite/noise/internal/app/theory.go:149.2,149.29 1 0
github.com/Kyanite/noise/internal/app/theory.go:153.89,189.13 5 0
github.com/Kyanite/noise/internal/app/theory.go:189.13,191.3 1 0
github.com/Kyanite/noise/internal/app/theory.go:194.2,198.29 3 0
github.com/Kyanite/noise/internal/app/theory.go:198.29,199.19 1 0
github.com/Kyanite/noise/internal/app/theory.go:199.19,201.9 2 0
github.com/Kyanite/noise/internal/app/theory.go:205.2,205.21 1 0
github.com/Kyanite/noise/internal/app/theory.go:205.21,207.3 1 0
github.com/Kyanite/noise/internal/app/theory.go:210.2,220.45 4 0
github.com/Kyanite/noise/internal/app/theory.go:220.45,224.3 3 0
github.com/Kyanite/noise/internal/app/theory.go:226.2,232.8 1 0
github.com/Kyanite/noise/internal/app/theory.go:236.86,238.16 2 0
github.com/Kyanite/noise/internal/app/theory.go:238.16,240.3 1 0
github.com/Kyanite/noise/internal/app/theory.go:241.2,241.36 1 0
github.com/Kyanite/noise/internal/app/theory.go:253.98,287.13 6 0
github.com/Kyanite/noise/internal/app/theory.go:287.13,289.3 1 0
github.com/Kyanite/noise/internal/app/theory.go:292.2,299.8 2 0
github.com/Kyanite/noise/internal/app/theory.go:303.84,321.13 3 0
github.com/Kyanite/noise/internal/app/theory.go:321.13,324.3 1 0
github.com/Kyanite/noise/internal/app/theory.go:326.2,337.38 3 0
github.com/Kyanite/noise/internal/app/theory.go:337.38,338.74 1 0
github.com/Kyanite/noise/internal/app/theory.go:338.74,340.4 1 0
github.com/Kyanite/noise/internal/app/theory.go:340.9,342.4 1 0
github.com/Kyanite/noise/internal/app/theory.go:345.2,345.15 1 0
github.com/Kyanite/noise/internal/app/theory.go:349.77,360.32 6 0
github.com/Kyanite/noise/internal/app/theory.go:360.32,361.22 1 0
github.com/Kyanite/noise/internal/app/theory.go:361.22,366.40 4 0
github.com/Kyanite/noise/internal/app/theory.go:366.40,368.5 1 0
github.com/Kyanite/noise/internal/app/theory.go:370.4,370.40 1 0
github.com/Kyanite/noise/internal/app/theory.go:370.40,372.5 1 0
github.com/Kyanite/noise/internal/app/theory.go:375.4,375.25 1 0
github.com/Kyanite/noise/internal/app/theory.go:375.25,377.5 1 0
github.com/Kyanite/noise/internal/app/theory.go:377.10,377.32 1 0
github.com/Kyanite/noise/internal/app/theory.go:377.32,379.5 1 0
github.com/Kyanite/noise/internal/app/theory.go:382.4,382.19 1 0
github.com/Kyanite/noise/internal/app/theory.go:383.20,384.22 1 0
github.com/Kyanite/noise/internal/app/theory.go:385.20,386.22 1 0
github.com/Kyanite/noise/internal/app/theory.go:387.14,388.20 1 0
github.com/Kyanite/noise/internal/app/theory.go:389.14,390.25 1 0
github.com/Kyanite/noise/internal/app/theory.go:391.12,392.41 1 0
github.com/Kyanite/noise/internal/app/theory.go:392.41,394.6 1 0
github.com/Kyanite/noise/internal/app/theory.go:394.11,394.82 1 0
github.com/Kyanite/noise/internal/app/theory.go:394.82,396.6 1 0
github.com/Kyanite/noise/internal/app/theory.go:400.4,401.18 2 0
github.com/Kyanite/noise/internal/app/theory.go:401.18,404.5 2 0
github.com/Kyanite/noise/internal/app/theory.go:409.2,410.24 2 0
github.com/Kyanite/noise/internal/app/theory.go:410.24,412.3 1 0
github.com/Kyanite/noise/internal/app/theory.go:413.2,416.29 2 0
github.com/Kyanite/noise/internal/app/theory.go:416.29,418.28 2 0
github.com/Kyanite/noise/internal/app/theory.go:418.28,420.4 1 0
github.com/Kyanite/noise/internal/app/theory.go:421.8,423.3 1 0
github.com/Kyanite/noise/internal/app/theory.go:425.2,429.8 1 0
github.com/Kyanite/noise/internal/app/theory.go:433.75,481.16 3 0
github.com/Kyanite/noise/internal/app/theory.go:481.16,483.3 1 0
github.com/Kyanite/noise/internal/app/theory.go:486.2,498.29 3 0
github.com/Kyanite/noise/internal/app/theory.go:498.29,499.28 1 0
github.com/Kyanite/noise/internal/app/theory.go:499.28,502.37 3 0
github.com/Kyanite/noise/internal/app/theory.go:502.37,505.5 2 0
github.com/Kyanite/noise/internal/app/theory.go:506.4,506.26 1 0
github.com/Kyanite/noise/internal/app/theory.go:510.2,510.19 1 0
github.com/Kyanite/noise/internal/app/theory.go:514.56,533.34 3 0
github.com/Kyanite/noise/internal/app/theory.go:533.34,535.17 2 0
github.com/Kyanite/noise/internal/app/theory.go:535.17,538.4 2 0
github.com/Kyanite/noise/internal/app/theory.go:541.2,541.15 1 0
github.com/Kyanite/noise/internal/app/theory.go:545.67,547.52 1 1
github.com/Kyanite/noise/internal/app/theory.go:547.52,549.3 1 1
github.com/Kyanite/noise/internal/app/theory.go:552.2,573.47 3 1
github.com/Kyanite/noise/internal/app/theory.go:573.47,575.3 1 1
github.com/Kyanite/noise/internal/app/theory.go:578.2,578.24 1 0
github.com/Kyanite/noise/internal/app/theory.go:582.66,584.52 1 1
github.com/Kyanite/noise/internal/app/theory.go:584.52,586.3 1 1
github.com/Kyanite/noise/internal/app/theory.go:589.2,593.28 4 1
github.com/Kyanite/noise/internal/app/theory.go:593.28,595.32 2 1
github.com/Kyanite/noise/internal/app/theory.go:595.32,596.21 1 1
github.com/Kyanite/noise/internal/app/theory.go:596.21,598.10 2 1
github.com/Kyanite/noise/internal/app/theory.go:602.3,602.31 1 1
github.com/Kyanite/noise/internal/app/theory.go:602.31,604.4 1 1
github.com/Kyanite/noise/internal/app/theory.go:605.3,605.25 1 1
github.com/Kyanite/noise/internal/app/theory.go:609.2,609.64 1 1
github.com/Kyanite/noise/internal/app/theory.go:609.64,611.3 1 1
github.com/Kyanite/noise/internal/app/theory.go:613.2,613.20 1 1
github.com/Kyanite/noise/internal/app/theory.go:613.20,615.3 1 0
github.com/Kyanite/noise/internal/app/theory.go:617.2,617.23 1 1
github.com/Kyanite/noise/internal/app/theory.go:621.66,623.52 1 1
github.com/Kyanite/noise/internal/app/theory.go:623.52,625.3 1 1
github.com/Kyanite/noise/internal/app/theory.go:628.2,631.29 3 1
github.com/Kyanite/noise/internal/app/theory.go:631.29,634.3 2 1
github.com/Kyanite/noise/internal/app/theory.go:636.2,636.27 1 1
github.com/Kyanite/noise/internal/app/theory.go:640.71,641.52 1 1
github.com/Kyanite/noise/internal/app/theory.go:641.52,643.3 1 1
github.com/Kyanite/noise/internal/app/theory.go:645.2,645.63 1 0
github.com/Kyanite/noise/internal/app/theory.go:649.56,650.52 1 1
github.com/Kyanite/noise/internal/app/theory.go:650.52,652.3 1 1
github.com/Kyanite/noise/internal/app/theory.go:655.2,655.38 1 0
github.com/Kyanite/noise/internal/app/theory.go:659.82,660.52 1 1
github.com/Kyanite/noise/internal/app/theory.go:660.52,662.3 1 1
github.com/Kyanite/noise/internal/app/theory.go:664.2,664.56 1 0
github.com/Kyanite/noise/internal/app/theory.go:668.93,669.52 1 1
github.com/Kyanite/noise/internal/app/theory.go:669.52,671.3 1 1
github.com/Kyanite/noise/internal/app/theory.go:673.2,673.56 1 0
github.com/Kyanite/noise/internal/ui/styles/manager.go:20.58,26.2 1 0
github.com/Kyanite/noise/internal/ui/styles/manager.go:29.50,31.2 1 0
github.com/Kyanite/noise/internal/ui/styles/manager.go:34.58,35.34 1 0
github.com/Kyanite/noise/internal/ui/styles/manager.go:35.34,36.30 1 0
github.com/Kyanite/noise/internal/ui/styles/manager.go:36.30,40.4 3 0
github.com/Kyanite/noise/internal/ui/styles/manager.go:42.2,42.54 1 0
github.com/Kyanite/noise/internal/ui/styles/manager.go:46.58,47.42 1 0
github.com/Kyanite/noise/internal/ui/styles/manager.go:47.42,49.3 1 0
github.com/Kyanite/noise/internal/ui/styles/manager.go:50.2,52.33 3 0
github.com/Kyanite/noise/internal/ui/styles/manager.go:56.43,59.2 2 0
github.com/Kyanite/noise/internal/ui/styles/manager.go:62.47,65.2 2 0
github.com/Kyanite/noise/internal/ui/styles/manager.go:68.48,70.2 1 0
github.com/Kyanite/noise/internal/ui/styles/manager.go:73.50,75.34 2 0
github.com/Kyanite/noise/internal/ui/styles/manager.go:75.34,77.3 1 0
github.com/Kyanite/noise/internal/ui/styles/manager.go:78.2,78.14 1 0
github.com/Kyanite/noise/internal/ui/styles/manager.go:82.54,84.2 1 0
github.com/Kyanite/noise/internal/ui/styles/manager.go:87.38,118.2 18 0
github.com/Kyanite/noise/internal/ui/styles/manager.go:121.53,122.28 1 0
github.com/Kyanite/noise/internal/ui/styles/manager.go:122.28,124.3 1 0
github.com/Kyanite/noise/internal/ui/styles/manager.go:127.2,128.47 2 0
github.com/Kyanite/noise/internal/ui/styles/manager.go:128.47,130.3 1 0
github.com/Kyanite/noise/internal/ui/styles/manager.go:133.2,140.16 3 0
github.com/Kyanite/noise/internal/ui/styles/manager.go:140.16,142.3 1 0
github.com/Kyanite/noise/internal/ui/styles/manager.go:145.2,145.67 1 0
github.com/Kyanite/noise/internal/ui/styles/manager.go:145.67,147.3 1 0
github.com/Kyanite/noise/internal/ui/styles/manager.go:149.2,149.12 1 0
github.com/Kyanite/noise/internal/ui/styles/manager.go:153.53,154.28 1 0
github.com/Kyanite/noise/internal/ui/styles/manager.go:154.28,156.3 1 0
github.com/Kyanite/noise/internal/ui/styles/manager.go:159.2,159.61 1 0
github.com/Kyanite/noise/internal/ui/styles/manager.go:159.61,161.3 1 0
github.com/Kyanite/noise/internal/ui/styles/manager.go:164.2,165.16 2 0
github.com/Kyanite/noise/internal/ui/styles/manager.go:165.16,167.3 1 0
github.com/Kyanite/noise/internal/ui/styles/manager.go:170.2,171.52 2 0
github.com/Kyanite/noise/internal/ui/styles/manager.go:171.52,173.3 1 0
github.com/Kyanite/noise/internal/ui/styles/manager.go:176.2,176.26 1 0
github.com/Kyanite/noise/internal/ui/styles/manager.go:176.26,177.53 1 0
github.com/Kyanite/noise/internal/ui/styles/manager.go:177.53,179.64 1 0
github.com/Kyanite/noise/internal/ui/styles/manager.go:179.64,181.5 1 0
github.com/Kyanite/noise/internal/ui/styles/manager.go:185.2,185.12 1 0
github.com/Kyanite/noise/internal/ui/styles/manager.go:195.21,247.2 34 0
github.com/Kyanite/noise/internal/ui/styles/manager.go:250.32,252.49 1 0
github.com/Kyanite/noise/internal/ui/styles/manager.go:252.49,256.3 2 0
github.com/Kyanite/noise/internal/ui/styles/manager.go:259.2,259.17 1 0
github.com/Kyanite/noise/internal/ui/styles/theme.go:277.60,282.33 4 0
github.com/Kyanite/noise/internal/ui/styles/theme.go:282.33,283.18 1 0
github.com/Kyanite/noise/internal/ui/styles/theme.go:283.18,285.12 2 0
github.com/Kyanite/noise/internal/ui/styles/theme.go:287.3,288.29 2 0
github.com/Kyanite/noise/internal/ui/styles/theme.go:288.29,290.4 1 0
github.com/Kyanite/noise/internal/ui/styles/theme.go:291.3,292.39 2 0
github.com/Kyanite/noise/internal/ui/styles/theme.go:295.2,295.15 1 0
github.com/Kyanite/noise/internal/ui/styles/theme.go:299.40,307.2 2 0
github.com/Kyanite/noise/internal/ui/styles/theme.go:310.62,317.2 1 0
github.com/Kyanite/noise/internal/ui/styles/theme.go:320.71,323.14 3 0
github.com/Kyanite/noise/internal/ui/styles/theme.go:323.14,326.3 2 0
github.com/Kyanite/noise/internal/ui/styles/theme.go:327.2,327.62 1 0
github.com/Kyanite/noise/internal/ui/styles/theme.go:331.41,333.2 1 0
github.com/Kyanite/noise/internal/plugins/manager.go:47.77,60.2 1 1
github.com/Kyanite/noise/internal/plugins/manager.go:63.46,67.35 3 1
github.com/Kyanite/noise/internal/plugins/manager.go:67.35,68.51 1 1
github.com/Kyanite/noise/internal/plugins/manager.go:68.51,70.4 1 0
github.com/Kyanite/noise/internal/plugins/manager.go:74.2,74.36 1 1
github.com/Kyanite/noise/internal/plugins/manager.go:74.36,75.52 1 0
github.com/Kyanite/noise/internal/plugins/manager.go:75.52,78.12 3 0
github.com/Kyanite/noise/internal/plugins/manager.go:82.3,82.38 1 0
github.com/Kyanite/noise/internal/plugins/manager.go:85.2,86.12 2 1
github.com/Kyanite/noise/internal/plugins/manager.go:90.63,92.48 1 1
github.com/Kyanite/noise/internal/plugins/manager.go:92.48,94.3 1 1
github.com/Kyanite/noise/internal/plugins/manager.go:97.2,97.59 1 1
github.com/Kyanite/noise/internal/plugins/manager.go:97.59,100.3 2 1
github.com/Kyanite/noise/internal/plugins/manager.go:102.2,102.81 1 0
github.com/Kyanite/noise/internal/plugins/manager.go:102.81,103.17 1 0
github.com/Kyanite/noise/internal/plugins/manager.go:103.17,105.4 1 0
github.com/Kyanite/noise/internal/plugins/manager.go:108.3,108.34 1 0
github.com/Kyanite/noise/internal/plugins/manager.go:108.34,110.4 1 0
github.com/Kyanite/noise/internal/plugins/manager.go:110.9,110.43 1 0
github.com/Kyanite/noise/internal/plugins/manager.go:110.43,112.4 1 0
github.com/Kyanite/noise/internal/plugins/manager.go:114.3,114.13 1 0
github.com/Kyanite/noise/internal/plugins/manager.go:119.64,125.57 2 1
github.com/Kyanite/noise/internal/plugins/manager.go:125.57,127.3 1 1
github.com/Kyanite/noise/internal/plugins/manager.go:129.2,129.43 1 0
github.com/Kyanite/noise/internal/plugins/manager.go:133.72,135.68 1 1
github.com/Kyanite/noise/internal/plugins/manager.go:135.68,137.3 1 1
github.com/Kyanite/noise/internal/plugins/manager.go:139.2,140.16 2 0
github.com/Kyanite/noise/internal/plugins/manager.go:140.16,142.3 1 0
github.com/Kyanite/noise/internal/plugins/manager.go:144.2,145.56 2 0
github.com/Kyanite/noise/internal/plugins/manager.go:145.56,147.3 1 0
github.com/Kyanite/noise/internal/plugins/manager.go:150.2,150.69 1 0
github.com/Kyanite/noise/internal/plugins/manager.go:150.69,152.3 1 0
github.com/Kyanite/noise/internal/plugins/manager.go:155.2,160.61 2 0
github.com/Kyanite/noise/internal/plugins/manager.go:160.61,162.3 1 0
github.com/Kyanite/noise/internal/plugins/manager.go:164.2,167.12 3 0
github.com/Kyanite/noise/internal/plugins/manager.go:171.59,179.2 2 1
github.com/Kyanite/noise/internal/plugins/manager.go:182.62,187.51 2 1
github.com/Kyanite/noise/internal/plugins/manager.go:187.51,189.3 1 1
github.com/Kyanite/noise/internal/plugins/manager.go:193.63,198.13 4 1
github.com/Kyanite/noise/internal/plugins/manager.go:198.13,200.3 1 1
github.com/Kyanite/noise/internal/plugins/manager.go:202.2,202.15 1 1
github.com/Kyanite/noise/internal/plugins/manager.go:206.57,211.31 4 1
github.com/Kyanite/noise/internal/plugins/manager.go:211.31,213.3 1 0
github.com/Kyanite/noise/internal/plugins/manager.go:215.2,215.15 1 1
github.com/Kyanite/noise/internal/plugins/manager.go:219.81,224.30 4 1
github.com/Kyanite/noise/internal/plugins/manager.go:224.30,225.49 1 0
github.com/Kyanite/noise/internal/plugins/manager.go:225.49,226.25 1 0
github.com/Kyanite/noise/internal/plugins/manager.go:226.25,228.10 2 0
github.com/Kyanite/noise/internal/plugins/manager.go:233.2,233.15 1 1
github.com/Kyanite/noise/internal/plugins/manager.go:237.56,242.13 4 1
github.com/Kyanite/noise/internal/plugins/manager.go:242.13,244.3 1 1
github.com/Kyanite/noise/internal/plugins/manager.go:246.2,246.35 1 0
github.com/Kyanite/noise/internal/plugins/manager.go:246.35,248.3 1 0
github.com/Kyanite/noise/internal/plugins/manager.go:250.2,251.12 2 0
github.com/Kyanite/noise/internal/plugins/manager.go:255.57,260.15 4 1
github.com/Kyanite/noise/internal/plugins/manager.go:260.15,262.3 1 1
github.com/Kyanite/noise/internal/plugins/manager.go:264.2,264.36 1 0
github.com/Kyanite/noise/internal/plugins/manager.go:264.36,266.3 1 0
github.com/Kyanite/noise/internal/plugins/manager.go:268.2,269.12 2 0
github.com/Kyanite/noise/internal/plugins/manager.go:273.56,278.13 4 1
github.com/Kyanite/noise/internal/plugins/manager.go:278.13,280.3 1 1
github.com/Kyanite/noise/internal/plugins/manager.go:283.2,283.19 1 0
github.com/Kyanite/noise/internal/plugins/manager.go:283.19,284.37 1 0
github.com/Kyanite/noise/internal/plugins/manager.go:284.37,286.4 1 0
github.com/Kyanite/noise/internal/plugins/manager.go:290.2,290.36 1 0
github.com/Kyanite/noise/internal/plugins/manager.go:290.36,292.3 1 0
github.com/Kyanite/noise/internal/plugins/manager.go:294.2,296.12 3 0
github.com/Kyanite/noise/internal/plugins/manager.go:300.83,306.2 4 1
github.com/Kyanite/noise/internal/plugins/manager.go:309.73,313.42 3 1
github.com/Kyanite/noise/internal/plugins/manager.go:313.42,314.36 1 1
github.com/Kyanite/noise/internal/plugins/manager.go:314.36,315.47 1 1
github.com/Kyanite/noise/internal/plugins/manager.go:315.47,318.5 1 1
github.com/Kyanite/noise/internal/plugins/manager.go:322.2,322.12 1 1
github.com/Kyanite/noise/internal/plugins/manager.go:326.53,333.2 5 1
github.com/Kyanite/noise/internal/plugins/manager.go:336.57,341.36 4 1
github.com/Kyanite/noise/internal/plugins/manager.go:341.36,343.3 1 1
github.com/Kyanite/noise/internal/plugins/manager.go:345.2,345.15 1 1
github.com/Kyanite/noise/internal/plugins/manager.go:349.57,356.2 5 1
github.com/Kyanite/noise/internal/plugins/manager.go:359.61,366.2 5 1
github.com/Kyanite/noise/internal/plugins/manager.go:369.56,371.16 2 1
github.com/Kyanite/noise/internal/plugins/manager.go:371.16,373.3 1 0
github.com/Kyanite/noise/internal/plugins/manager.go:375.2,379.3 1 1
github.com/Kyanite/noise/internal/plugins/manager.go:388.49,390.2 1 1
github.com/Kyanite/noise/internal/plugins/manager.go:392.59,395.2 2 1
github.com/Kyanite/noise/internal/plugins/manager.go:397.38,399.2 1 1
github.com/Kyanite/noise/internal/plugins/manager.go:401.37,404.2 2 1
github.com/Kyanite/noise/internal/plugins/manager.go:406.38,409.2 2 1
github.com/Kyanite/noise/internal/plugins/manager.go:411.39,413.2 1 1
github.com/Kyanite/noise/internal/plugins/security.go:29.66,52.2 1 1
github.com/Kyanite/noise/internal/plugins/security.go:55.66,58.16 2 1
github.com/Kyanite/noise/internal/plugins/security.go:58.16,60.3 1 0
github.com/Kyanite/noise/internal/plugins/security.go:63.2,63.42 1 1
github.com/Kyanite/noise/internal/plugins/security.go:63.42,64.42 1 1
github.com/Kyanite/noise/internal/plugins/security.go:64.42,66.4 1 1
github.com/Kyanite/noise/internal/plugins/security.go:70.2,71.46 2 0
github.com/Kyanite/noise/internal/plugins/security.go:71.46,73.17 2 0
github.com/Kyanite/noise/internal/plugins/security.go:73.17,74.12 1 0
github.com/Kyanite/noise/internal/plugins/security.go:76.3,76.45 1 0
github.com/Kyanite/noise/internal/plugins/security.go:76.45,78.9 2 0
github.com/Kyanite/noise/internal/plugins/security.go:82.2,82.14 1 0
github.com/Kyanite/noise/internal/plugins/security.go:82.14,84.3 1 0
github.com/Kyanite/noise/internal/plugins/security.go:86.2,86.12 1 0
github.com/Kyanite/noise/internal/plugins/security.go:90.66,94.44 3 1
github.com/Kyanite/noise/internal/plugins/security.go:94.44,95.24 1 1
github.com/Kyanite/noise/internal/plugins/security.go:95.24,97.9 2 1
github.com/Kyanite/noise/internal/plugins/security.go:100.2,100.14 1 1
github.com/Kyanite/noise/internal/plugins/security.go:100.14,102.3 1 1
github.com/Kyanite/noise/internal/plugins/security.go:105.2,106.16 2 1
github.com/Kyanite/noise/internal/plugins/security.go:106.16,108.3 1 0
github.com/Kyanite/noise/internal/plugins/security.go:110.2,110.34 1 1
github.com/Kyanite/noise/internal/plugins/security.go:110.34,112.3 1 1
github.com/Kyanite/noise/internal/plugins/security.go:115.2,115.35 1 1
github.com/Kyanite/noise/internal/plugins/security.go:115.35,117.3 1 1
github.com/Kyanite/noise/internal/plugins/security.go:119.2,119.12 1 0
github.com/Kyanite/noise/internal/plugins/security.go:123.83,125.23 1 1
github.com/Kyanite/noise/internal/plugins/security.go:125.23,127.3 1 1
github.com/Kyanite/noise/internal/plugins/security.go:129.2,129.25 1 1
github.com/Kyanite/noise/internal/plugins/security.go:129.25,131.3 1 1
github.com/Kyanite/noise/internal/plugins/security.go:133.2,133.28 1 1
github.com/Kyanite/noise/internal/plugins/security.go:133.28,135.3 1 1
github.com/Kyanite/noise/internal/plugins/security.go:138.2,138.53 1 1
github.com/Kyanite/noise/internal/plugins/security.go:138.53,140.3 1 1
github.com/Kyanite/noise/internal/plugins/security.go:143.2,149.45 3 1
github.com/Kyanite/noise/internal/plugins/security.go:149.45,150.43 1 1
github.com/Kyanite/noise/internal/plugins/security.go:150.43,152.4 1 1
github.com/Kyanite/noise/internal/plugins/security.go:156.2,156.51 1 1
github.com/Kyanite/noise/internal/plugins/security.go:156.51,157.40 1 1
github.com/Kyanite/noise/internal/plugins/security.go:157.40,159.4 1 1
github.com/Kyanite/noise/internal/plugins/security.go:162.2,162.12 1 1
github.com/Kyanite/noise/internal/plugins/security.go:166.74,185.2 2 1
github.com/Kyanite/noise/internal/plugins/security.go:188.77,190.16 2 1
github.com/Kyanite/noise/internal/plugins/security.go:190.16,192.3 1 1
github.com/Kyanite/noise/internal/plugins/security.go:193.2,196.47 3 1
github.com/Kyanite/noise/internal/plugins/security.go:196.47,198.3 1 0
github.com/Kyanite/noise/internal/plugins/security.go:200.2,200.46 1 1
github.com/Kyanite/noise/internal/plugins/security.go:204.69,206.16 2 1
github.com/Kyanite/noise/internal/plugins/security.go:206.16,208.3 1 1
github.com/Kyanite/noise/internal/plugins/security.go:212.2,214.12 2 1
github.com/Kyanite/noise/internal/plugins/security.go:218.63,228.69 2 1
github.com/Kyanite/noise/internal/plugins/security.go:228.69,230.3 1 1
github.com/Kyanite/noise/internal/plugins/security.go:232.2,232.12 1 1
github.com/Kyanite/noise/internal/plugins/security.go:236.63,239.44 2 1
github.com/Kyanite/noise/internal/plugins/security.go:239.44,240.63 1 1
github.com/Kyanite/noise/internal/plugins/security.go:240.63,242.4 1 0
github.com/Kyanite/noise/internal/plugins/security.go:245.2,245.16 1 1
github.com/Kyanite/noise/internal/plugins/security.go:249.79,250.81 1 1
github.com/Kyanite/noise/internal/plugins/security.go:250.81,251.17 1 1
github.com/Kyanite/noise/internal/plugins/security.go:251.17,253.4 1 1
github.com/Kyanite/noise/internal/plugins/security.go:256.3,263.46 4 1
github.com/Kyanite/noise/internal/plugins/security.go:263.46,264.51 1 1
github.com/Kyanite/noise/internal/plugins/security.go:264.51,266.10 2 1
github.com/Kyanite/noise/internal/plugins/security.go:271.3,271.40 1 1
github.com/Kyanite/noise/internal/plugins/security.go:271.40,273.4 1 1
github.com/Kyanite/noise/internal/plugins/security.go:276.3,278.44 1 1
github.com/Kyanite/noise/internal/plugins/security.go:278.44,280.4 1 1
github.com/Kyanite/noise/internal/plugins/security.go:282.3,282.13 1 1
github.com/Kyanite/noise/internal/plugins/security.go:287.76,290.44 2 1
github.com/Kyanite/noise/internal/plugins/security.go:290.44,291.88 1 1
github.com/Kyanite/noise/internal/plugins/security.go:291.88,292.18 1 1
github.com/Kyanite/noise/internal/plugins/security.go:292.18,294.5 1 1
github.com/Kyanite/noise/internal/plugins/security.go:297.4,297.20 1 1
github.com/Kyanite/noise/internal/plugins/security.go:297.20,299.5 1 1
github.com/Kyanite/noise/internal/plugins/security.go:302.4,302.37 1 1
github.com/Kyanite/noise/internal/plugins/security.go:302.37,304.43 2 1
github.com/Kyanite/noise/internal/plugins/security.go:304.43,306.6 1 0
github.com/Kyanite/noise/internal/plugins/security.go:309.4,309.14 1 1
github.com/Kyanite/noise/internal/plugins/security.go:312.3,312.17 1 1
github.com/Kyanite/noise/internal/plugins/security.go:312.17,314.4 1 0
github.com/Kyanite/noise/internal/plugins/security.go:317.2,317.12 1 1
github.com/Kyanite/noise/internal/plugins/security.go:321.92,330.33 6 1
github.com/Kyanite/noise/internal/plugins/security.go:330.33,336.28 3 0
github.com/Kyanite/noise/internal/plugins/security.go:336.28,338.4 1 0
github.com/Kyanite/noise/internal/plugins/security.go:340.3,340.104 1 0
github.com/Kyanite/noise/internal/plugins/security.go:340.104,344.4 1 0
github.com/Kyanite/noise/internal/plugins/security.go:346.3,346.15 1 0
github.com/Kyanite/noise/internal/plugins/security.go:346.15,348.4 1 0
github.com/Kyanite/noise/internal/plugins/security.go:348.9,350.4 1 0
github.com/Kyanite/noise/internal/plugins/security.go:354.3,354.20 1 0
github.com/Kyanite/noise/internal/plugins/security.go:357.2,362.15 5 1
github.com/Kyanite/noise/internal/plugins/settings.go:27.73,34.2 1 1
github.com/Kyanite/noise/internal/plugins/settings.go:37.46,39.2 1 1
github.com/Kyanite/noise/internal/plugins/settings.go:42.72,43.27 1 1
github.com/Kyanite/noise/internal/plugins/settings.go:44.18,45.23 1 1
github.com/Kyanite/noise/internal/plugins/settings.go:46.18,47.28 1 1
github.com/Kyanite/noise/internal/plugins/settings.go:47.28,49.5 1 1
github.com/Kyanite/noise/internal/plugins/settings.go:50.20,51.50 1 1
github.com/Kyanite/noise/internal/plugins/settings.go:51.50,53.5 1 0
github.com/Kyanite/noise/internal/plugins/settings.go:54.16,55.22 1 1
github.com/Kyanite/noise/internal/plugins/settings.go:55.22,57.42 2 1
github.com/Kyanite/noise/internal/plugins/settings.go:57.42,58.35 1 0
github.com/Kyanite/noise/internal/plugins/settings.go:58.35,59.32 1 0
github.com/Kyanite/noise/internal/plugins/settings.go:59.32,61.13 2 0
github.com/Kyanite/noise/internal/plugins/settings.go:63.7,63.25 1 0
github.com/Kyanite/noise/internal/plugins/settings.go:65.6,66.26 2 0
github.com/Kyanite/noise/internal/plugins/settings.go:68.10,71.42 2 1
github.com/Kyanite/noise/internal/plugins/settings.go:71.42,74.28 3 0
github.com/Kyanite/noise/internal/plugins/settings.go:74.28,75.65 1 0
github.com/Kyanite/noise/internal/plugins/settings.go:75.65,78.8 1 0
github.com/Kyanite/noise/internal/plugins/settings.go:79.12,80.64 1 0
github.com/Kyanite/noise/internal/plugins/settings.go:80.64,83.8 1 0
github.com/Kyanite/noise/internal/plugins/settings.go:87.12,88.21 1 1
github.com/Kyanite/noise/internal/plugins/settings.go:88.21,92.5 2 1
github.com/Kyanite/noise/internal/plugins/settings.go:93.14,94.21 1 1
github.com/Kyanite/noise/internal/plugins/settings.go:94.21,97.5 2 1
github.com/Kyanite/noise/internal/plugins/settings.go:99.25,101.24 2 1
github.com/Kyanite/noise/internal/plugins/settings.go:104.2,104.15 1 1
github.com/Kyanite/noise/internal/plugins/settings.go:108.45,111.23 2 1
github.com/Kyanite/noise/internal/plugins/settings.go:111.23,113.3 1 1
github.com/Kyanite/noise/internal/plugins/settings.go:115.2,115.44 1 0
github.com/Kyanite/noise/internal/plugins/settings.go:115.44,117.3 1 0
github.com/Kyanite/noise/internal/plugins/settings.go:119.2,119.29 1 0
github.com/Kyanite/noise/internal/plugins/settings.go:123.57,138.2 6 1
github.com/Kyanite/noise/internal/plugins/settings.go:141.57,151.28 7 1
github.com/Kyanite/noise/internal/plugins/settings.go:151.28,154.3 2 0
github.com/Kyanite/noise/internal/plugins/settings.go:156.2,156.53 1 1
github.com/Kyanite/noise/internal/plugins/settings.go:156.53,161.28 4 0
github.com/Kyanite/noise/internal/plugins/settings.go:161.28,163.4 1 0
github.com/Kyanite/noise/internal/plugins/settings.go:163.9,165.4 1 0
github.com/Kyanite/noise/internal/plugins/settings.go:167.3,169.25 3 0
github.com/Kyanite/noise/internal/plugins/settings.go:169.25,172.4 2 0
github.com/Kyanite/noise/internal/plugins/settings.go:174.3,181.49 3 0
github.com/Kyanite/noise/internal/plugins/settings.go:185.2,192.25 3 1
github.com/Kyanite/noise/internal/plugins/settings.go:196.60,200.16 3 1
github.com/Kyanite/noise/internal/plugins/settings.go:200.16,202.3 1 1
github.com/Kyanite/noise/internal/plugins/settings.go:204.2,231.36 6 0
github.com/Kyanite/noise/internal/plugins/settings.go:231.36,238.3 3 0
github.com/Kyanite/noise/internal/plugins/settings.go:241.2,252.25 5 0
github.com/Kyanite/noise/internal/plugins/settings.go:256.73,260.13 3 1
github.com/Kyanite/noise/internal/plugins/settings.go:260.13,262.3 1 1
github.com/Kyanite/noise/internal/plugins/settings.go:262.8,264.3 1 1
github.com/Kyanite/noise/internal/plugins/settings.go:266.2,269.47 1 1
github.com/Kyanite/noise/internal/plugins/settings.go:273.86,275.35 2 1
github.com/Kyanite/noise/internal/plugins/settings.go:275.35,277.3 1 1
github.com/Kyanite/noise/internal/plugins/settings.go:278.2,278.18 1 1
github.com/Kyanite/noise/internal/plugins/settings.go:282.55,286.26 3 1
github.com/Kyanite/noise/internal/plugins/settings.go:286.26,288.3 1 0
github.com/Kyanite/noise/internal/plugins/settings.go:290.2,290.12 1 1
github.com/Kyanite/noise/internal/plugins/settings.go:294.64,296.2 1 1
github.com/Kyanite/noise/internal/plugins/settings.go:298.58,300.2 1 1
github.com/Kyanite/noise/internal/plugins/settings.go:303.40,305.2 0 1
github.com/Kyanite/noise/internal/plugins/settings.go:308.39,310.2 0 1
github.com/Kyanite/noise/internal/plugins/test_infrastructure.go:19.60,22.16 3 1
github.com/Kyanite/noise/internal/plugins/test_infrastructure.go:22.16,24.3 1 0
github.com/Kyanite/noise/internal/plugins/test_infrastructure.go:26.2,26.32 1 1
github.com/Kyanite/noise/internal/plugins/test_infrastructure.go:30.57,32.16 2 1
github.com/Kyanite/noise/internal/plugins/test_infrastructure.go:32.16,34.3 1 0
github.com/Kyanite/noise/internal/plugins/test_infrastructure.go:36.2,36.35 1 1
github.com/Kyanite/noise/internal/plugins/test_infrastructure.go:40.47,42.16 2 1
github.com/Kyanite/noise/internal/plugins/test_infrastructure.go:42.16,44.3 1 0
github.com/Kyanite/noise/internal/plugins/test_infrastructure.go:45.2,45.12 1 1
github.com/Kyanite/noise/internal/plugins/test_infrastructure.go:49.53,50.42 1 1
github.com/Kyanite/noise/internal/plugins/test_infrastructure.go:50.42,52.3 1 0
github.com/Kyanite/noise/internal/plugins/test_infrastructure.go:56.90,57.21 1 1
github.com/Kyanite/noise/internal/plugins/test_infrastructure.go:57.21,70.3 1 1
github.com/Kyanite/noise/internal/plugins/test_infrastructure.go:72.2,73.16 2 1
github.com/Kyanite/noise/internal/plugins/test_infrastructure.go:73.16,75.3 1 0
github.com/Kyanite/noise/internal/plugins/test_infrastructure.go:77.2,78.63 2 1
github.com/Kyanite/noise/internal/plugins/test_infrastructure.go:78.63,80.3 1 1
github.com/Kyanite/noise/internal/plugins/test_infrastructure.go:82.2,82.21 1 1
github.com/Kyanite/noise/internal/plugins/test_infrastructure.go:86.91,89.23 2 1
github.com/Kyanite/noise/internal/plugins/test_infrastructure.go:90.32,102.4 1 1
github.com/Kyanite/noise/internal/plugins/test_infrastructure.go:103.20,115.4 1 1
github.com/Kyanite/noise/internal/plugins/test_infrastructure.go:116.24,128.4 1 0
github.com/Kyanite/noise/internal/plugins/test_infrastructure.go:129.28,142.4 1 0
github.com/Kyanite/noise/internal/plugins/test_infrastructure.go:143.10,144.63 1 0
github.com/Kyanite/noise/internal/plugins/test_infrastructure.go:147.2,147.51 1 1
github.com/Kyanite/noise/internal/plugins/test_infrastructure.go:151.79,153.70 2 1
github.com/Kyanite/noise/internal/plugins/test_infrastructure.go:153.70,155.3 1 0
github.com/Kyanite/noise/internal/plugins/test_infrastructure.go:156.2,156.17 1 1
github.com/Kyanite/noise/internal/plugins/test_infrastructure.go:160.83,164.16 3 1
github.com/Kyanite/noise/internal/plugins/test_infrastructure.go:164.16,166.3 1 0
github.com/Kyanite/noise/internal/plugins/test_infrastructure.go:167.2,171.33 3 1
github.com/Kyanite/noise/internal/plugins/test_infrastructure.go:171.33,173.3 1 1
github.com/Kyanite/noise/internal/plugins/test_infrastructure.go:175.2,176.21 2 1
github.com/Kyanite/noise/internal/plugins/test_infrastructure.go:176.21,178.17 2 1
github.com/Kyanite/noise/internal/plugins/test_infrastructure.go:178.17,180.4 1 0
github.com/Kyanite/noise/internal/plugins/test_infrastructure.go:181.3,181.22 1 1
github.com/Kyanite/noise/internal/plugins/test_infrastructure.go:184.2,184.17 1 1
github.com/Kyanite/noise/internal/plugins/test_infrastructure.go:188.63,205.39 3 1
github.com/Kyanite/noise/internal/plugins/test_infrastructure.go:205.39,207.84 2 1
github.com/Kyanite/noise/internal/plugins/test_infrastructure.go:207.84,209.4 1 0
github.com/Kyanite/noise/internal/plugins/test_infrastructure.go:210.3,210.34 1 1
github.com/Kyanite/noise/internal/plugins/test_infrastructure.go:214.2,215.76 2 1
github.com/Kyanite/noise/internal/plugins/test_infrastructure.go:215.76,217.3 1 0
github.com/Kyanite/noise/internal/plugins/test_infrastructure.go:218.2,222.35 3 1
github.com/Kyanite/noise/internal/plugins/test_infrastructure.go:222.35,224.95 2 1
github.com/Kyanite/noise/internal/plugins/test_infrastructure.go:224.95,226.4 1 0
github.com/Kyanite/noise/internal/plugins/test_infrastructure.go:227.3,227.34 1 1
github.com/Kyanite/noise/internal/plugins/test_infrastructure.go:230.2,230.14 1 1
github.com/Kyanite/noise/internal/plugins/test_infrastructure.go:234.62,236.16 2 0
github.com/Kyanite/noise/internal/plugins/test_infrastructure.go:236.16,238.3 1 0
github.com/Kyanite/noise/internal/plugins/test_infrastructure.go:239.2,242.47 3 0
github.com/Kyanite/noise/internal/plugins/test_infrastructure.go:242.47,244.3 1 0
github.com/Kyanite/noise/internal/plugins/test_infrastructure.go:246.2,246.41 1 0
github.com/Kyanite/noise/internal/plugins/test_infrastructure.go:250.66,267.2 1 1
github.com/Kyanite/noise/internal/plugins/test_infrastructure.go:270.82,290.2 1 1
github.com/Kyanite/noise/internal/plugins/test_infrastructure.go:299.64,300.25 1 1
github.com/Kyanite/noise/internal/plugins/test_infrastructure.go:301.29,304.23 2 1
github.com/Kyanite/noise/internal/plugins/test_infrastructure.go:304.23,306.4 1 1
github.com/Kyanite/noise/internal/plugins/test_infrastructure.go:307.21,310.30 2 0
github.com/Kyanite/noise/internal/plugins/test_infrastructure.go:310.30,311.43 1 0
github.com/Kyanite/noise/internal/plugins/test_infrastructure.go:311.43,313.10 1 0
github.com/Kyanite/noise/internal/plugins/test_infrastructure.go:316.24,319.8 1 1
github.com/Kyanite/noise/internal/plugins/test_infrastructure.go:322.2,322.37 1 1
github.com/Kyanite/noise/internal/plugins/test_infrastructure.go:326.43,327.25 1 1
github.com/Kyanite/noise/internal/plugins/test_infrastructure.go:328.19,331.8 1 1
github.com/Kyanite/noise/internal/plugins/test_infrastructure.go:334.2,334.31 1 1
github.com/Kyanite/noise/internal/plugins/test_infrastructure.go:338.53,349.2 2 1
github.com/Kyanite/noise/internal/plugins/test_infrastructure.go:352.86,353.69 1 0
github.com/Kyanite/noise/internal/plugins/test_infrastructure.go:353.69,355.3 1 0
github.com/Kyanite/noise/internal/plugins/test_infrastructure.go:357.2,357.49 1 0
github.com/Kyanite/noise/internal/plugins/test_infrastructure.go:357.49,359.3 1 0
github.com/Kyanite/noise/internal/plugins/test_infrastructure.go:363.107,365.16 2 0
github.com/Kyanite/noise/internal/plugins/test_infrastructure.go:365.16,368.3 2 0
github.com/Kyanite/noise/internal/plugins/test_infrastructure.go:370.2,370.74 1 0
github.com/Kyanite/noise/internal/plugins/test_infrastructure.go:370.74,372.3 1 0
github.com/Kyanite/noise/internal/plugins/test_infrastructure.go:376.98,391.2 1 1
github.com/Kyanite/noise/internal/plugins/test_infrastructure.go:394.69,397.27 3 0
github.com/Kyanite/noise/internal/plugins/test_infrastructure.go:397.27,398.36 1 0
github.com/Kyanite/noise/internal/plugins/test_infrastructure.go:398.36,400.4 1 0
github.com/Kyanite/noise/tools/release/main.go:78.13,79.22 1 0
github.com/Kyanite/noise/tools/release/main.go:79.22,82.3 2 0
github.com/Kyanite/noise/tools/release/main.go:84.2,85.20 2 0
github.com/Kyanite/noise/tools/release/main.go:86.20,87.34 1 0
github.com/Kyanite/noise/tools/release/main.go:88.33,89.38 1 0
github.com/Kyanite/noise/tools/release/main.go:90.19,91.40 1 0
github.com/Kyanite/noise/tools/release/main.go:92.19,93.42 1 0
github.com/Kyanite/noise/tools/release/main.go:94.26,95.40 1 0
github.com/Kyanite/noise/tools/release/main.go:96.10,98.53 2 0
github.com/Kyanite/noise/tools/release/main.go:101.2,101.16 1 0
github.com/Kyanite/noise/tools/release/main.go:101.16,104.3 2 0
github.com/Kyanite/noise/tools/release/main.go:107.14,120.2 1 0
github.com/Kyanite/noise/tools/release/main.go:122.40,131.39 7 0
github.com/Kyanite/noise/tools/release/main.go:131.39,133.3 1 0
github.com/Kyanite/noise/tools/release/main.go:135.2,135.15 1 0
github.com/Kyanite/noise/tools/release/main.go:135.15,137.3 1 0
github.com/Kyanite/noise/tools/release/main.go:138.2,138.34 1 0
github.com/Kyanite/noise/tools/release/main.go:138.34,140.3 1 0
github.com/Kyanite/noise/tools/release/main.go:141.2,142.16 2 0
github.com/Kyanite/noise/tools/release/main.go:142.16,144.3 1 0
github.com/Kyanite/noise/tools/release/main.go:146.2,146.20 1 0
github.com/Kyanite/noise/tools/release/main.go:146.20,147.40 1 0
github.com/Kyanite/noise/tools/release/main.go:147.40,149.4 1 0
github.com/Kyanite/noise/tools/release/main.go:150.3,151.17 2 0
github.com/Kyanite/noise/tools/release/main.go:151.17,153.4 1 0
github.com/Kyanite/noise/tools/release/main.go:154.3,154.47 1 0
github.com/Kyanite/noise/tools/release/main.go:154.47,156.4 1 0
github.com/Kyanite/noise/tools/release/main.go:159.2,160.12 2 0
github.com/Kyanite/noise/tools/release/main.go:163.44,176.39 11 0
github.com/Kyanite/noise/tools/release/main.go:176.39,178.3 1 0
github.com/Kyanite/noise/tools/release/main.go:180.2,180.19 1 0
github.com/Kyanite/noise/tools/release/main.go:180.19,182.3 1 0
github.com/Kyanite/noise/tools/release/main.go:183.2,183.19 1 0
github.com/Kyanite/noise/tools/release/main.go:183.19,185.3 1 0
github.com/Kyanite/noise/tools/release/main.go:186.2,186.18 1 0
github.com/Kyanite/noise/tools/release/main.go:186.18,188.3 1 0
github.com/Kyanite/noise/tools/release/main.go:189.2,189.14 1 0
github.com/Kyanite/noise/tools/release/main.go:189.14,191.3 1 0
github.com/Kyanite/noise/tools/release/main.go:193.2,194.16 2 0
github.com/Kyanite/noise/tools/release/main.go:194.16,196.3 1 0
github.com/Kyanite/noise/tools/release/main.go:198.2,199.16 2 0
github.com/Kyanite/noise/tools/release/main.go:199.16,201.3 1 0
github.com/Kyanite/noise/tools/release/main.go:203.2,205.56 2 0
github.com/Kyanite/noise/tools/release/main.go:205.56,207.3 1 0
github.com/Kyanite/noise/tools/release/main.go:208.2,208.69 1 0
github.com/Kyanite/noise/tools/release/main.go:208.69,210.3 1 0
github.com/Kyanite/noise/tools/release/main.go:212.2,213.12 2 0
github.com/Kyanite/noise/tools/release/main.go:216.46,229.39 11 0
github.com/Kyanite/noise/tools/release/main.go:229.39,231.3 1 0
github.com/Kyanite/noise/tools/release/main.go:233.2,233.19 1 0
github.com/Kyanite/noise/tools/release/main.go:233.19,235.3 1 0
github.com/Kyanite/noise/tools/release/main.go:236.2,236.21 1 0
github.com/Kyanite/noise/tools/release/main.go:236.21,238.3 1 0
github.com/Kyanite/noise/tools/release/main.go:239.2,239.22 1 0
github.com/Kyanite/noise/tools/release/main.go:239.22,241.3 1 0
github.com/Kyanite/noise/tools/release/main.go:243.2,244.16 2 0
github.com/Kyanite/noise/tools/release/main.go:244.16,246.3 1 0
github.com/Kyanite/noise/tools/release/main.go:247.2,248.17 2 0
github.com/Kyanite/noise/tools/release/main.go:248.17,250.3 1 0
github.com/Kyanite/noise/tools/release/main.go:252.2,254.42 3 0
github.com/Kyanite/noise/tools/release/main.go:254.42,256.3 1 0
github.com/Kyanite/noise/tools/release/main.go:256.8,256.57 1 0
github.com/Kyanite/noise/tools/release/main.go:256.57,258.3 1 0
github.com/Kyanite/noise/tools/release/main.go:260.2,262.16 3 0
github.com/Kyanite/noise/tools/release/main.go:262.16,263.38 1 0
github.com/Kyanite/noise/tools/release/main.go:263.38,265.4 1 0
github.com/Kyanite/noise/tools/release/main.go:266.8,268.3 1 0
github.com/Kyanite/noise/tools/release/main.go:270.2,271.16 2 0
github.com/Kyanite/noise/tools/release/main.go:271.16,273.3 1 0
github.com/Kyanite/noise/tools/release/main.go:275.2,275.60 1 0
github.com/Kyanite/noise/tools/release/main.go:275.60,277.3 1 0
github.com/Kyanite/noise/tools/release/main.go:278.2,278.73 1 0
github.com/Kyanite/noise/tools/release/main.go:278.73,280.3 1 0
github.com/Kyanite/noise/tools/release/main.go:282.2,283.12 2 0
github.com/Kyanite/noise/tools/release/main.go:286.48,297.39 9 0
github.com/Kyanite/noise/tools/release/main.go:297.39,299.3 1 0
github.com/Kyanite/noise/tools/release/main.go:301.2,301.18 1 0
github.com/Kyanite/noise/tools/release/main.go:301.18,303.3 1 0
github.com/Kyanite/noise/tools/release/main.go:304.2,304.27 1 0
github.com/Kyanite/noise/tools/release/main.go:304.27,306.3 1 0
github.com/Kyanite/noise/tools/release/main.go:308.2,309.89 2 0
github.com/Kyanite/noise/tools/release/main.go:309.89,310.17 1 0
github.com/Kyanite/noise/tools/release/main.go:310.17,312.4 1 0
github.com/Kyanite/noise/tools/release/main.go:313.3,313.16 1 0
github.com/Kyanite/noise/tools/release/main.go:313.16,315.4 1 0
github.com/Kyanite/noise/tools/release/main.go:316.3,316.53 1 0
github.com/Kyanite/noise/tools/release/main.go:316.53,318.4 1 0
github.com/Kyanite/noise/tools/release/main.go:319.3,320.13 2 0
github.com/Kyanite/noise/tools/release/main.go:321.17,323.3 1 0
github.com/Kyanite/noise/tools/release/main.go:325.2,328.29 3 0
github.com/Kyanite/noise/tools/release/main.go:328.29,330.17 2 0
github.com/Kyanite/noise/tools/release/main.go:330.17,332.4 1 0
github.com/Kyanite/noise/tools/release/main.go:333.3,334.17 2 0
github.com/Kyanite/noise/tools/release/main.go:334.17,336.4 1 0
github.com/Kyanite/noise/tools/release/main.go:337.3,337.76 1 0
github.com/Kyanite/noise/tools/release/main.go:340.2,340.56 1 0
github.com/Kyanite/noise/tools/release/main.go:340.56,342.3 1 0
github.com/Kyanite/noise/tools/release/main.go:343.2,343.78 1 0
github.com/Kyanite/noise/tools/release/main.go:343.78,345.3 1 0
github.com/Kyanite/noise/tools/release/main.go:347.2,348.12 2 0
github.com/Kyanite/noise/tools/release/main.go:351.46,360.39 7 0
github.com/Kyanite/noise/tools/release/main.go:360.39,362.3 1 0
github.com/Kyanite/noise/tools/release/main.go:364.2,364.24 1 0
github.com/Kyanite/noise/tools/release/main.go:364.24,366.3 1 0
github.com/Kyanite/noise/tools/release/main.go:368.2,369.16 2 0
github.com/Kyanite/noise/tools/release/main.go:369.16,371.3 1 0
github.com/Kyanite/noise/tools/release/main.go:372.2,377.21 5 0
github.com/Kyanite/noise/tools/release/main.go:377.21,380.49 3 0
github.com/Kyanite/noise/tools/release/main.go:380.49,381.12 1 0
github.com/Kyanite/noise/tools/release/main.go:383.3,384.22 2 0
github.com/Kyanite/noise/tools/release/main.go:384.22,386.4 1 0
github.com/Kyanite/noise/tools/release/main.go:387.3,393.17 6 0
github.com/Kyanite/noise/tools/release/main.go:393.17,395.4 1 0
github.com/Kyanite/noise/tools/release/main.go:396.3,396.33 1 0
github.com/Kyanite/noise/tools/release/main.go:396.33,398.4 1 0
github.com/Kyanite/noise/tools/release/main.go:399.3,399.13 1 0
github.com/Kyanite/noise/tools/release/main.go:402.2,402.38 1 0
github.com/Kyanite/noise/tools/release/main.go:402.38,404.3 1 0
github.com/Kyanite/noise/tools/release/main.go:406.2,407.12 2 0
github.com/Kyanite/noise/tools/release/main.go:410.60,411.14 1 0
github.com/Kyanite/noise/tools/release/main.go:411.14,413.3 1 0
github.com/Kyanite/noise/tools/release/main.go:415.2,417.16 3 0
github.com/Kyanite/noise/tools/release/main.go:417.16,419.3 1 0
github.com/Kyanite/noise/tools/release/main.go:419.8,421.3 1 0
github.com/Kyanite/noise/tools/release/main.go:423.2,425.16 3 0
github.com/Kyanite/noise/tools/release/main.go:425.16,427.3 1 0
github.com/Kyanite/noise/tools/release/main.go:429.2,432.33 3 0
github.com/Kyanite/noise/tools/release/main.go:432.33,434.23 2 0
github.com/Kyanite/noise/tools/release/main.go:434.23,435.12 1 0
github.com/Kyanite/noise/tools/release/main.go:438.3,439.23 2 0
github.com/Kyanite/noise/tools/release/main.go:439.23,441.4 1 0
github.com/Kyanite/noise/tools/release/main.go:443.3,462.5 8 0
github.com/Kyanite/noise/tools/release/main.go:465.2,465.21 1 0
github.com/Kyanite/noise/tools/release/main.go:468.73,470.19 2 0
github.com/Kyanite/noise/tools/release/main.go:470.19,472.3 1 0
github.com/Kyanite/noise/tools/release/main.go:474.2,480.50 6 0
github.com/Kyanite/noise/tools/release/main.go:480.50,483.3 2 0
github.com/Kyanite/noise/tools/release/main.go:485.2,485.50 1 0
github.com/Kyanite/noise/tools/release/main.go:485.50,486.57 1 0
github.com/Kyanite/noise/tools/release/main.go:486.57,489.4 2 0
github.com/Kyanite/noise/tools/release/main.go:492.2,492.35 1 0
github.com/Kyanite/noise/tools/release/main.go:492.35,494.3 1 0
github.com/Kyanite/noise/tools/release/main.go:495.2,497.22 3 0
github.com/Kyanite/noise/tools/release/main.go:497.22,499.3 1 0
github.com/Kyanite/noise/tools/release/main.go:501.2,503.17 2 0
github.com/Kyanite/noise/tools/release/main.go:503.17,504.20 1 0
github.com/Kyanite/noise/tools/release/main.go:504.20,506.4 1 0
github.com/Kyanite/noise/tools/release/main.go:506.9,508.4 1 0
github.com/Kyanite/noise/tools/release/main.go:511.2,511.19 1 0
github.com/Kyanite/noise/tools/release/main.go:511.19,513.3 1 0
github.com/Kyanite/noise/tools/release/main.go:515.2,517.29 2 0
github.com/Kyanite/noise/tools/release/main.go:517.29,518.50 1 0
github.com/Kyanite/noise/tools/release/main.go:518.50,520.98 2 0
github.com/Kyanite/noise/tools/release/main.go:520.98,522.72 2 0
github.com/Kyanite/noise/tools/release/main.go:522.72,524.6 1 0
github.com/Kyanite/noise/tools/release/main.go:529.2,529.14 1 0
github.com/Kyanite/noise/tools/release/main.go:529.14,530.25 1 0
github.com/Kyanite/noise/tools/release/main.go:530.25,532.4 1 0
github.com/Kyanite/noise/tools/release/main.go:535.2,535.50 1 0
github.com/Kyanite/noise/tools/release/main.go:538.42,539.20 1 0
github.com/Kyanite/noise/tools/release/main.go:539.20,541.3 1 0
github.com/Kyanite/noise/tools/release/main.go:542.2,544.21 3 0
github.com/Kyanite/noise/tools/release/main.go:544.21,546.3 1 0
github.com/Kyanite/noise/tools/release/main.go:547.2,548.32 2 0
github.com/Kyanite/noise/tools/release/main.go:551.105,557.16 4 0
github.com/Kyanite/noise/tools/release/main.go:557.16,559.3 1 0
github.com/Kyanite/noise/tools/release/main.go:561.2,565.28 4 0
github.com/Kyanite/noise/tools/release/main.go:565.28,567.21 2 0
github.com/Kyanite/noise/tools/release/main.go:567.21,569.4 1 0
github.com/Kyanite/noise/tools/release/main.go:570.3,571.17 2 0
github.com/Kyanite/noise/tools/release/main.go:571.17,573.4 1 0
github.com/Kyanite/noise/tools/release/main.go:574.3,575.17 2 0
github.com/Kyanite/noise/tools/release/main.go:575.17,577.4 1 0
github.com/Kyanite/noise/tools/release/main.go:578.3,578.17 1 0
github.com/Kyanite/noise/tools/release/main.go:578.17,580.4 1 0
github.com/Kyanite/noise/tools/release/main.go:583.2,587.23 4 0
github.com/Kyanite/noise/tools/release/main.go:587.23,589.3 1 0
github.com/Kyanite/noise/tools/release/main.go:591.2,591.30 1 0
github.com/Kyanite/noise/tools/release/main.go:591.30,593.37 2 0
github.com/Kyanite/noise/tools/release/main.go:593.37,595.18 2 0
github.com/Kyanite/noise/tools/release/main.go:595.18,597.5 1 0
github.com/Kyanite/noise/tools/release/main.go:598.4,599.57 1 0
github.com/Kyanite/noise/tools/release/main.go:601.3,601.28 1 0
github.com/Kyanite/noise/tools/release/main.go:604.2,604.41 1 0
github.com/Kyanite/noise/tools/release/main.go:604.41,606.24 2 0
github.com/Kyanite/noise/tools/release/main.go:606.24,607.12 1 0
github.com/Kyanite/noise/tools/release/main.go:609.3,610.29 2 0
github.com/Kyanite/noise/tools/release/main.go:610.29,613.4 1 0
github.com/Kyanite/noise/tools/release/main.go:614.3,614.28 1 0
github.com/Kyanite/noise/tools/release/main.go:617.2,617.22 1 0
github.com/Kyanite/noise/tools/release/main.go:617.22,620.29 3 0
github.com/Kyanite/noise/tools/release/main.go:620.29,622.4 1 0
github.com/Kyanite/noise/tools/release/main.go:623.3,624.30 2 0
github.com/Kyanite/noise/tools/release/main.go:624.30,626.4 1 0
github.com/Kyanite/noise/tools/release/main.go:627.3,627.28 1 0
github.com/Kyanite/noise/tools/release/main.go:630.2,634.16 4 0
github.com/Kyanite/noise/tools/release/main.go:637.72,639.17 2 0
github.com/Kyanite/noise/tools/release/main.go:639.17,641.3 1 0
github.com/Kyanite/noise/tools/release/main.go:642.2,642.39 1 0
github.com/Kyanite/noise/tools/release/main.go:642.39,644.3 1 0
github.com/Kyanite/noise/tools/release/main.go:646.2,648.39 2 0
github.com/Kyanite/noise/tools/release/main.go:648.39,650.3 1 0
github.com/Kyanite/noise/tools/release/main.go:652.2,653.70 2 0
github.com/Kyanite/noise/tools/release/main.go:653.70,655.3 1 0
github.com/Kyanite/noise/tools/release/main.go:657.2,660.64 3 0
github.com/Kyanite/noise/tools/release/main.go:660.64,662.3 1 0
github.com/Kyanite/noise/tools/release/main.go:664.2,668.16 4 0
github.com/Kyanite/noise/tools/release/main.go:668.16,671.3 2 0
github.com/Kyanite/noise/tools/release/main.go:673.2,674.19 2 0
github.com/Kyanite/noise/tools/release/main.go:674.19,678.3 3 0
github.com/Kyanite/noise/tools/release/main.go:678.8,680.3 1 0
github.com/Kyanite/noise/tools/release/main.go:682.2,682.30 1 0
github.com/Kyanite/noise/tools/release/main.go:685.55,687.16 2 0
github.com/Kyanite/noise/tools/release/main.go:687.16,689.3 1 0
github.com/Kyanite/noise/tools/release/main.go:691.2,692.15 2 0
github.com/Kyanite/noise/tools/release/main.go:692.15,694.40 2 0
github.com/Kyanite/noise/tools/release/main.go:694.40,696.4 1 0
github.com/Kyanite/noise/tools/release/main.go:697.3,697.21 1 0
github.com/Kyanite/noise/tools/release/main.go:700.2,702.22 3 0
github.com/Kyanite/noise/tools/release/main.go:705.44,706.48 1 0
github.com/Kyanite/noise/tools/release/main.go:706.48,708.3 1 0
github.com/Kyanite/noise/tools/release/main.go:709.2,709.24 1 0
github.com/Kyanite/noise/tools/release/main.go:712.38,714.13 2 0
github.com/Kyanite/noise/tools/release/main.go:714.13,716.3 1 0
github.com/Kyanite/noise/tools/release/main.go:717.2,718.38 2 0
github.com/Kyanite/noise/tools/release/main.go:718.38,720.3 1 0
github.com/Kyanite/noise/tools/release/main.go:721.2,721.46 1 0
github.com/Kyanite/noise/tools/release/main.go:724.36,725.20 1 0
github.com/Kyanite/noise/tools/release/main.go:725.20,727.3 1 0
github.com/Kyanite/noise/tools/release/main.go:728.2,728.17 1 0
github.com/Kyanite/noise/tools/release/main.go:731.44,733.16 2 0
github.com/Kyanite/noise/tools/release/main.go:733.16,735.3 1 0
github.com/Kyanite/noise/tools/release/main.go:736.2,739.41 3 0
github.com/Kyanite/noise/tools/release/main.go:739.41,741.3 1 0
github.com/Kyanite/noise/tools/release/main.go:742.2,742.43 1 0
github.com/Kyanite/noise/tools/release/main.go:745.34,746.29 1 0
github.com/Kyanite/noise/tools/release/main.go:746.29,748.3 1 0
github.com/Kyanite/noise/tools/release/main.go:749.2,749.32 1 0
github.com/Kyanite/noise/tools/release/main.go:752.44,755.16 3 0
github.com/Kyanite/noise/tools/release/main.go:755.16,756.57 1 0
github.com/Kyanite/noise/tools/release/main.go:756.57,758.4 1 0
github.com/Kyanite/noise/tools/release/main.go:759.3,759.57 1 0
github.com/Kyanite/noise/tools/release/main.go:762.2,762.62 1 0
github.com/Kyanite/noise/tools/release/main.go:765.56,766.18 1 0
github.com/Kyanite/noise/tools/release/main.go:766.18,768.3 1 0
github.com/Kyanite/noise/tools/release/main.go:770.2,770.39 1 0
github.com/Kyanite/noise/tools/release/main.go:770.39,773.22 3 0
github.com/Kyanite/noise/tools/release/main.go:773.22,775.4 1 0
github.com/Kyanite/noise/tools/release/main.go:776.3,776.91 1 0
github.com/Kyanite/noise/tools/release/main.go:779.2,779.83 1 0
github.com/Kyanite/noise/tools/release/main.go:779.83,782.3 2 0
github.com/Kyanite/noise/tools/release/main.go:784.2,784.63 1 0
github.com/Kyanite/noise/tools/release/main.go:787.40,789.2 1 0
github.com/Kyanite/noise/internal/app/ai/context_aware_prompts.go:17.52,24.2 1 1
github.com/Kyanite/noise/internal/app/ai/context_aware_prompts.go:27.46,235.2 12 1
github.com/Kyanite/noise/internal/app/ai/context_aware_prompts.go:238.95,239.21 1 1
github.com/Kyanite/noise/internal/app/ai/context_aware_prompts.go:240.25,241.55 1 1
github.com/Kyanite/noise/internal/app/ai/context_aware_prompts.go:241.55,243.4 1 1
github.com/Kyanite/noise/internal/app/ai/context_aware_prompts.go:244.27,245.57 1 1
github.com/Kyanite/noise/internal/app/ai/context_aware_prompts.go:245.57,247.4 1 1
github.com/Kyanite/noise/internal/app/ai/context_aware_prompts.go:248.24,249.55 1 1
github.com/Kyanite/noise/internal/app/ai/context_aware_prompts.go:249.55,251.4 1 1
github.com/Kyanite/noise/internal/app/ai/context_aware_prompts.go:255.2,255.36 1 1
github.com/Kyanite/noise/internal/app/ai/context_aware_prompts.go:259.78,260.14 1 1
github.com/Kyanite/noise/internal/app/ai/context_aware_prompts.go:261.28,270.16 1 1
github.com/Kyanite/noise/internal/app/ai/context_aware_prompts.go:272.26,280.9 1 1
github.com/Kyanite/noise/internal/app/ai/context_aware_prompts.go:282.26,291.7 1 1
github.com/Kyanite/noise/internal/app/ai/context_aware_prompts.go:293.26,300.22 1 1
github.com/Kyanite/noise/internal/app/ai/context_aware_prompts.go:302.10,303.47 1 1
github.com/Kyanite/noise/internal/app/ai/context_aware_prompts.go:308.141,311.18 2 1
github.com/Kyanite/noise/internal/app/ai/context_aware_prompts.go:311.18,313.3 1 0
github.com/Kyanite/noise/internal/app/ai/context_aware_prompts.go:315.2,315.14 1 1
github.com/Kyanite/noise/internal/app/ai/context_aware_prompts.go:316.26,318.18 2 1
github.com/Kyanite/noise/internal/app/ai/context_aware_prompts.go:318.18,320.4 1 1
github.com/Kyanite/noise/internal/app/ai/context_aware_prompts.go:321.3,321.36 1 1
github.com/Kyanite/noise/internal/app/ai/context_aware_prompts.go:322.46,323.57 1 1
github.com/Kyanite/noise/internal/app/ai/context_aware_prompts.go:324.10,325.57 1 1
github.com/Kyanite/noise/internal/app/ai/context_aware_prompts.go:330.91,331.21 1 1
github.com/Kyanite/noise/internal/app/ai/context_aware_prompts.go:332.25,333.66 1 1
github.com/Kyanite/noise/internal/app/ai/context_aware_prompts.go:334.27,335.73 1 1
github.com/Kyanite/noise/internal/app/ai/context_aware_prompts.go:336.24,337.66 1 1
github.com/Kyanite/noise/internal/app/ai/context_aware_prompts.go:338.26,339.68 1 1
github.com/Kyanite/noise/internal/app/ai/context_aware_prompts.go:340.10,341.39 1 0
github.com/Kyanite/noise/internal/app/ai/context_aware_prompts.go:346.79,347.14 1 1
github.com/Kyanite/noise/internal/app/ai/context_aware_prompts.go:348.28,349.69 1 1
github.com/Kyanite/noise/internal/app/ai/context_aware_prompts.go:350.26,351.68 1 1
github.com/Kyanite/noise/internal/app/ai/context_aware_prompts.go:352.26,353.63 1 1
github.com/Kyanite/noise/internal/app/ai/context_aware_prompts.go:354.26,355.68 1 1
github.com/Kyanite/noise/internal/app/ai/context_aware_prompts.go:356.10,357.25 1 0
github.com/Kyanite/noise/internal/app/ai/context_detector.go:33.44,110.2 8 1
github.com/Kyanite/noise/internal/app/ai/context_detector.go:113.71,114.19 1 1
github.com/Kyanite/noise/internal/app/ai/context_detector.go:114.19,116.3 1 1
github.com/Kyanite/noise/internal/app/ai/context_detector.go:118.2,119.21 2 1
github.com/Kyanite/noise/internal/app/ai/context_detector.go:119.21,121.3 1 0
github.com/Kyanite/noise/internal/app/ai/context_detector.go:124.2,127.27 3 1
github.com/Kyanite/noise/internal/app/ai/context_detector.go:127.27,129.3 1 0
github.com/Kyanite/noise/internal/app/ai/context_detector.go:132.2,139.35 7 1
github.com/Kyanite/noise/internal/app/ai/context_detector.go:139.35,141.17 2 1
github.com/Kyanite/noise/internal/app/ai/context_detector.go:141.17,142.12 1 1
github.com/Kyanite/noise/internal/app/ai/context_detector.go:145.3,149.44 5 1
github.com/Kyanite/noise/internal/app/ai/context_detector.go:149.44,150.33 1 1
github.com/Kyanite/noise/internal/app/ai/context_detector.go:150.33,152.81 2 1
github.com/Kyanite/noise/internal/app/ai/context_detector.go:152.81,154.6 1 1
github.com/Kyanite/noise/internal/app/ai/context_detector.go:155.5,155.73 1 1
github.com/Kyanite/noise/internal/app/ai/context_detector.go:155.73,157.6 1 1
github.com/Kyanite/noise/internal/app/ai/context_detector.go:158.5,158.75 1 1
github.com/Kyanite/noise/internal/app/ai/context_detector.go:158.75,160.6 1 1
github.com/Kyanite/noise/internal/app/ai/context_detector.go:164.3,166.46 3 1
github.com/Kyanite/noise/internal/app/ai/context_detector.go:166.46,167.33 1 1
github.com/Kyanite/noise/internal/app/ai/context_detector.go:167.33,169.77 2 1
github.com/Kyanite/noise/internal/app/ai/context_detector.go:169.77,171.6 1 1
github.com/Kyanite/noise/internal/app/ai/context_detector.go:175.3,175.25 1 1
github.com/Kyanite/noise/internal/app/ai/context_detector.go:175.25,176.25 1 1
github.com/Kyanite/noise/internal/app/ai/context_detector.go:176.25,179.5 2 1
github.com/Kyanite/noise/internal/app/ai/context_detector.go:179.10,181.5 1 1
github.com/Kyanite/noise/internal/app/ai/context_detector.go:184.3,184.23 1 1
github.com/Kyanite/noise/internal/app/ai/context_detector.go:184.23,185.69 1 1
github.com/Kyanite/noise/internal/app/ai/context_detector.go:185.69,186.13 1 1
github.com/Kyanite/noise/internal/app/ai/context_detector.go:189.4,189.23 1 1
github.com/Kyanite/noise/internal/app/ai/context_detector.go:189.23,190.27 1 1
github.com/Kyanite/noise/internal/app/ai/context_detector.go:190.27,192.6 1 0
github.com/Kyanite/noise/internal/app/ai/context_detector.go:192.11,194.6 1 1
github.com/Kyanite/noise/internal/app/ai/context_detector.go:195.5,195.23 1 1
github.com/Kyanite/noise/internal/app/ai/context_detector.go:196.10,196.34 1 1
github.com/Kyanite/noise/internal/app/ai/context_detector.go:196.34,198.5 1 1
github.com/Kyanite/noise/internal/app/ai/context_detector.go:198.10,200.5 1 1
github.com/Kyanite/noise/internal/app/ai/context_detector.go:203.3,203.23 1 1
github.com/Kyanite/noise/internal/app/ai/context_detector.go:203.23,205.4 1 1
github.com/Kyanite/noise/internal/app/ai/context_detector.go:209.2,211.20 3 1
github.com/Kyanite/noise/internal/app/ai/context_detector.go:211.20,214.3 2 1
github.com/Kyanite/noise/internal/app/ai/context_detector.go:216.2,220.42 3 1
github.com/Kyanite/noise/internal/app/ai/context_detector.go:220.42,222.3 1 1
github.com/Kyanite/noise/internal/app/ai/context_detector.go:224.2,224.21 1 1
github.com/Kyanite/noise/internal/app/ai/context_detector.go:224.21,225.48 1 1
github.com/Kyanite/noise/internal/app/ai/context_detector.go:225.48,227.4 1 0
github.com/Kyanite/noise/internal/app/ai/context_detector.go:228.3,228.48 1 1
github.com/Kyanite/noise/internal/app/ai/context_detector.go:228.48,230.4 1 0
github.com/Kyanite/noise/internal/app/ai/context_detector.go:231.3,231.49 1 1
github.com/Kyanite/noise/internal/app/ai/context_detector.go:231.49,233.4 1 1
github.com/Kyanite/noise/internal/app/ai/context_detector.go:236.2,236.91 1 1
github.com/Kyanite/noise/internal/app/ai/context_detector.go:236.91,238.3 1 1
github.com/Kyanite/noise/internal/app/ai/context_detector.go:240.2,240.71 1 1
github.com/Kyanite/noise/internal/app/ai/context_detector.go:240.71,242.3 1 0
github.com/Kyanite/noise/internal/app/ai/context_detector.go:244.2,244.73 1 1
github.com/Kyanite/noise/internal/app/ai/context_detector.go:244.73,246.3 1 1
github.com/Kyanite/noise/internal/app/ai/context_detector.go:248.2,252.30 5 1
github.com/Kyanite/noise/internal/app/ai/context_detector.go:252.30,254.3 1 0
github.com/Kyanite/noise/internal/app/ai/context_detector.go:257.2,257.89 1 1
github.com/Kyanite/noise/internal/app/ai/context_detector.go:257.89,259.3 1 1
github.com/Kyanite/noise/internal/app/ai/context_detector.go:261.2,261.89 1 1
github.com/Kyanite/noise/internal/app/ai/context_detector.go:261.89,263.3 1 1
github.com/Kyanite/noise/internal/app/ai/context_detector.go:266.2,266.74 1 1
github.com/Kyanite/noise/internal/app/ai/context_detector.go:266.74,268.3 1 1
github.com/Kyanite/noise/internal/app/ai/context_detector.go:270.2,270.76 1 1
github.com/Kyanite/noise/internal/app/ai/context_detector.go:270.76,272.3 1 1
github.com/Kyanite/noise/internal/app/ai/context_detector.go:275.2,275.48 1 1
github.com/Kyanite/noise/internal/app/ai/context_detector.go:275.48,277.3 1 1
github.com/Kyanite/noise/internal/app/ai/context_detector.go:279.2,279.48 1 0
github.com/Kyanite/noise/internal/app/ai/context_detector.go:279.48,281.3 1 0
github.com/Kyanite/noise/internal/app/ai/context_detector.go:284.2,284.31 1 0
github.com/Kyanite/noise/internal/app/ai/context_detector.go:284.31,286.3 1 0
github.com/Kyanite/noise/internal/app/ai/context_detector.go:288.2,288.31 1 0
github.com/Kyanite/noise/internal/app/ai/context_detector.go:288.31,290.3 1 0
github.com/Kyanite/noise/internal/app/ai/context_detector.go:293.2,293.40 1 0
github.com/Kyanite/noise/internal/app/ai/context_detector.go:293.40,295.3 1 0
github.com/Kyanite/noise/internal/app/ai/context_detector.go:297.2,297.22 1 0
github.com/Kyanite/noise/internal/app/ai/context_detector.go:297.22,299.3 1 0
github.com/Kyanite/noise/internal/app/ai/context_detector.go:301.2,301.26 1 0
github.com/Kyanite/noise/internal/app/ai/context_detector.go:305.80,306.19 1 1
github.com/Kyanite/noise/internal/app/ai/context_detector.go:306.19,312.3 1 1
github.com/Kyanite/noise/internal/app/ai/context_detector.go:314.2,315.21 2 1
github.com/Kyanite/noise/internal/app/ai/context_detector.go:315.21,321.3 1 0
github.com/Kyanite/noise/internal/app/ai/context_detector.go:324.2,327.27 3 1
github.com/Kyanite/noise/internal/app/ai/context_detector.go:327.27,333.3 1 0
github.com/Kyanite/noise/internal/app/ai/context_detector.go:336.2,343.35 7 1
github.com/Kyanite/noise/internal/app/ai/context_detector.go:343.35,345.17 2 1
github.com/Kyanite/noise/internal/app/ai/context_detector.go:345.17,347.12 2 1
github.com/Kyanite/noise/internal/app/ai/context_detector.go:351.3,351.44 1 1
github.com/Kyanite/noise/internal/app/ai/context_detector.go:351.44,352.33 1 1
github.com/Kyanite/noise/internal/app/ai/context_detector.go:352.33,355.10 3 1
github.com/Kyanite/noise/internal/app/ai/context_detector.go:360.3,360.46 1 1
github.com/Kyanite/noise/internal/app/ai/context_detector.go:360.46,361.33 1 1
github.com/Kyanite/noise/internal/app/ai/context_detector.go:361.33,364.10 3 1
github.com/Kyanite/noise/internal/app/ai/context_detector.go:370.2,377.21 5 1
github.com/Kyanite/noise/internal/app/ai/context_detector.go:378.25,379.26 1 1
github.com/Kyanite/noise/internal/app/ai/context_detector.go:380.27,381.28 1 1
github.com/Kyanite/noise/internal/app/ai/context_detector.go:382.24,383.49 1 1
github.com/Kyanite/noise/internal/app/ai/context_detector.go:384.10,385.19 1 1
github.com/Kyanite/noise/internal/app/ai/context_detector.go:389.2,389.22 1 1
github.com/Kyanite/noise/internal/app/ai/context_detector.go:389.22,391.3 1 0
github.com/Kyanite/noise/internal/app/ai/context_detector.go:393.2,403.3 1 1
github.com/Kyanite/noise/internal/app/ai/context_detector.go:420.50,423.2 1 1
github.com/Kyanite/noise/internal/app/ai/context_detector.go:426.52,429.2 1 1
github.com/Kyanite/noise/internal/app/ai/context_detector.go:432.24,433.11 1 1
github.com/Kyanite/noise/internal/app/ai/context_detector.go:433.11,435.3 1 1
github.com/Kyanite/noise/internal/app/ai/context_detector.go:436.2,436.10 1 1
github.com/Kyanite/noise/internal/app/ai/context_detector.go:439.32,440.11 1 1
github.com/Kyanite/noise/internal/app/ai/context_detector.go:440.11,442.3 1 1
github.com/Kyanite/noise/internal/app/ai/context_detector.go:443.2,443.10 1 1
github.com/Kyanite/noise/internal/app/ai/quick_idea_agent.go:75.42,90.2 5 1
github.com/Kyanite/noise/internal/app/ai/quick_idea_agent.go:93.99,94.19 1 1
github.com/Kyanite/noise/internal/app/ai/quick_idea_agent.go:94.19,96.3 1 1
github.com/Kyanite/noise/internal/app/ai/quick_idea_agent.go:98.2,98.18 1 1
github.com/Kyanite/noise/internal/app/ai/quick_idea_agent.go:98.18,100.3 1 0
github.com/Kyanite/noise/internal/app/ai/quick_idea_agent.go:102.2,110.3 1 1
github.com/Kyanite/noise/internal/app/ai/quick_idea_agent.go:114.94,115.15 1 1
github.com/Kyanite/noise/internal/app/ai/quick_idea_agent.go:115.15,117.3 1 0
github.com/Kyanite/noise/internal/app/ai/quick_idea_agent.go:119.2,127.3 1 1
github.com/Kyanite/noise/internal/app/ai/quick_idea_agent.go:132.98,133.20 1 1
github.com/Kyanite/noise/internal/app/ai/quick_idea_agent.go:133.20,135.3 1 1
github.com/Kyanite/noise/internal/app/ai/quick_idea_agent.go:137.2,137.41 1 1
github.com/Kyanite/noise/internal/app/ai/quick_idea_agent.go:137.41,139.3 1 1
github.com/Kyanite/noise/internal/app/ai/quick_idea_agent.go:141.2,152.29 6 1
github.com/Kyanite/noise/internal/app/ai/quick_idea_agent.go:152.29,154.3 1 1
github.com/Kyanite/noise/internal/app/ai/quick_idea_agent.go:154.8,157.3 1 1
github.com/Kyanite/noise/internal/app/ai/quick_idea_agent.go:159.2,163.55 4 1
github.com/Kyanite/noise/internal/app/ai/quick_idea_agent.go:163.55,169.3 4 1
github.com/Kyanite/noise/internal/app/ai/quick_idea_agent.go:171.2,172.17 2 1
github.com/Kyanite/noise/internal/app/ai/quick_idea_agent.go:172.17,176.3 2 1
github.com/Kyanite/noise/internal/app/ai/quick_idea_agent.go:177.2,178.18 2 1
github.com/Kyanite/noise/internal/app/ai/quick_idea_agent.go:182.85,183.21 1 1
github.com/Kyanite/noise/internal/app/ai/quick_idea_agent.go:183.21,185.3 1 0
github.com/Kyanite/noise/internal/app/ai/quick_idea_agent.go:187.2,192.4 1 1
github.com/Kyanite/noise/internal/app/ai/quick_idea_agent.go:195.76,199.2 2 1
github.com/Kyanite/noise/internal/app/ai/quick_idea_agent.go:201.113,202.18 1 1
github.com/Kyanite/noise/internal/app/ai/quick_idea_agent.go:203.28,206.21 3 1
github.com/Kyanite/noise/internal/app/ai/quick_idea_agent.go:206.21,208.4 1 1
github.com/Kyanite/noise/internal/app/ai/quick_idea_agent.go:211.3,211.22 1 1
github.com/Kyanite/noise/internal/app/ai/quick_idea_agent.go:212.26,219.5 1 1
github.com/Kyanite/noise/internal/app/ai/quick_idea_agent.go:220.28,227.5 1 1
github.com/Kyanite/noise/internal/app/ai/quick_idea_agent.go:228.25,235.5 1 1
github.com/Kyanite/noise/internal/app/ai/quick_idea_agent.go:236.11,243.5 1 1
github.com/Kyanite/noise/internal/app/ai/quick_idea_agent.go:246.26,248.18 2 1
github.com/Kyanite/noise/internal/app/ai/quick_idea_agent.go:248.18,250.4 1 1
github.com/Kyanite/noise/internal/app/ai/quick_idea_agent.go:253.3,253.22 1 1
github.com/Kyanite/noise/internal/app/ai/quick_idea_agent.go:254.26,261.5 1 1
github.com/Kyanite/noise/internal/app/ai/quick_idea_agent.go:262.28,269.5 1 0
github.com/Kyanite/noise/internal/app/ai/quick_idea_agent.go:270.25,277.5 1 0
github.com/Kyanite/noise/internal/app/ai/quick_idea_agent.go:278.11,285.5 1 1
github.com/Kyanite/noise/internal/app/ai/quick_idea_agent.go:288.26,290.17 2 1
github.com/Kyanite/noise/internal/app/ai/quick_idea_agent.go:290.17,292.4 1 0
github.com/Kyanite/noise/internal/app/ai/quick_idea_agent.go:295.3,295.22 1 1
github.com/Kyanite/noise/internal/app/ai/quick_idea_agent.go:296.26,303.5 1 1
github.com/Kyanite/noise/internal/app/ai/quick_idea_agent.go:304.28,311.5 1 0
github.com/Kyanite/noise/internal/app/ai/quick_idea_agent.go:312.25,319.5 1 0
github.com/Kyanite/noise/internal/app/ai/quick_idea_agent.go:320.11,327.5 1 1
github.com/Kyanite/noise/internal/app/ai/quick_idea_agent.go:330.26,332.22 1 1
github.com/Kyanite/noise/internal/app/ai/quick_idea_agent.go:333.26,337.5 1 1
github.com/Kyanite/noise/internal/app/ai/quick_idea_agent.go:338.28,342.5 1 1
github.com/Kyanite/noise/internal/app/ai/quick_idea_agent.go:343.25,347.5 1 0
github.com/Kyanite/noise/internal/app/ai/quick_idea_agent.go:348.11,352.5 1 1
github.com/Kyanite/noise/internal/app/ai/quick_idea_agent.go:355.10,358.4 1 0
github.com/Kyanite/noise/internal/app/ai/quick_idea_agent.go:363.51,364.12 1 1
github.com/Kyanite/noise/internal/app/ai/quick_idea_agent.go:364.12,366.3 1 0
github.com/Kyanite/noise/internal/app/ai/quick_idea_agent.go:368.2,369.58 2 1
github.com/Kyanite/noise/internal/app/ai/quick_idea_agent.go:369.58,371.17 2 1
github.com/Kyanite/noise/internal/app/ai/quick_idea_agent.go:371.17,373.4 1 1
github.com/Kyanite/noise/internal/app/ai/quick_idea_agent.go:376.2,376.55 1 1
github.com/Kyanite/noise/internal/app/ai/quick_idea_agent.go:376.55,378.3 1 1
github.com/Kyanite/noise/internal/app/ai/quick_idea_agent.go:380.2,380.15 1 1
github.com/Kyanite/noise/internal/app/ai/quick_idea_agent.go:386.140,393.28 2 1
github.com/Kyanite/noise/internal/app/ai/quick_idea_agent.go:393.28,395.3 1 1
github.com/Kyanite/noise/internal/app/ai/quick_idea_agent.go:398.2,404.18 2 1
github.com/Kyanite/noise/internal/app/ai/quick_idea_agent.go:405.28,407.39 1 1
github.com/Kyanite/noise/internal/app/ai/quick_idea_agent.go:407.39,409.4 1 1
github.com/Kyanite/noise/internal/app/ai/quick_idea_agent.go:409.9,409.48 1 1
github.com/Kyanite/noise/internal/app/ai/quick_idea_agent.go:409.48,411.4 1 1
github.com/Kyanite/noise/internal/app/ai/quick_idea_agent.go:413.26,417.59 2 1
github.com/Kyanite/noise/internal/app/ai/quick_idea_agent.go:417.59,419.4 1 1
github.com/Kyanite/noise/internal/app/ai/quick_idea_agent.go:421.26,423.39 1 1
github.com/Kyanite/noise/internal/app/ai/quick_idea_agent.go:423.39,425.4 1 1
github.com/Kyanite/noise/internal/app/ai/quick_idea_agent.go:425.9,425.48 1 1
github.com/Kyanite/noise/internal/app/ai/quick_idea_agent.go:425.48,427.4 1 1
github.com/Kyanite/noise/internal/app/ai/quick_idea_agent.go:429.26,431.72 1 1
github.com/Kyanite/noise/internal/app/ai/quick_idea_agent.go:435.2,436.41 2 1
github.com/Kyanite/noise/internal/app/ai/quick_idea_agent.go:436.41,440.28 2 1
github.com/Kyanite/noise/internal/app/ai/quick_idea_agent.go:440.28,443.4 2 1
github.com/Kyanite/noise/internal/app/ai/quick_idea_agent.go:446.2,446.17 1 1
github.com/Kyanite/noise/internal/app/ai/quick_idea_agent.go:450.131,451.30 1 1
github.com/Kyanite/noise/internal/app/ai/quick_idea_agent.go:451.30,453.3 1 1
github.com/Kyanite/noise/internal/app/ai/quick_idea_agent.go:456.2,456.46 1 1
github.com/Kyanite/noise/internal/app/ai/quick_idea_agent.go:456.46,457.30 1 1
github.com/Kyanite/noise/internal/app/ai/quick_idea_agent.go:457.30,461.16 2 1
github.com/Kyanite/noise/internal/app/ai/quick_idea_agent.go:462.30,463.46 1 1
github.com/Kyanite/noise/internal/app/ai/quick_idea_agent.go:463.46,465.6 1 0
github.com/Kyanite/noise/internal/app/ai/quick_idea_agent.go:465.11,465.53 1 1
github.com/Kyanite/noise/internal/app/ai/quick_idea_agent.go:465.53,466.55 1 1
github.com/Kyanite/noise/internal/app/ai/quick_idea_agent.go:466.55,468.7 1 1
github.com/Kyanite/noise/internal/app/ai/quick_idea_agent.go:471.28,472.39 1 1
github.com/Kyanite/noise/internal/app/ai/quick_idea_agent.go:472.39,474.6 1 1
github.com/Kyanite/noise/internal/app/ai/quick_idea_agent.go:476.28,477.46 1 0
github.com/Kyanite/noise/internal/app/ai/quick_idea_agent.go:477.46,479.6 1 0
github.com/Kyanite/noise/internal/app/ai/quick_idea_agent.go:481.28,482.45 1 0
github.com/Kyanite/noise/internal/app/ai/quick_idea_agent.go:482.45,484.6 1 0
github.com/Kyanite/noise/internal/app/ai/quick_idea_agent.go:497.56,500.2 2 1
github.com/Kyanite/noise/internal/app/ai/quick_idea_agent.go:502.60,503.12 1 1
github.com/Kyanite/noise/internal/app/ai/quick_idea_agent.go:503.12,505.3 1 1
github.com/Kyanite/noise/internal/app/ai/quick_idea_agent.go:506.2,506.10 1 1
github.com/Kyanite/noise/internal/app/ai/quick_idea_agent.go:510.97,511.28 1 1
github.com/Kyanite/noise/internal/app/ai/quick_idea_agent.go:511.28,516.3 1 1
github.com/Kyanite/noise/internal/app/ai/quick_idea_agent.go:518.2,519.26 2 1
github.com/Kyanite/noise/internal/app/ai/quick_idea_agent.go:523.77,524.28 1 1
github.com/Kyanite/noise/internal/app/ai/quick_idea_agent.go:524.28,526.3 1 1
github.com/Kyanite/noise/internal/app/ai/quick_idea_agent.go:528.2,529.28 2 1
github.com/Kyanite/noise/internal/app/ai/quick_idea_agent.go:532.93,534.2 1 1
github.com/Kyanite/noise/internal/app/ai/quick_idea_prompts.go:14.49,59.2 1 1
github.com/Kyanite/noise/internal/app/ai/quick_idea_prompts.go:62.104,64.9 2 1
github.com/Kyanite/noise/internal/app/ai/quick_idea_prompts.go:64.9,66.3 1 0
github.com/Kyanite/noise/internal/app/ai/quick_idea_prompts.go:68.2,68.14 1 1
github.com/Kyanite/noise/internal/app/ai/quick_idea_prompts.go:69.26,70.68 1 0
github.com/Kyanite/noise/internal/app/ai/quick_idea_prompts.go:71.46,72.59 1 0
github.com/Kyanite/noise/internal/app/ai/quick_idea_prompts.go:73.10,74.59 1 1
github.com/Kyanite/noise/internal/app/ai/quick_idea_prompts.go:79.80,81.15 2 1
github.com/Kyanite/noise/internal/app/ai/quick_idea_prompts.go:81.15,83.3 1 0
github.com/Kyanite/noise/internal/app/ai/quick_idea_prompts.go:85.2,85.14 1 1
github.com/Kyanite/noise/internal/app/ai/quick_idea_prompts.go:86.26,87.33 1 1
github.com/Kyanite/noise/internal/app/ai/quick_idea_prompts.go:88.68,89.39 1 1
github.com/Kyanite/noise/internal/app/ai/quick_idea_prompts.go:90.10,91.13 1 0
github.com/Kyanite/noise/internal/app/ai/quick_idea_prompts.go:95.58,99.29 3 1
github.com/Kyanite/noise/internal/app/ai/quick_idea_prompts.go:99.29,101.20 2 1
github.com/Kyanite/noise/internal/app/ai/quick_idea_prompts.go:101.20,102.12 1 0
github.com/Kyanite/noise/internal/app/ai/quick_idea_prompts.go:105.3,105.102 1 1
github.com/Kyanite/noise/internal/app/ai/quick_idea_prompts.go:105.102,107.23 2 1
github.com/Kyanite/noise/internal/app/ai/quick_idea_prompts.go:107.23,109.25 2 1
github.com/Kyanite/noise/internal/app/ai/quick_idea_prompts.go:109.25,111.6 1 1
github.com/Kyanite/noise/internal/app/ai/quick_idea_prompts.go:113.9,113.48 1 0
github.com/Kyanite/noise/internal/app/ai/quick_idea_prompts.go:113.48,115.4 1 0
github.com/Kyanite/noise/internal/app/ai/quick_idea_prompts.go:118.2,118.27 1 1
github.com/Kyanite/noise/internal/app/ai/quick_idea_prompts.go:118.27,120.3 1 0
github.com/Kyanite/noise/internal/app/ai/quick_idea_prompts.go:122.2,122.49 1 1
github.com/Kyanite/noise/internal/app/ai/quick_idea_prompts.go:125.52,131.29 4 1
github.com/Kyanite/noise/internal/app/ai/quick_idea_prompts.go:131.29,133.17 2 1
github.com/Kyanite/noise/internal/app/ai/quick_idea_prompts.go:133.17,134.12 1 0
github.com/Kyanite/noise/internal/app/ai/quick_idea_prompts.go:137.3,137.42 1 1
github.com/Kyanite/noise/internal/app/ai/quick_idea_prompts.go:137.42,139.12 2 1
github.com/Kyanite/noise/internal/app/ai/quick_idea_prompts.go:142.3,142.16 1 1
github.com/Kyanite/noise/internal/app/ai/quick_idea_prompts.go:142.16,144.9 2 1
github.com/Kyanite/noise/internal/app/ai/quick_idea_prompts.go:148.2,148.18 1 1
github.com/Kyanite/noise/internal/app/ai/quick_idea_prompts.go:148.18,150.3 1 1
github.com/Kyanite/noise/internal/app/ai/quick_idea_prompts.go:152.2,155.3 1 1
github.com/Kyanite/noise/internal/app/ai/quick_idea_prompts.go:158.39,159.51 1 1
github.com/Kyanite/noise/internal/app/ai/quick_idea_prompts.go:160.32,161.14 1 1
github.com/Kyanite/noise/internal/app/ai/quick_idea_prompts.go:162.10,163.15 1 1
github.com/Kyanite/noise/internal/app/ai/test_infrastructure.go:23.40,31.2 1 1
github.com/Kyanite/noise/internal/app/ai/test_infrastructure.go:34.63,36.2 1 1
github.com/Kyanite/noise/internal/app/ai/test_infrastructure.go:39.61,41.2 1 1
github.com/Kyanite/noise/internal/app/ai/test_infrastructure.go:44.53,46.2 1 1
github.com/Kyanite/noise/internal/app/ai/test_infrastructure.go:49.55,51.2 1 1
github.com/Kyanite/noise/internal/app/ai/test_infrastructure.go:54.56,56.19 2 1
github.com/Kyanite/noise/internal/app/ai/test_infrastructure.go:56.19,58.3 1 1
github.com/Kyanite/noise/internal/app/ai/test_infrastructure.go:62.110,63.18 1 1
github.com/Kyanite/noise/internal/app/ai/test_infrastructure.go:63.18,65.3 1 1
github.com/Kyanite/noise/internal/app/ai/test_infrastructure.go:67.2,67.17 1 1
github.com/Kyanite/noise/internal/app/ai/test_infrastructure.go:67.17,68.10 1 1
github.com/Kyanite/noise/internal/app/ai/test_infrastructure.go:69.21,70.24 1 1
github.com/Kyanite/noise/internal/app/ai/test_infrastructure.go:71.30,71.30 0 1
github.com/Kyanite/noise/internal/app/ai/test_infrastructure.go:77.2,77.45 1 1
github.com/Kyanite/noise/internal/app/ai/test_infrastructure.go:77.45,78.74 1 1
github.com/Kyanite/noise/internal/app/ai/test_infrastructure.go:78.74,80.4 1 1
github.com/Kyanite/noise/internal/app/ai/test_infrastructure.go:84.2,85.9 2 1
github.com/Kyanite/noise/internal/app/ai/test_infrastructure.go:86.95,87.119 1 0
github.com/Kyanite/noise/internal/app/ai/test_infrastructure.go:88.97,89.74 1 1
github.com/Kyanite/noise/internal/app/ai/test_infrastructure.go:90.88,91.158 1 0
github.com/Kyanite/noise/internal/app/ai/test_infrastructure.go:92.90,93.172 1 0
github.com/Kyanite/noise/internal/app/ai/test_infrastructure.go:94.88,95.147 1 0
github.com/Kyanite/noise/internal/app/ai/test_infrastructure.go:96.90,97.116 1 0
github.com/Kyanite/noise/internal/app/ai/test_infrastructure.go:98.88,99.50 1 0
github.com/Kyanite/noise/internal/app/ai/test_infrastructure.go:100.90,101.55 1 0
github.com/Kyanite/noise/internal/app/ai/test_infrastructure.go:102.10,103.32 1 1
github.com/Kyanite/noise/internal/app/ai/test_infrastructure.go:118.48,127.2 1 1
github.com/Kyanite/noise/internal/app/ai/test_infrastructure.go:130.93,140.2 1 1
github.com/Kyanite/noise/internal/app/ai/test_infrastructure.go:143.58,145.2 1 1
github.com/Kyanite/noise/internal/app/ai/test_infrastructure.go:148.59,150.2 1 1
github.com/Kyanite/noise/internal/app/ai/test_infrastructure.go:153.57,155.2 1 1
github.com/Kyanite/noise/internal/app/ai/test_infrastructure.go:158.137,159.18 1 1
github.com/Kyanite/noise/internal/app/ai/test_infrastructure.go:159.18,161.3 1 1
github.com/Kyanite/noise/internal/app/ai/test_infrastructure.go:163.2,163.17 1 1
github.com/Kyanite/noise/internal/app/ai/test_infrastructure.go:163.17,164.10 1 1
github.com/Kyanite/noise/internal/app/ai/test_infrastructure.go:165.21,166.25 1 1
github.com/Kyanite/noise/internal/app/ai/test_infrastructure.go:167.30,167.30 0 0
github.com/Kyanite/noise/internal/app/ai/test_infrastructure.go:172.2,175.31 3 1
github.com/Kyanite/noise/internal/app/ai/test_infrastructure.go:175.31,178.62 1 1
github.com/Kyanite/noise/internal/app/ai/test_infrastructure.go:178.62,181.35 1 1
github.com/Kyanite/noise/internal/app/ai/test_infrastructure.go:181.35,183.44 2 1
github.com/Kyanite/noise/internal/app/ai/test_infrastructure.go:183.44,184.30 1 1
github.com/Kyanite/noise/internal/app/ai/test_infrastructure.go:184.30,186.12 2 1
github.com/Kyanite/noise/internal/app/ai/test_infrastructure.go:189.5,189.15 1 1
github.com/Kyanite/noise/internal/app/ai/test_infrastructure.go:189.15,190.14 1 1
github.com/Kyanite/noise/internal/app/ai/test_infrastructure.go:195.4,195.45 1 1
github.com/Kyanite/noise/internal/app/ai/test_infrastructure.go:195.45,196.13 1 0
github.com/Kyanite/noise/internal/app/ai/test_infrastructure.go:199.4,199.36 1 1
github.com/Kyanite/noise/internal/app/ai/test_infrastructure.go:204.2,204.55 1 1
github.com/Kyanite/noise/internal/app/ai/test_infrastructure.go:204.55,206.3 1 0
github.com/Kyanite/noise/internal/app/ai/test_infrastructure.go:208.2,214.8 1 1
github.com/Kyanite/noise/internal/app/ai/test_infrastructure.go:218.85,219.18 1 1
github.com/Kyanite/noise/internal/app/ai/test_infrastructure.go:219.18,221.3 1 0
github.com/Kyanite/noise/internal/app/ai/test_infrastructure.go:223.2,223.17 1 1
github.com/Kyanite/noise/internal/app/ai/test_infrastructure.go:223.17,224.10 1 0
github.com/Kyanite/noise/internal/app/ai/test_infrastructure.go:225.21,226.20 1 0
github.com/Kyanite/noise/internal/app/ai/test_infrastructure.go:227.30,227.30 0 0
github.com/Kyanite/noise/internal/app/ai/test_infrastructure.go:232.2,233.12 2 1
github.com/Kyanite/noise/internal/app/ai/test_infrastructure.go:237.94,238.18 1 0
github.com/Kyanite/noise/internal/app/ai/test_infrastructure.go:238.18,240.3 1 0
github.com/Kyanite/noise/internal/app/ai/test_infrastructure.go:242.2,242.17 1 0
github.com/Kyanite/noise/internal/app/ai/test_infrastructure.go:242.17,243.10 1 0
github.com/Kyanite/noise/internal/app/ai/test_infrastructure.go:244.21,245.25 1 0
github.com/Kyanite/noise/internal/app/ai/test_infrastructure.go:246.30,246.30 0 0
github.com/Kyanite/noise/internal/app/ai/test_infrastructure.go:251.2,252.13 2 0
github.com/Kyanite/noise/internal/app/ai/test_infrastructure.go:252.13,254.3 1 0
github.com/Kyanite/noise/internal/app/ai/test_infrastructure.go:255.2,255.18 1 0
github.com/Kyanite/noise/internal/app/ai/test_infrastructure.go:259.88,260.18 1 0
github.com/Kyanite/noise/internal/app/ai/test_infrastructure.go:260.18,262.3 1 0
github.com/Kyanite/noise/internal/app/ai/test_infrastructure.go:264.2,264.17 1 0
github.com/Kyanite/noise/internal/app/ai/test_infrastructure.go:264.17,265.10 1 0
github.com/Kyanite/noise/internal/app/ai/test_infrastructure.go:266.21,267.20 1 0
github.com/Kyanite/noise/internal/app/ai/test_infrastructure.go:268.30,268.30 0 0
github.com/Kyanite/noise/internal/app/ai/test_infrastructure.go:273.2,273.44 1 0
github.com/Kyanite/noise/internal/app/ai/test_infrastructure.go:273.44,275.3 1 0
github.com/Kyanite/noise/internal/app/ai/test_infrastructure.go:276.2,277.12 2 0
github.com/Kyanite/noise/internal/app/ai/test_infrastructure.go:281.78,282.18 1 0
github.com/Kyanite/noise/internal/app/ai/test_infrastructure.go:282.18,284.3 1 0
github.com/Kyanite/noise/internal/app/ai/test_infrastructure.go:286.2,286.17 1 0
github.com/Kyanite/noise/internal/app/ai/test_infrastructure.go:286.17,287.10 1 0
github.com/Kyanite/noise/internal/app/ai/test_infrastructure.go:288.21,289.20 1 0
github.com/Kyanite/noise/internal/app/ai/test_infrastructure.go:290.30,290.30 0 0
github.com/Kyanite/noise/internal/app/ai/test_infrastructure.go:295.2,296.12 2 0
github.com/Kyanite/noise/internal/app/ai/test_infrastructure.go:300.82,301.18 1 0
github.com/Kyanite/noise/internal/app/ai/test_infrastructure.go:301.18,303.3 1 0
github.com/Kyanite/noise/internal/app/ai/test_infrastructure.go:305.2,305.17 1 0
github.com/Kyanite/noise/internal/app/ai/test_infrastructure.go:305.17,306.10 1 0
github.com/Kyanite/noise/internal/app/ai/test_infrastructure.go:307.21,308.25 1 0
github.com/Kyanite/noise/internal/app/ai/test_infrastructure.go:309.30,309.30 0 0
github.com/Kyanite/noise/internal/app/ai/test_infrastructure.go:314.2,314.26 1 0
github.com/Kyanite/noise/internal/app/ai/test_infrastructure.go:318.76,319.18 1 0
github.com/Kyanite/noise/internal/app/ai/test_infrastructure.go:319.18,321.3 1 0
github.com/Kyanite/noise/internal/app/ai/test_infrastructure.go:323.2,323.17 1 0
github.com/Kyanite/noise/internal/app/ai/test_infrastructure.go:323.17,324.10 1 0
github.com/Kyanite/noise/internal/app/ai/test_infrastructure.go:325.21,326.25 1 0
github.com/Kyanite/noise/internal/app/ai/test_infrastructure.go:327.30,327.30 0 0
github.com/Kyanite/noise/internal/app/ai/test_infrastructure.go:332.2,332.20 1 0
github.com/Kyanite/noise/internal/app/ai/test_infrastructure.go:336.87,345.2 1 1
github.com/Kyanite/noise/internal/app/ai/test_infrastructure.go:348.67,350.2 1 1
github.com/Kyanite/noise/internal/app/ai/test_infrastructure.go:353.67,354.18 1 0
github.com/Kyanite/noise/internal/app/ai/test_infrastructure.go:354.18,356.3 1 0
github.com/Kyanite/noise/internal/app/ai/test_infrastructure.go:357.2,357.12 1 0
github.com/Kyanite/noise/internal/app/ai/test_infrastructure.go:361.62,362.18 1 0
github.com/Kyanite/noise/internal/app/ai/test_infrastructure.go:362.18,364.3 1 0
github.com/Kyanite/noise/internal/app/ai/test_infrastructure.go:365.2,365.12 1 0
github.com/Kyanite/noise/internal/app/ai/test_infrastructure.go:374.60,378.2 1 1
github.com/Kyanite/noise/internal/app/ai/test_infrastructure.go:381.75,383.2 1 1
github.com/Kyanite/noise/internal/app/ai/test_infrastructure.go:386.78,388.2 1 1
github.com/Kyanite/noise/internal/app/ai/test_infrastructure.go:391.154,392.21 1 0
github.com/Kyanite/noise/internal/app/ai/test_infrastructure.go:392.21,394.3 1 0
github.com/Kyanite/noise/internal/app/ai/test_infrastructure.go:396.2,397.16 2 0
github.com/Kyanite/noise/internal/app/ai/test_infrastructure.go:397.16,399.3 1 0
github.com/Kyanite/noise/internal/app/ai/test_infrastructure.go:401.2,409.24 2 0
github.com/Kyanite/noise/internal/app/ai/test_infrastructure.go:413.159,414.21 1 0
github.com/Kyanite/noise/internal/app/ai/test_infrastructure.go:414.21,416.3 1 0
github.com/Kyanite/noise/internal/app/ai/test_infrastructure.go:418.2,419.16 2 0
github.com/Kyanite/noise/internal/app/ai/test_infrastructure.go:419.16,421.3 1 0
github.com/Kyanite/noise/internal/app/ai/test_infrastructure.go:423.2,432.24 2 0
github.com/Kyanite/noise/internal/app/ai/test_infrastructure.go:436.156,438.2 1 1
github.com/Kyanite/noise/internal/app/ai/test_infrastructure.go:446.46,448.2 1 1
github.com/Kyanite/noise/internal/app/ai/test_infrastructure.go:451.47,452.16 1 1
github.com/Kyanite/noise/internal/app/ai/test_infrastructure.go:452.16,454.3 1 0
github.com/Kyanite/noise/internal/app/ai/test_infrastructure.go:458.45,459.16 1 1
github.com/Kyanite/noise/internal/app/ai/test_infrastructure.go:459.16,461.3 1 0
github.com/Kyanite/noise/internal/app/ai/test_infrastructure.go:465.64,466.24 1 1
github.com/Kyanite/noise/internal/app/ai/test_infrastructure.go:466.24,468.3 1 1
github.com/Kyanite/noise/internal/app/ai/test_infrastructure.go:472.67,473.24 1 0
github.com/Kyanite/noise/internal/app/ai/test_infrastructure.go:473.24,475.3 1 0
github.com/Kyanite/noise/internal/app/ai/test_infrastructure.go:479.76,480.16 1 1
github.com/Kyanite/noise/internal/app/ai/test_infrastructure.go:480.16,481.27 1 0
github.com/Kyanite/noise/internal/app/ai/test_infrastructure.go:481.27,483.4 1 0
github.com/Kyanite/noise/internal/app/ai/test_infrastructure.go:483.9,483.34 1 0
github.com/Kyanite/noise/internal/app/ai/test_infrastructure.go:483.34,485.4 1 0
github.com/Kyanite/noise/internal/app/ai/test_infrastructure.go:485.9,489.4 3 0
github.com/Kyanite/noise/internal/app/ai/test_infrastructure.go:494.62,495.15 1 0
github.com/Kyanite/noise/internal/app/ai/test_infrastructure.go:495.15,497.3 1 0
github.com/Kyanite/noise/internal/app/ai/test_infrastructure.go:501.47,502.13 1 1
github.com/Kyanite/noise/internal/app/ai/test_infrastructure.go:502.13,504.3 1 0
github.com/Kyanite/noise/internal/app/ai/test_infrastructure.go:508.55,509.34 1 1
github.com/Kyanite/noise/internal/app/ai/test_infrastructure.go:509.34,511.3 1 1
github.com/Kyanite/noise/internal/app/ai/test_infrastructure.go:515.58,516.33 1 1
github.com/Kyanite/noise/internal/app/ai/test_infrastructure.go:516.33,518.3 1 0
github.com/Kyanite/noise/internal/app/ai/test_infrastructure.go:522.54,523.18 1 1
github.com/Kyanite/noise/internal/app/ai/test_infrastructure.go:523.18,525.3 1 0
github.com/Kyanite/noise/internal/app/ai/test_infrastructure.go:529.68,530.27 1 1
github.com/Kyanite/noise/internal/app/ai/test_infrastructure.go:531.16,532.25 1 1
github.com/Kyanite/noise/internal/app/ai/test_infrastructure.go:532.25,534.4 1 0
github.com/Kyanite/noise/internal/app/ai/test_infrastructure.go:535.24,536.25 1 0
github.com/Kyanite/noise/internal/app/ai/test_infrastructure.go:536.25,538.4 1 0
github.com/Kyanite/noise/internal/app/ai/test_infrastructure.go:539.10,540.56 1 0
github.com/Kyanite/noise/internal/app/ai/test_utils.go:4.44,7.2 1 1
github.com/Kyanite/noise/internal/app/ai/test_utils.go:10.47,11.43 1 1
github.com/Kyanite/noise/internal/app/ai/test_utils.go:11.43,12.35 1 1
github.com/Kyanite/noise/internal/app/ai/test_utils.go:12.35,14.4 1 1
github.com/Kyanite/noise/internal/app/ai/test_utils.go:16.2,16.14 1 1
github.com/Kyanite/noise/test/test_audio_tools.go:12.43,14.23 2 0
github.com/Kyanite/noise/test/test_audio_tools.go:14.23,16.3 1 0
github.com/Kyanite/noise/test/test_audio_tools.go:19.2,19.30 1 0
github.com/Kyanite/noise/test/test_audio_tools.go:19.30,21.3 1 0
github.com/Kyanite/noise/test/test_audio_tools.go:25.41,33.25 5 0
github.com/Kyanite/noise/test/test_audio_tools.go:33.25,35.3 1 0
github.com/Kyanite/noise/test/test_audio_tools.go:37.2,37.16 1 0
github.com/Kyanite/noise/test/test_audio_tools.go:37.16,39.3 1 0
github.com/Kyanite/noise/test/test_audio_tools.go:43.39,52.16 6 0
github.com/Kyanite/noise/test/test_audio_tools.go:52.16,54.3 1 0
github.com/Kyanite/noise/test/test_audio_tools.go:57.2,58.46 2 0
github.com/Kyanite/noise/test/test_audio_tools.go:58.46,60.3 1 0
github.com/Kyanite/noise/test/test_audio_tools.go:64.45,82.2 9 0
github.com/Kyanite/noise/test/test_audio_tools.go:85.47,98.2 7 0
github.com/Kyanite/noise/test/test_audio_tools.go:101.35,111.2 5 0
github.com/Kyanite/noise/test/test_audio_tools.go:114.44,123.27 6 0
github.com/Kyanite/noise/test/test_audio_tools.go:123.27,125.3 1 0
github.com/Kyanite/noise/test/test_audio_tools.go:129.46,137.16 5 0
github.com/Kyanite/noise/test/test_audio_tools.go:137.16,139.3 1 0
github.com/Kyanite/noise/test/test_audio_tools.go:142.2,144.16 3 0
github.com/Kyanite/noise/test/test_audio_tools.go:144.16,146.3 1 0
github.com/Kyanite/noise/test/test_autosave_integration.go:17.32,23.16 4 0
github.com/Kyanite/noise/test/test_autosave_integration.go:23.16,25.3 1 0
github.com/Kyanite/noise/test/test_autosave_integration.go:26.2,31.16 4 0
github.com/Kyanite/noise/test/test_autosave_integration.go:31.16,33.3 1 0
github.com/Kyanite/noise/test/test_autosave_integration.go:34.2,94.16 7 0
github.com/Kyanite/noise/test/test_autosave_integration.go:94.16,96.3 1 0
github.com/Kyanite/noise/test/test_autosave_integration.go:99.2,105.16 6 0
github.com/Kyanite/noise/test/test_autosave_integration.go:105.16,107.3 1 0
github.com/Kyanite/noise/test/test_autosave_integration.go:109.2,114.16 4 0
github.com/Kyanite/noise/test/test_autosave_integration.go:114.16,116.3 1 0
github.com/Kyanite/noise/test/test_autosave_integration.go:117.2,123.16 5 0
github.com/Kyanite/noise/test/test_autosave_integration.go:123.16,125.3 1 0
github.com/Kyanite/noise/test/test_autosave_integration.go:126.2,131.16 4 0
github.com/Kyanite/noise/test/test_autosave_integration.go:131.16,133.3 1 0
github.com/Kyanite/noise/test/test_autosave_integration.go:135.2,136.35 2 0
github.com/Kyanite/noise/test/test_autosave_integration.go:136.35,142.33 2 0
github.com/Kyanite/noise/test/test_autosave_integration.go:142.33,144.4 1 0
github.com/Kyanite/noise/test/test_autosave_integration.go:144.9,146.4 1 0
github.com/Kyanite/noise/test/test_autosave_integration.go:150.2,151.23 2 0
github.com/Kyanite/noise/test/test_autosave_integration.go:151.23,157.17 4 0
github.com/Kyanite/noise/test/test_autosave_integration.go:157.17,159.4 1 0
github.com/Kyanite/noise/test/test_autosave_integration.go:161.3,167.58 5 0
github.com/Kyanite/noise/test/test_autosave_integration.go:167.58,169.4 1 0
github.com/Kyanite/noise/test/test_autosave_integration.go:169.9,173.4 2 0
github.com/Kyanite/noise/test/test_autosave_integration.go:177.2,182.16 4 0
github.com/Kyanite/noise/test/test_autosave_integration.go:182.16,184.3 1 0
github.com/Kyanite/noise/test/test_autosave_integration.go:185.2,185.47 1 0
github.com/Kyanite/noise/test/test_autosave_integration.go:185.47,187.3 1 0
github.com/Kyanite/noise/test/test_autosave_integration.go:190.2,202.16 3 0
github.com/Kyanite/noise/test/test_autosave_integration.go:202.16,204.3 1 0
github.com/Kyanite/noise/test/test_autosave_integration.go:205.2,209.16 3 0
github.com/Kyanite/noise/test/test_autosave_integration.go:209.16,211.3 1 0
github.com/Kyanite/noise/test/test_autosave_integration.go:213.2,213.37 1 0
github.com/Kyanite/noise/test/test_autosave_integration.go:213.37,215.3 1 0
github.com/Kyanite/noise/test/test_autosave_integration.go:215.8,219.3 2 0
github.com/Kyanite/noise/test/test_autosave_integration.go:222.2,227.16 4 0
github.com/Kyanite/noise/test/test_autosave_integration.go:227.16,229.3 1 0
github.com/Kyanite/noise/test/test_autosave_integration.go:230.2,234.16 3 0
github.com/Kyanite/noise/test/test_autosave_integration.go:234.16,236.3 1 0
github.com/Kyanite/noise/test/test_autosave_integration.go:237.2,251.63 12 0
github.com/Kyanite/noise/test/test_collaboration_framework.go:13.47,16.16 2 0
github.com/Kyanite/noise/test/test_collaboration_framework.go:16.16,18.3 1 0
github.com/Kyanite/noise/test/test_collaboration_framework.go:19.2,34.48 10 0
github.com/Kyanite/noise/test/test_collaboration_framework.go:34.48,36.4 1 0
github.com/Kyanite/noise/test/test_collaboration_framework.go:37.49,39.4 1 0
github.com/Kyanite/noise/test/test_collaboration_framework.go:40.43,42.4 1 0
github.com/Kyanite/noise/test/test_collaboration_framework.go:45.2,46.40 1 0
github.com/Kyanite/noise/test/test_collaboration_framework.go:46.40,48.4 1 0
github.com/Kyanite/noise/test/test_collaboration_framework.go:49.40,51.4 1 0
github.com/Kyanite/noise/test/test_collaboration_framework.go:52.80,54.4 1 0
github.com/Kyanite/noise/test/test_collaboration_framework.go:55.80,57.4 1 0
github.com/Kyanite/noise/test/test_collaboration_framework.go:61.2,61.44 1 0
github.com/Kyanite/noise/test/test_collaboration_framework.go:61.44,70.17 3 0
github.com/Kyanite/noise/test/test_collaboration_framework.go:70.17,72.4 1 0
github.com/Kyanite/noise/test/test_collaboration_framework.go:74.3,74.42 1 0
github.com/Kyanite/noise/test/test_collaboration_framework.go:74.42,76.4 1 0
github.com/Kyanite/noise/test/test_collaboration_framework.go:78.3,78.24 1 0
github.com/Kyanite/noise/test/test_collaboration_framework.go:78.24,80.4 1 0
github.com/Kyanite/noise/test/test_collaboration_framework.go:83.3,83.90 1 0
github.com/Kyanite/noise/test/test_collaboration_framework.go:83.90,85.4 1 0
github.com/Kyanite/noise/test/test_collaboration_framework.go:89.2,89.42 1 0
github.com/Kyanite/noise/test/test_collaboration_framework.go:89.42,91.17 2 0
github.com/Kyanite/noise/test/test_collaboration_framework.go:91.17,93.4 1 0
github.com/Kyanite/noise/test/test_collaboration_framework.go:95.3,95.32 1 0
github.com/Kyanite/noise/test/test_collaboration_framework.go:95.32,97.4 1 0
github.com/Kyanite/noise/test/test_collaboration_framework.go:100.3,101.17 2 0
github.com/Kyanite/noise/test/test_collaboration_framework.go:101.17,103.4 1 0
github.com/Kyanite/noise/test/test_collaboration_framework.go:105.3,105.29 1 0
github.com/Kyanite/noise/test/test_collaboration_framework.go:105.29,107.4 1 0
github.com/Kyanite/noise/test/test_collaboration_framework.go:109.3,110.41 2 0
github.com/Kyanite/noise/test/test_collaboration_framework.go:110.41,112.4 1 0
github.com/Kyanite/noise/test/test_collaboration_framework.go:114.3,114.51 1 0
github.com/Kyanite/noise/test/test_collaboration_framework.go:114.51,116.4 1 0
github.com/Kyanite/noise/test/test_collaboration_framework.go:119.3,120.47 2 0
github.com/Kyanite/noise/test/test_collaboration_framework.go:120.47,122.4 1 0
github.com/Kyanite/noise/test/test_collaboration_framework.go:126.2,126.43 1 0
github.com/Kyanite/noise/test/test_collaboration_framework.go:126.43,130.14 3 0
github.com/Kyanite/noise/test/test_collaboration_framework.go:130.14,132.4 1 0
github.com/Kyanite/noise/test/test_collaboration_framework.go:134.3,134.52 1 0
github.com/Kyanite/noise/test/test_collaboration_framework.go:134.52,136.4 1 0
github.com/Kyanite/noise/test/test_collaboration_framework.go:138.3,138.45 1 0
github.com/Kyanite/noise/test/test_collaboration_framework.go:138.45,140.4 1 0
github.com/Kyanite/noise/test/test_collaboration_framework.go:143.3,144.53 2 0
github.com/Kyanite/noise/test/test_collaboration_framework.go:144.53,146.4 1 0
github.com/Kyanite/noise/test/test_collaboration_framework.go:148.3,148.33 1 0
github.com/Kyanite/noise/test/test_collaboration_framework.go:148.33,150.4 1 0
github.com/Kyanite/noise/test/test_collaboration_framework.go:154.2,154.49 1 0
github.com/Kyanite/noise/test/test_collaboration_framework.go:154.49,182.26 5 0
github.com/Kyanite/noise/test/test_collaboration_framework.go:182.26,184.4 1 0
github.com/Kyanite/noise/test/test_collaboration_framework.go:187.3,187.25 1 0
github.com/Kyanite/noise/test/test_collaboration_framework.go:187.25,190.18 3 0
github.com/Kyanite/noise/test/test_collaboration_framework.go:190.18,192.5 1 0
github.com/Kyanite/noise/test/test_collaboration_framework.go:194.4,194.38 1 0
github.com/Kyanite/noise/test/test_collaboration_framework.go:194.38,196.5 1 0
github.com/Kyanite/noise/test/test_collaboration_framework.go:198.4,198.36 1 0
github.com/Kyanite/noise/test/test_collaboration_framework.go:198.36,200.5 1 0
github.com/Kyanite/noise/test/test_collaboration_framework.go:205.2,205.49 1 0
github.com/Kyanite/noise/test/test_collaboration_framework.go:205.49,215.35 2 0
github.com/Kyanite/noise/test/test_collaboration_framework.go:215.35,217.4 1 0
github.com/Kyanite/noise/test/test_collaboration_framework.go:219.3,219.50 1 0
github.com/Kyanite/noise/test/test_collaboration_framework.go:219.50,221.4 1 0
github.com/Kyanite/noise/test/test_collaboration_framework.go:224.3,225.17 2 0
github.com/Kyanite/noise/test/test_collaboration_framework.go:225.17,227.4 1 0
github.com/Kyanite/noise/test/test_collaboration_framework.go:229.3,229.25 1 0
github.com/Kyanite/noise/test/test_collaboration_framework.go:229.25,231.4 1 0
github.com/Kyanite/noise/test/test_collaboration_framework.go:234.3,235.28 2 0
github.com/Kyanite/noise/test/test_collaboration_framework.go:235.28,237.4 1 0
github.com/Kyanite/noise/test/test_collaboration_framework.go:241.2,241.48 1 0
github.com/Kyanite/noise/test/test_collaboration_framework.go:241.48,244.31 2 0
github.com/Kyanite/noise/test/test_collaboration_framework.go:244.31,246.4 1 0
github.com/Kyanite/noise/test/test_collaboration_framework.go:249.3,250.29 2 0
github.com/Kyanite/noise/test/test_collaboration_framework.go:250.29,252.4 1 0
github.com/Kyanite/noise/test/test_collaboration_framework.go:255.3,256.17 2 0
github.com/Kyanite/noise/test/test_collaboration_framework.go:256.17,258.4 1 0
github.com/Kyanite/noise/test/test_collaboration_framework.go:261.3,262.17 2 0
github.com/Kyanite/noise/test/test_collaboration_framework.go:262.17,264.4 1 0
github.com/Kyanite/noise/test/test_collaboration_framework.go:266.3,266.29 1 0
github.com/Kyanite/noise/test/test_collaboration_framework.go:266.29,268.4 1 0
github.com/Kyanite/noise/test/test_collaboration_framework.go:272.2,272.44 1 0
github.com/Kyanite/noise/test/test_collaboration_framework.go:272.44,286.17 5 0
github.com/Kyanite/noise/test/test_collaboration_framework.go:286.17,288.4 1 0
github.com/Kyanite/noise/test/test_collaboration_framework.go:290.3,290.38 1 0
github.com/Kyanite/noise/test/test_collaboration_framework.go:290.38,292.4 1 0
github.com/Kyanite/noise/test/test_collaboration_framework.go:295.3,301.14 3 0
github.com/Kyanite/noise/test/test_collaboration_framework.go:301.14,303.4 1 0
github.com/Kyanite/noise/test/test_collaboration_framework.go:305.3,305.48 1 0
github.com/Kyanite/noise/test/test_collaboration_framework.go:305.48,307.4 1 0
github.com/Kyanite/noise/test/test_collaboration_framework.go:311.2,311.38 1 0
github.com/Kyanite/noise/test/test_collaboration_framework.go:311.38,314.32 2 0
github.com/Kyanite/noise/test/test_collaboration_framework.go:314.32,316.4 1 0
github.com/Kyanite/noise/test/test_collaboration_framework.go:319.3,320.35 2 0
github.com/Kyanite/noise/test/test_collaboration_framework.go:320.35,322.4 1 0
github.com/Kyanite/noise/test/test_collaboration_framework.go:325.3,326.17 2 0
github.com/Kyanite/noise/test/test_collaboration_framework.go:326.17,328.4 1 0
github.com/Kyanite/noise/test/test_collaboration_framework.go:330.3,331.17 2 0
github.com/Kyanite/noise/test/test_collaboration_framework.go:331.17,333.4 1 0
github.com/Kyanite/noise/test/test_collaboration_framework.go:337.2,344.63 7 0
github.com/Kyanite/noise/test/test_collaboration_framework.go:350.50,352.2 1 0
github.com/Kyanite/noise/test/test_collaboration_framework.go:354.113,365.2 2 0
github.com/Kyanite/noise/test/test_export.go:10.42,20.29 2 0
github.com/Kyanite/noise/test/test_export.go:20.29,21.50 1 0
github.com/Kyanite/noise/test/test_export.go:21.50,23.4 1 0
github.com/Kyanite/noise/test/test_export.go:28.44,33.33 2 0
github.com/Kyanite/noise/test/test_export.go:33.33,34.19 1 0
github.com/Kyanite/noise/test/test_export.go:34.19,36.4 1 0
github.com/Kyanite/noise/test/test_export.go:37.3,37.13 1 0
github.com/Kyanite/noise/test/test_export.go:42.42,56.20 3 0
github.com/Kyanite/noise/test/test_export.go:56.20,58.3 1 0
github.com/Kyanite/noise/test/test_export.go:61.2,62.20 2 0
github.com/Kyanite/noise/test/test_export.go:62.20,64.3 1 0
github.com/Kyanite/noise/test/test_export.go:67.2,68.73 2 0
github.com/Kyanite/noise/test/test_export.go:68.73,70.3 1 0
github.com/Kyanite/noise/test/test_export.go:74.43,78.29 3 0
github.com/Kyanite/noise/test/test_export.go:78.29,97.17 13 0
github.com/Kyanite/noise/test/test_export.go:97.17,99.4 1 0
github.com/Kyanite/noise/test/test_export.go:102.2,102.39 1 0
github.com/Kyanite/noise/test/test_export.go:106.39,112.16 4 0
github.com/Kyanite/noise/test/test_export.go:112.16,114.3 1 0
github.com/Kyanite/noise/test/test_export.go:117.2,118.16 2 0
github.com/Kyanite/noise/test/test_export.go:118.16,120.3 1 0
github.com/Kyanite/noise/test/test_export.go:122.2,122.36 1 0
github.com/Kyanite/noise/test/test_export.go:122.36,124.3 1 0
github.com/Kyanite/noise/test/test_export.go:127.2,127.21 1 0
github.com/Kyanite/noise/test/test_export.go:131.52,138.16 2 0
github.com/Kyanite/noise/test/test_export.go:138.16,140.3 1 0
github.com/Kyanite/noise/test/test_export.go:142.2,145.45 2 0
github.com/Kyanite/noise/test/test_export.go:145.45,147.3 1 0
github.com/Kyanite/noise/test/test_export.go:149.2,149.51 1 0
github.com/Kyanite/noise/test/test_export.go:149.51,151.3 1 0
github.com/Kyanite/noise/test/test_export.go:155.40,157.16 2 0
github.com/Kyanite/noise/test/test_export.go:157.16,159.3 1 0
github.com/Kyanite/noise/test/test_export.go:161.2,164.45 2 0
github.com/Kyanite/noise/test/test_export.go:164.45,166.3 1 0
github.com/Kyanite/noise/test/test_export.go:168.2,168.58 1 0
github.com/Kyanite/noise/test/test_export.go:168.58,170.3 1 0
github.com/Kyanite/noise/test/test_export.go:174.41,187.33 2 0
github.com/Kyanite/noise/test/test_export.go:187.33,188.39 1 0
github.com/Kyanite/noise/test/test_export.go:188.39,192.75 1 0
github.com/Kyanite/noise/test/test_export.go:192.75,194.5 1 0
github.com/Kyanite/noise/test/test_export.go:196.4,196.50 1 0
github.com/Kyanite/noise/test/test_export.go:196.50,198.5 1 0
github.com/Kyanite/noise/test/test_export.go:204.39,217.46 3 0
github.com/Kyanite/noise/test/test_export.go:217.46,219.3 1 0
github.com/Kyanite/noise/test/test_export.go:222.2,223.44 2 0
github.com/Kyanite/noise/test/test_export.go:223.44,225.3 1 0
github.com/Kyanite/noise/test/test_export.go:228.2,229.49 2 0
github.com/Kyanite/noise/test/test_export.go:229.49,231.3 1 0
github.com/Kyanite/noise/test/test_export.go:235.46,239.2 1 0
github.com/Kyanite/noise/test/test_export.go:242.51,249.2 5 0
github.com/Kyanite/noise/test/test_export.go:252.46,258.2 1 0
github.com/Kyanite/noise/test/test_export.go:261.47,286.27 3 0
github.com/Kyanite/noise/test/test_export.go:286.27,297.3 6 0
github.com/Kyanite/noise/test/test_export_formats.go:12.39,15.16 2 0
github.com/Kyanite/noise/test/test_export_formats.go:15.16,17.3 1 0
github.com/Kyanite/noise/test/test_export_formats.go:18.2,45.16 5 0
github.com/Kyanite/noise/test/test_export_formats.go:45.16,47.3 1 0
github.com/Kyanite/noise/test/test_export_formats.go:50.2,50.55 1 0
github.com/Kyanite/noise/test/test_export_formats.go:50.55,52.3 1 0
github.com/Kyanite/noise/test/test_export_formats.go:55.2,55.39 1 0
github.com/Kyanite/noise/test/test_export_formats.go:55.39,57.3 1 0
github.com/Kyanite/noise/test/test_export_formats.go:60.2,61.16 2 0
github.com/Kyanite/noise/test/test_export_formats.go:61.16,63.3 1 0
github.com/Kyanite/noise/test/test_export_formats.go:65.2,68.50 2 0
github.com/Kyanite/noise/test/test_export_formats.go:68.50,70.3 1 0
github.com/Kyanite/noise/test/test_export_formats.go:72.2,72.51 1 0
github.com/Kyanite/noise/test/test_export_formats.go:72.51,74.3 1 0
github.com/Kyanite/noise/test/test_export_formats.go:76.2,76.47 1 0
github.com/Kyanite/noise/test/test_export_formats.go:76.47,78.3 1 0
github.com/Kyanite/noise/test/test_export_formats.go:80.2,80.70 1 0
github.com/Kyanite/noise/test/test_export_formats.go:80.70,82.3 1 0
github.com/Kyanite/noise/test/test_export_formats.go:85.40,88.16 2 0
github.com/Kyanite/noise/test/test_export_formats.go:88.16,90.3 1 0
github.com/Kyanite/noise/test/test_export_formats.go:91.2,118.16 5 0
github.com/Kyanite/noise/test/test_export_formats.go:118.16,120.3 1 0
github.com/Kyanite/noise/test/test_export_formats.go:123.2,123.55 1 0
github.com/Kyanite/noise/test/test_export_formats.go:123.55,125.3 1 0
github.com/Kyanite/noise/test/test_export_formats.go:128.2,128.40 1 0
github.com/Kyanite/noise/test/test_export_formats.go:128.40,130.3 1 0
github.com/Kyanite/noise/test/test_export_formats.go:133.2,134.16 2 0
github.com/Kyanite/noise/test/test_export_formats.go:134.16,136.3 1 0
github.com/Kyanite/noise/test/test_export_formats.go:138.2,141.40 2 0
github.com/Kyanite/noise/test/test_export_formats.go:141.40,143.3 1 0
github.com/Kyanite/noise/test/test_export_formats.go:145.2,145.40 1 0
github.com/Kyanite/noise/test/test_export_formats.go:145.40,147.3 1 0
github.com/Kyanite/noise/test/test_export_formats.go:150.2,150.67 1 0
github.com/Kyanite/noise/test/test_export_formats.go:150.67,152.3 1 0
github.com/Kyanite/noise/test/test_export_formats.go:155.2,155.74 1 0
github.com/Kyanite/noise/test/test_export_formats.go:155.74,157.3 1 0
github.com/Kyanite/noise/test/test_export_formats.go:160.39,163.16 2 0
github.com/Kyanite/noise/test/test_export_formats.go:163.16,165.3 1 0
github.com/Kyanite/noise/test/test_export_formats.go:166.2,193.16 5 0
github.com/Kyanite/noise/test/test_export_formats.go:193.16,195.3 1 0
github.com/Kyanite/noise/test/test_export_formats.go:198.2,198.55 1 0
github.com/Kyanite/noise/test/test_export_formats.go:198.55,200.3 1 0
github.com/Kyanite/noise/test/test_export_formats.go:203.2,203.40 1 0
github.com/Kyanite/noise/test/test_export_formats.go:203.40,205.3 1 0
github.com/Kyanite/noise/test/test_export_formats.go:208.2,209.16 2 0
github.com/Kyanite/noise/test/test_export_formats.go:209.16,211.3 1 0
github.com/Kyanite/noise/test/test_export_formats.go:213.2,216.56 2 0
github.com/Kyanite/noise/test/test_export_formats.go:216.56,218.3 1 0
github.com/Kyanite/noise/test/test_export_formats.go:220.2,220.50 1 0
github.com/Kyanite/noise/test/test_export_formats.go:220.50,222.3 1 0
github.com/Kyanite/noise/test/test_export_formats.go:224.2,224.46 1 0
github.com/Kyanite/noise/test/test_export_formats.go:224.46,226.3 1 0
github.com/Kyanite/noise/test/test_export_formats.go:229.2,229.55 1 0
github.com/Kyanite/noise/test/test_export_formats.go:229.55,231.3 1 0
github.com/Kyanite/noise/test/test_export_formats.go:234.2,234.68 1 0
github.com/Kyanite/noise/test/test_export_formats.go:234.68,236.3 1 0
github.com/Kyanite/noise/test/test_export_formats.go:239.2,239.74 1 0
github.com/Kyanite/noise/test/test_export_formats.go:239.74,241.3 1 0
github.com/Kyanite/noise/test/test_export_formats.go:244.46,264.31 3 0
github.com/Kyanite/noise/test/test_export_formats.go:264.31,275.17 6 0
github.com/Kyanite/noise/test/test_export_formats.go:275.17,277.4 1 0
github.com/Kyanite/noise/test/test_export_formats.go:280.3,281.39 2 0
github.com/Kyanite/noise/test/test_export_formats.go:281.39,283.4 1 0
github.com/Kyanite/noise/test/test_export_formats.go:284.3,284.39 1 0
github.com/Kyanite/noise/test/test_export_formats.go:284.39,286.4 1 0
github.com/Kyanite/noise/test/test_export_formats.go:290.43,306.16 7 0
github.com/Kyanite/noise/test/test_export_formats.go:306.16,308.3 1 0
github.com/Kyanite/noise/test/test_export_formats.go:311.2,311.47 1 0
github.com/Kyanite/noise/test/test_export_formats.go:311.47,313.3 1 0
github.com/Kyanite/noise/test/test_export_formats.go:316.43,332.16 7 0
github.com/Kyanite/noise/test/test_export_formats.go:332.16,334.3 1 0
github.com/Kyanite/noise/test/test_export_formats.go:337.2,337.49 1 0
github.com/Kyanite/noise/test/test_export_formats.go:337.49,339.3 1 0
github.com/Kyanite/noise/test/test_export_formats.go:342.2,342.53 1 0
github.com/Kyanite/noise/test/test_export_formats.go:342.53,344.3 1 0
github.com/Kyanite/noise/test/test_file_io_system.go:17.19,22.52 3 0
github.com/Kyanite/noise/test/test_file_io_system.go:22.52,24.3 1 0
github.com/Kyanite/noise/test/test_file_io_system.go:25.2,34.16 3 0
github.com/Kyanite/noise/test/test_file_io_system.go:34.16,36.3 1 0
github.com/Kyanite/noise/test/test_file_io_system.go:37.2,75.66 6 0
github.com/Kyanite/noise/test/test_file_io_system.go:75.66,77.3 1 0
github.com/Kyanite/noise/test/test_file_io_system.go:78.2,83.16 4 0
github.com/Kyanite/noise/test/test_file_io_system.go:83.16,85.3 1 0
github.com/Kyanite/noise/test/test_file_io_system.go:86.2,87.33 2 0
github.com/Kyanite/noise/test/test_file_io_system.go:87.33,89.3 1 0
github.com/Kyanite/noise/test/test_file_io_system.go:92.2,94.16 3 0
github.com/Kyanite/noise/test/test_file_io_system.go:94.16,96.3 1 0
github.com/Kyanite/noise/test/test_file_io_system.go:97.2,102.54 4 0
github.com/Kyanite/noise/test/test_file_io_system.go:102.54,104.3 1 0
github.com/Kyanite/noise/test/test_file_io_system.go:105.2,105.56 1 0
github.com/Kyanite/noise/test/test_file_io_system.go:105.56,107.3 1 0
github.com/Kyanite/noise/test/test_file_io_system.go:108.2,116.13 7 0
github.com/Kyanite/noise/test/test_file_io_system.go:116.13,118.3 1 0
github.com/Kyanite/noise/test/test_file_io_system.go:119.2,128.69 5 0
github.com/Kyanite/noise/test/test_file_io_system.go:128.69,130.3 1 0
github.com/Kyanite/noise/test/test_file_io_system.go:133.2,133.12 1 0
github.com/Kyanite/noise/test/test_file_io_system.go:133.12,136.67 3 0
github.com/Kyanite/noise/test/test_file_io_system.go:136.67,138.4 1 0
github.com/Kyanite/noise/test/test_file_io_system.go:142.2,142.9 1 0
github.com/Kyanite/noise/test/test_file_io_system.go:143.23,144.56 1 0
github.com/Kyanite/noise/test/test_file_io_system.go:145.33,146.63 1 0
github.com/Kyanite/noise/test/test_file_io_system.go:150.2,150.71 1 0
github.com/Kyanite/noise/test/test_file_io_system.go:150.71,152.3 1 0
github.com/Kyanite/noise/test/test_file_io_system.go:155.2,156.61 2 0
github.com/Kyanite/noise/test/test_file_io_system.go:156.61,158.3 1 0
github.com/Kyanite/noise/test/test_file_io_system.go:159.2,162.63 2 0
github.com/Kyanite/noise/test/test_file_io_system.go:162.63,164.3 1 0
github.com/Kyanite/noise/test/test_file_io_system.go:165.2,188.74 5 0
github.com/Kyanite/noise/test/test_file_io_system.go:188.74,190.3 1 0
github.com/Kyanite/noise/test/test_file_io_system.go:193.2,193.65 1 0
github.com/Kyanite/noise/test/test_file_io_system.go:193.65,195.3 1 0
github.com/Kyanite/noise/test/test_file_io_system.go:196.2,201.37 4 0
github.com/Kyanite/noise/test/test_file_io_system.go:201.37,203.3 1 0
github.com/Kyanite/noise/test/test_file_io_system.go:203.8,205.3 1 0
github.com/Kyanite/noise/test/test_file_io_system.go:207.2,207.69 1 0
github.com/Kyanite/noise/test/test_file_io_system.go:215.77,217.9 2 0
github.com/Kyanite/noise/test/test_file_io_system.go:218.24,218.24 0 0
github.com/Kyanite/noise/test/test_file_io_system.go:219.10,219.10 0 0
github.com/Kyanite/noise/test/test_file_io_system.go:223.54,225.9 2 0
github.com/Kyanite/noise/test/test_file_io_system.go:226.24,226.24 0 0
github.com/Kyanite/noise/test/test_file_io_system.go:227.10,227.10 0 0
github.com/Kyanite/noise/internal/collaboration/conflict_resolution.go:63.46,74.2 5 1
github.com/Kyanite/noise/internal/collaboration/conflict_resolution.go:77.73,79.2 1 1
github.com/Kyanite/noise/internal/collaboration/conflict_resolution.go:82.115,84.13 2 1
github.com/Kyanite/noise/internal/collaboration/conflict_resolution.go:84.13,86.3 1 1
github.com/Kyanite/noise/internal/collaboration/conflict_resolution.go:88.2,89.16 2 1
github.com/Kyanite/noise/internal/collaboration/conflict_resolution.go:89.16,91.3 1 1
github.com/Kyanite/noise/internal/collaboration/conflict_resolution.go:94.2,103.24 7 1
github.com/Kyanite/noise/internal/collaboration/conflict_resolution.go:107.81,113.40 3 1
github.com/Kyanite/noise/internal/collaboration/conflict_resolution.go:113.40,114.21 1 1
github.com/Kyanite/noise/internal/collaboration/conflict_resolution.go:114.21,124.4 2 1
github.com/Kyanite/noise/internal/collaboration/conflict_resolution.go:127.2,127.18 1 1
github.com/Kyanite/noise/internal/collaboration/conflict_resolution.go:132.40,134.2 1 1
github.com/Kyanite/noise/internal/collaboration/conflict_resolution.go:136.75,137.34 1 1
github.com/Kyanite/noise/internal/collaboration/conflict_resolution.go:137.34,139.3 1 1
github.com/Kyanite/noise/internal/collaboration/conflict_resolution.go:143.2,144.45 2 1
github.com/Kyanite/noise/internal/collaboration/conflict_resolution.go:144.45,145.45 1 1
github.com/Kyanite/noise/internal/collaboration/conflict_resolution.go:145.45,147.4 1 1
github.com/Kyanite/noise/internal/collaboration/conflict_resolution.go:151.2,169.24 2 1
github.com/Kyanite/noise/internal/collaboration/conflict_resolution.go:174.39,176.2 1 1
github.com/Kyanite/noise/internal/collaboration/conflict_resolution.go:178.74,184.45 3 1
github.com/Kyanite/noise/internal/collaboration/conflict_resolution.go:184.45,185.27 1 1
github.com/Kyanite/noise/internal/collaboration/conflict_resolution.go:185.27,187.4 1 1
github.com/Kyanite/noise/internal/collaboration/conflict_resolution.go:188.3,188.37 1 1
github.com/Kyanite/noise/internal/collaboration/conflict_resolution.go:188.37,190.4 1 1
github.com/Kyanite/noise/internal/collaboration/conflict_resolution.go:193.2,213.24 3 1
github.com/Kyanite/noise/internal/collaboration/conflict_resolution.go:218.41,220.2 1 1
github.com/Kyanite/noise/internal/collaboration/conflict_resolution.go:222.76,240.2 2 1
github.com/Kyanite/noise/internal/collaboration/conflict_resolution.go:244.93,247.32 2 1
github.com/Kyanite/noise/internal/collaboration/conflict_resolution.go:247.32,251.32 2 1
github.com/Kyanite/noise/internal/collaboration/conflict_resolution.go:251.32,252.42 1 1
github.com/Kyanite/noise/internal/collaboration/conflict_resolution.go:252.42,255.10 3 1
github.com/Kyanite/noise/internal/collaboration/conflict_resolution.go:260.3,260.13 1 1
github.com/Kyanite/noise/internal/collaboration/conflict_resolution.go:260.13,262.4 1 1
github.com/Kyanite/noise/internal/collaboration/conflict_resolution.go:265.2,265.15 1 1
github.com/Kyanite/noise/internal/collaboration/conflict_resolution.go:268.72,274.2 3 1
github.com/Kyanite/noise/internal/collaboration/conflict_resolution.go:276.77,277.26 1 1
github.com/Kyanite/noise/internal/collaboration/conflict_resolution.go:277.26,279.3 1 1
github.com/Kyanite/noise/internal/collaboration/conflict_resolution.go:281.2,281.26 1 1
github.com/Kyanite/noise/internal/collaboration/conflict_resolution.go:281.26,284.3 1 1
github.com/Kyanite/noise/internal/collaboration/conflict_resolution.go:286.2,287.32 2 1
github.com/Kyanite/noise/internal/collaboration/conflict_resolution.go:287.32,289.3 1 1
github.com/Kyanite/noise/internal/collaboration/conflict_resolution.go:291.2,292.53 1 1
github.com/Kyanite/noise/internal/collaboration/conflict_resolution.go:300.49,302.2 1 1
github.com/Kyanite/noise/internal/collaboration/conflict_resolution.go:304.84,316.40 5 1
github.com/Kyanite/noise/internal/collaboration/conflict_resolution.go:316.40,317.43 1 1
github.com/Kyanite/noise/internal/collaboration/conflict_resolution.go:317.43,318.55 1 1
github.com/Kyanite/noise/internal/collaboration/conflict_resolution.go:318.55,320.5 1 0
github.com/Kyanite/noise/internal/collaboration/conflict_resolution.go:324.2,325.31 2 1
github.com/Kyanite/noise/internal/collaboration/conflict_resolution.go:325.31,327.31 1 1
github.com/Kyanite/noise/internal/collaboration/conflict_resolution.go:327.31,328.12 1 1
github.com/Kyanite/noise/internal/collaboration/conflict_resolution.go:332.3,332.26 1 1
github.com/Kyanite/noise/internal/collaboration/conflict_resolution.go:332.26,341.4 2 1
github.com/Kyanite/noise/internal/collaboration/conflict_resolution.go:344.2,354.24 2 1
github.com/Kyanite/noise/internal/collaboration/conflict_resolution.go:359.34,361.2 1 1
github.com/Kyanite/noise/internal/collaboration/conflict_resolution.go:363.36,365.2 1 1
github.com/Kyanite/noise/internal/collaboration/manager.go:37.69,56.2 5 1
github.com/Kyanite/noise/internal/collaboration/manager.go:223.3,227.2 3 1
github.com/Kyanite/noise/internal/collaboration/manager.go:230.131,251.51 7 1
github.com/Kyanite/noise/internal/collaboration/manager.go:251.51,253.3 1 0
github.com/Kyanite/noise/internal/collaboration/manager.go:256.2,263.21 2 1
github.com/Kyanite/noise/internal/collaboration/manager.go:267.121,272.13 4 1
github.com/Kyanite/noise/internal/collaboration/manager.go:272.13,274.3 1 1
github.com/Kyanite/noise/internal/collaboration/manager.go:276.2,276.23 1 1
github.com/Kyanite/noise/internal/collaboration/manager.go:276.23,278.3 1 0
github.com/Kyanite/noise/internal/collaboration/manager.go:281.2,281.73 1 1
github.com/Kyanite/noise/internal/collaboration/manager.go:281.73,283.3 1 1
github.com/Kyanite/noise/internal/collaboration/manager.go:286.2,303.59 4 1
github.com/Kyanite/noise/internal/collaboration/manager.go:303.59,305.3 1 0
github.com/Kyanite/noise/internal/collaboration/manager.go:308.2,322.21 3 1
github.com/Kyanite/noise/internal/collaboration/manager.go:326.78,331.13 4 1
github.com/Kyanite/noise/internal/collaboration/manager.go:331.13,333.3 1 1
github.com/Kyanite/noise/internal/collaboration/manager.go:335.2,336.24 2 1
github.com/Kyanite/noise/internal/collaboration/manager.go:336.24,338.3 1 1
github.com/Kyanite/noise/internal/collaboration/manager.go:341.2,347.42 3 0
github.com/Kyanite/noise/internal/collaboration/manager.go:347.42,349.52 2 0
github.com/Kyanite/noise/internal/collaboration/manager.go:349.52,351.4 1 0
github.com/Kyanite/noise/internal/collaboration/manager.go:355.2,355.64 1 0
github.com/Kyanite/noise/internal/collaboration/manager.go:355.64,357.3 1 0
github.com/Kyanite/noise/internal/collaboration/manager.go:360.2,374.12 3 0
github.com/Kyanite/noise/internal/collaboration/manager.go:378.101,383.13 4 1
github.com/Kyanite/noise/internal/collaboration/manager.go:383.13,385.3 1 0
github.com/Kyanite/noise/internal/collaboration/manager.go:387.2,388.24 2 1
github.com/Kyanite/noise/internal/collaboration/manager.go:388.24,390.3 1 1
github.com/Kyanite/noise/internal/collaboration/manager.go:392.2,392.38 1 0
github.com/Kyanite/noise/internal/collaboration/manager.go:392.38,394.3 1 0
github.com/Kyanite/noise/internal/collaboration/manager.go:397.2,405.16 7 0
github.com/Kyanite/noise/internal/collaboration/manager.go:405.16,407.3 1 0
github.com/Kyanite/noise/internal/collaboration/manager.go:410.2,413.59 2 0
github.com/Kyanite/noise/internal/collaboration/manager.go:413.59,415.3 1 0
github.com/Kyanite/noise/internal/collaboration/manager.go:418.2,442.12 5 0
github.com/Kyanite/noise/internal/collaboration/manager.go:446.103,451.13 4 1
github.com/Kyanite/noise/internal/collaboration/manager.go:451.13,453.3 1 1
github.com/Kyanite/noise/internal/collaboration/manager.go:455.2,469.12 5 0
github.com/Kyanite/noise/internal/collaboration/manager.go:473.80,478.13 4 1
github.com/Kyanite/noise/internal/collaboration/manager.go:478.13,480.3 1 1
github.com/Kyanite/noise/internal/collaboration/manager.go:482.2,482.21 1 1
github.com/Kyanite/noise/internal/collaboration/manager.go:486.91,491.13 4 1
github.com/Kyanite/noise/internal/collaboration/manager.go:491.13,493.3 1 1
github.com/Kyanite/noise/internal/collaboration/manager.go:495.2,496.33 2 1
github.com/Kyanite/noise/internal/collaboration/manager.go:496.33,498.3 1 1
github.com/Kyanite/noise/internal/collaboration/manager.go:500.2,500.20 1 1
github.com/Kyanite/noise/internal/collaboration/manager.go:504.87,509.13 4 0
github.com/Kyanite/noise/internal/collaboration/manager.go:509.13,511.3 1 0
github.com/Kyanite/noise/internal/collaboration/manager.go:513.2,513.22 1 0
github.com/Kyanite/noise/internal/collaboration/manager.go:517.64,522.38 4 1
github.com/Kyanite/noise/internal/collaboration/manager.go:522.38,523.23 1 1
github.com/Kyanite/noise/internal/collaboration/manager.go:523.23,525.4 1 1
github.com/Kyanite/noise/internal/collaboration/manager.go:528.2,528.17 1 1
github.com/Kyanite/noise/internal/collaboration/manager.go:532.47,539.38 4 1
github.com/Kyanite/noise/internal/collaboration/manager.go:539.38,541.52 2 1
github.com/Kyanite/noise/internal/collaboration/manager.go:541.52,543.12 1 0
github.com/Kyanite/noise/internal/collaboration/manager.go:547.2,547.12 1 1
github.com/Kyanite/noise/internal/collaboration/manager.go:552.69,553.9 1 1
github.com/Kyanite/noise/internal/collaboration/manager.go:554.26,554.26 0 1
github.com/Kyanite/noise/internal/collaboration/manager.go:555.10,555.10 0 0
github.com/Kyanite/noise/internal/collaboration/manager.go:560.76,561.9 1 0
github.com/Kyanite/noise/internal/collaboration/manager.go:562.27,562.27 0 0
github.com/Kyanite/noise/internal/collaboration/manager.go:563.10,563.10 0 0
github.com/Kyanite/noise/internal/collaboration/manager.go:568.49,569.6 1 1
github.com/Kyanite/noise/internal/collaboration/manager.go:569.6,570.10 1 1
github.com/Kyanite/noise/internal/collaboration/manager.go:571.24,572.10 1 1
github.com/Kyanite/noise/internal/collaboration/manager.go:573.29,574.25 1 1
github.com/Kyanite/noise/internal/collaboration/manager.go:579.53,580.6 1 1
github.com/Kyanite/noise/internal/collaboration/manager.go:580.6,581.10 1 1
github.com/Kyanite/noise/internal/collaboration/manager.go:582.24,583.10 1 1
github.com/Kyanite/noise/internal/collaboration/manager.go:584.30,585.27 1 0
github.com/Kyanite/noise/internal/collaboration/manager.go:590.71,591.20 1 1
github.com/Kyanite/noise/internal/collaboration/manager.go:592.27,593.32 1 1
github.com/Kyanite/noise/internal/collaboration/manager.go:593.32,597.4 1 1
github.com/Kyanite/noise/internal/collaboration/manager.go:598.30,599.33 1 0
github.com/Kyanite/noise/internal/collaboration/manager.go:599.33,603.4 1 0
github.com/Kyanite/noise/internal/collaboration/manager.go:604.29,605.35 1 0
github.com/Kyanite/noise/internal/collaboration/manager.go:605.35,610.4 2 0
github.com/Kyanite/noise/internal/collaboration/manager.go:614.76,617.2 0 0
github.com/Kyanite/noise/internal/collaboration/manager.go:619.100,620.14 1 1
github.com/Kyanite/noise/internal/collaboration/manager.go:621.17,627.4 1 0
github.com/Kyanite/noise/internal/collaboration/manager.go:628.18,634.4 1 1
github.com/Kyanite/noise/internal/collaboration/manager.go:635.18,641.4 1 1
github.com/Kyanite/noise/internal/collaboration/manager.go:642.10,643.34 1 0
github.com/Kyanite/noise/internal/collaboration/manager.go:647.118,665.2 3 1
github.com/Kyanite/noise/internal/collaboration/manager.go:668.72,672.2 1 1
github.com/Kyanite/noise/internal/collaboration/manager.go:674.84,678.2 1 1
github.com/Kyanite/noise/internal/collaboration/manager.go:680.83,684.2 1 0
github.com/Kyanite/noise/internal/collaboration/manager.go:686.77,690.2 1 0
github.com/Kyanite/noise/internal/collaboration/manager.go:693.112,700.32 2 0
github.com/Kyanite/noise/internal/collaboration/manager.go:700.32,701.39 1 0
github.com/Kyanite/noise/internal/collaboration/manager.go:701.39,712.4 1 0
github.com/Kyanite/noise/internal/collaboration/manager.go:715.2,715.27 1 0
github.com/Kyanite/noise/internal/collaboration/manager.go:718.77,721.2 1 0
github.com/Kyanite/noise/internal/collaboration/manager.go:724.33,726.2 1 1
github.com/Kyanite/noise/internal/collaboration/manager.go:728.35,730.2 1 1
github.com/Kyanite/noise/internal/collaboration/presence.go:50.44,66.2 5 1
github.com/Kyanite/noise/internal/collaboration/presence.go:73.3,77.2 3 1
github.com/Kyanite/noise/internal/collaboration/presence.go:80.113,85.13 4 1
github.com/Kyanite/noise/internal/collaboration/presence.go:85.13,94.3 2 1
github.com/Kyanite/noise/internal/collaboration/presence.go:97.2,103.25 5 1
github.com/Kyanite/noise/internal/collaboration/presence.go:103.25,114.3 1 0
github.com/Kyanite/noise/internal/collaboration/presence.go:118.100,123.13 4 0
github.com/Kyanite/noise/internal/collaboration/presence.go:123.13,125.3 1 0
github.com/Kyanite/noise/internal/collaboration/presence.go:127.2,130.74 2 0
github.com/Kyanite/noise/internal/collaboration/presence.go:130.74,131.80 1 0
github.com/Kyanite/noise/internal/collaboration/presence.go:131.80,135.4 3 0
github.com/Kyanite/noise/internal/collaboration/presence.go:139.2,147.4 1 0
github.com/Kyanite/noise/internal/collaboration/presence.go:151.103,156.50 3 1
github.com/Kyanite/noise/internal/collaboration/presence.go:156.50,158.3 1 1
github.com/Kyanite/noise/internal/collaboration/presence.go:161.2,184.28 5 1
github.com/Kyanite/noise/internal/collaboration/presence.go:184.28,186.3 1 0
github.com/Kyanite/noise/internal/collaboration/presence.go:190.76,195.60 3 0
github.com/Kyanite/noise/internal/collaboration/presence.go:195.60,196.80 1 0
github.com/Kyanite/noise/internal/collaboration/presence.go:196.80,207.28 3 0
github.com/Kyanite/noise/internal/collaboration/presence.go:207.28,209.5 1 0
github.com/Kyanite/noise/internal/collaboration/presence.go:212.4,212.86 1 0
github.com/Kyanite/noise/internal/collaboration/presence.go:218.81,224.2 4 1
github.com/Kyanite/noise/internal/collaboration/presence.go:227.92,232.13 4 0
github.com/Kyanite/noise/internal/collaboration/presence.go:232.13,234.3 1 0
github.com/Kyanite/noise/internal/collaboration/presence.go:236.2,237.33 2 0
github.com/Kyanite/noise/internal/collaboration/presence.go:237.33,239.3 1 0
github.com/Kyanite/noise/internal/collaboration/presence.go:241.2,241.21 1 0
github.com/Kyanite/noise/internal/collaboration/presence.go:245.61,250.39 4 0
github.com/Kyanite/noise/internal/collaboration/presence.go:250.39,251.38 1 0
github.com/Kyanite/noise/internal/collaboration/presence.go:251.38,253.4 1 0
github.com/Kyanite/noise/internal/collaboration/presence.go:256.2,256.20 1 0
github.com/Kyanite/noise/internal/collaboration/presence.go:260.84,265.39 4 0
github.com/Kyanite/noise/internal/collaboration/presence.go:265.39,266.32 1 0
github.com/Kyanite/noise/internal/collaboration/presence.go:266.32,268.4 1 0
github.com/Kyanite/noise/internal/collaboration/presence.go:271.2,271.14 1 0
github.com/Kyanite/noise/internal/collaboration/presence.go:275.57,280.13 4 0
github.com/Kyanite/noise/internal/collaboration/presence.go:280.13,282.3 1 0
github.com/Kyanite/noise/internal/collaboration/presence.go:284.2,291.4 2 0
github.com/Kyanite/noise/internal/collaboration/presence.go:295.91,300.13 4 0
github.com/Kyanite/noise/internal/collaboration/presence.go:300.13,302.3 1 0
github.com/Kyanite/noise/internal/collaboration/presence.go:304.2,305.32 2 0
github.com/Kyanite/noise/internal/collaboration/presence.go:309.82,314.13 4 0
github.com/Kyanite/noise/internal/collaboration/presence.go:314.13,320.3 1 0
github.com/Kyanite/noise/internal/collaboration/presence.go:322.2,322.54 1 0
github.com/Kyanite/noise/internal/collaboration/presence.go:326.102,331.13 4 0
github.com/Kyanite/noise/internal/collaboration/presence.go:331.13,333.3 1 0
github.com/Kyanite/noise/internal/collaboration/presence.go:335.2,336.43 2 0
github.com/Kyanite/noise/internal/collaboration/presence.go:336.43,338.22 2 0
github.com/Kyanite/noise/internal/collaboration/presence.go:338.22,339.12 1 0
github.com/Kyanite/noise/internal/collaboration/presence.go:342.3,350.45 2 0
github.com/Kyanite/noise/internal/collaboration/presence.go:353.2,353.19 1 0
github.com/Kyanite/noise/internal/collaboration/presence.go:375.67,376.9 1 0
github.com/Kyanite/noise/internal/collaboration/presence.go:377.34,377.34 0 0
github.com/Kyanite/noise/internal/collaboration/presence.go:378.10,378.10 0 0
github.com/Kyanite/noise/internal/collaboration/presence.go:383.52,384.6 1 1
github.com/Kyanite/noise/internal/collaboration/presence.go:384.6,385.10 1 1
github.com/Kyanite/noise/internal/collaboration/presence.go:386.24,387.10 1 1
github.com/Kyanite/noise/internal/collaboration/presence.go:388.37,389.33 1 0
github.com/Kyanite/noise/internal/collaboration/presence.go:394.69,395.20 1 0
github.com/Kyanite/noise/internal/collaboration/presence.go:396.26,397.33 1 0
github.com/Kyanite/noise/internal/collaboration/presence.go:397.33,403.4 1 0
github.com/Kyanite/noise/internal/collaboration/presence.go:404.24,404.24 0 0
github.com/Kyanite/noise/internal/collaboration/presence.go:410.47,414.6 3 1
github.com/Kyanite/noise/internal/collaboration/presence.go:414.6,415.10 1 1
github.com/Kyanite/noise/internal/collaboration/presence.go:416.24,417.10 1 1
github.com/Kyanite/noise/internal/collaboration/presence.go:418.19,419.29 1 1
github.com/Kyanite/noise/internal/collaboration/presence.go:424.51,432.44 6 1
github.com/Kyanite/noise/internal/collaboration/presence.go:432.44,433.84 1 0
github.com/Kyanite/noise/internal/collaboration/presence.go:433.84,435.4 1 0
github.com/Kyanite/noise/internal/collaboration/presence.go:439.2,439.35 1 0
github.com/Kyanite/noise/internal/collaboration/presence.go:439.35,454.3 4 0
github.com/Kyanite/noise/internal/collaboration/presence.go:457.95,458.16 1 0
github.com/Kyanite/noise/internal/collaboration/presence.go:459.20,465.4 1 0
github.com/Kyanite/noise/internal/collaboration/presence.go:466.18,472.4 1 0
github.com/Kyanite/noise/internal/collaboration/presence.go:473.18,479.4 1 0
github.com/Kyanite/noise/internal/collaboration/presence.go:480.21,486.4 1 0
github.com/Kyanite/noise/internal/collaboration/presence.go:487.10,493.4 1 0
github.com/Kyanite/noise/internal/collaboration/presence.go:498.42,501.2 2 1
github.com/Kyanite/noise/internal/collaboration/session_manager.go:24.42,31.2 2 1
github.com/Kyanite/noise/internal/collaboration/session_manager.go:39.3,44.2 4 1
github.com/Kyanite/noise/internal/collaboration/session_manager.go:47.125,68.32 7 0
github.com/Kyanite/noise/internal/collaboration/session_manager.go:68.32,70.3 1 0
github.com/Kyanite/noise/internal/collaboration/session_manager.go:72.2,72.21 1 0
github.com/Kyanite/noise/internal/collaboration/session_manager.go:76.115,81.13 4 0
github.com/Kyanite/noise/internal/collaboration/session_manager.go:81.13,83.3 1 0
github.com/Kyanite/noise/internal/collaboration/session_manager.go:85.2,85.23 1 0
github.com/Kyanite/noise/internal/collaboration/session_manager.go:85.23,87.3 1 0
github.com/Kyanite/noise/internal/collaboration/session_manager.go:90.2,90.73 1 0
github.com/Kyanite/noise/internal/collaboration/session_manager.go:90.73,92.3 1 0
github.com/Kyanite/noise/internal/collaboration/session_manager.go:95.2,95.81 1 0
github.com/Kyanite/noise/internal/collaboration/session_manager.go:95.81,97.3 1 0
github.com/Kyanite/noise/internal/collaboration/session_manager.go:100.2,114.28 3 0
github.com/Kyanite/noise/internal/collaboration/session_manager.go:114.28,116.3 1 0
github.com/Kyanite/noise/internal/collaboration/session_manager.go:118.2,118.21 1 0
github.com/Kyanite/noise/internal/collaboration/session_manager.go:122.72,127.13 4 0
github.com/Kyanite/noise/internal/collaboration/session_manager.go:127.13,129.3 1 0
github.com/Kyanite/noise/internal/collaboration/session_manager.go:131.2,132.24 2 0
github.com/Kyanite/noise/internal/collaboration/session_manager.go:132.24,134.3 1 0
github.com/Kyanite/noise/internal/collaboration/session_manager.go:137.2,140.42 2 0
github.com/Kyanite/noise/internal/collaboration/session_manager.go:140.42,144.31 2 0
github.com/Kyanite/noise/internal/collaboration/session_manager.go:144.31,146.4 1 0
github.com/Kyanite/noise/internal/collaboration/session_manager.go:147.8,149.27 1 0
github.com/Kyanite/noise/internal/collaboration/session_manager.go:149.27,151.4 1 0
github.com/Kyanite/noise/internal/collaboration/session_manager.go:154.2,154.12 1 0
github.com/Kyanite/noise/internal/collaboration/session_manager.go:158.62,163.13 4 0
github.com/Kyanite/noise/internal/collaboration/session_manager.go:163.13,165.3 1 0
github.com/Kyanite/noise/internal/collaboration/session_manager.go:167.2,170.30 2 0
github.com/Kyanite/noise/internal/collaboration/session_manager.go:170.30,172.3 1 0
github.com/Kyanite/noise/internal/collaboration/session_manager.go:174.2,174.12 1 0
github.com/Kyanite/noise/internal/collaboration/session_manager.go:178.74,183.13 4 0
github.com/Kyanite/noise/internal/collaboration/session_manager.go:183.13,185.3 1 0
github.com/Kyanite/noise/internal/collaboration/session_manager.go:187.2,187.21 1 0
github.com/Kyanite/noise/internal/collaboration/session_manager.go:191.85,196.13 4 0
github.com/Kyanite/noise/internal/collaboration/session_manager.go:196.13,198.3 1 0
github.com/Kyanite/noise/internal/collaboration/session_manager.go:200.2,201.33 2 0
github.com/Kyanite/noise/internal/collaboration/session_manager.go:201.33,203.3 1 0
github.com/Kyanite/noise/internal/collaboration/session_manager.go:205.2,205.20 1 0
github.com/Kyanite/noise/internal/collaboration/session_manager.go:209.90,214.13 4 0
github.com/Kyanite/noise/internal/collaboration/session_manager.go:214.13,216.3 1 0
github.com/Kyanite/noise/internal/collaboration/session_manager.go:218.2,219.13 2 0
github.com/Kyanite/noise/internal/collaboration/session_manager.go:219.13,221.3 1 0
github.com/Kyanite/noise/internal/collaboration/session_manager.go:223.2,223.25 1 0
github.com/Kyanite/noise/internal/collaboration/session_manager.go:227.58,232.38 4 0
github.com/Kyanite/noise/internal/collaboration/session_manager.go:232.38,233.23 1 0
github.com/Kyanite/noise/internal/collaboration/session_manager.go:233.23,235.4 1 0
github.com/Kyanite/noise/internal/collaboration/session_manager.go:238.2,238.17 1 0
github.com/Kyanite/noise/internal/collaboration/session_manager.go:242.72,247.38 4 0
github.com/Kyanite/noise/internal/collaboration/session_manager.go:247.38,248.66 1 0
github.com/Kyanite/noise/internal/collaboration/session_manager.go:248.66,249.63 1 0
github.com/Kyanite/noise/internal/collaboration/session_manager.go:249.63,251.5 1 0
github.com/Kyanite/noise/internal/collaboration/session_manager.go:255.2,255.17 1 0
github.com/Kyanite/noise/internal/collaboration/session_manager.go:259.104,264.13 4 0
github.com/Kyanite/noise/internal/collaboration/session_manager.go:264.13,266.3 1 0
github.com/Kyanite/noise/internal/collaboration/session_manager.go:268.2,269.13 2 0
github.com/Kyanite/noise/internal/collaboration/session_manager.go:269.13,271.3 1 0
github.com/Kyanite/noise/internal/collaboration/session_manager.go:273.2,276.12 3 0
github.com/Kyanite/noise/internal/collaboration/session_manager.go:280.74,285.13 4 0
github.com/Kyanite/noise/internal/collaboration/session_manager.go:285.13,287.3 1 0
github.com/Kyanite/noise/internal/collaboration/session_manager.go:289.2,290.15 2 0
github.com/Kyanite/noise/internal/collaboration/session_manager.go:294.49,299.2 3 0
github.com/Kyanite/noise/internal/collaboration/session_manager.go:302.55,307.38 4 0
github.com/Kyanite/noise/internal/collaboration/session_manager.go:307.38,308.23 1 0
github.com/Kyanite/noise/internal/collaboration/session_manager.go:308.23,310.4 1 0
github.com/Kyanite/noise/internal/collaboration/session_manager.go:313.2,313.14 1 0
github.com/Kyanite/noise/internal/collaboration/session_manager.go:317.84,324.46 5 0
github.com/Kyanite/noise/internal/collaboration/session_manager.go:324.46,326.63 1 0
github.com/Kyanite/noise/internal/collaboration/session_manager.go:326.63,331.4 3 0
github.com/Kyanite/noise/internal/collaboration/session_manager.go:334.2,334.24 1 0
github.com/Kyanite/noise/internal/collaboration/session_manager.go:339.94,340.14 1 0
github.com/Kyanite/noise/internal/collaboration/session_manager.go:341.17,347.4 1 0
github.com/Kyanite/noise/internal/collaboration/session_manager.go:348.18,354.4 1 0
github.com/Kyanite/noise/internal/collaboration/session_manager.go:355.18,361.4 1 0
github.com/Kyanite/noise/internal/collaboration/session_manager.go:362.10,363.34 1 0
github.com/Kyanite/noise/internal/collaboration/session_manager.go:389.48,393.2 1 0
github.com/Kyanite/noise/internal/collaboration/session_manager.go:396.155,414.2 5 0
github.com/Kyanite/noise/internal/collaboration/session_manager.go:417.89,422.13 4 0
github.com/Kyanite/noise/internal/collaboration/session_manager.go:422.13,424.3 1 0
github.com/Kyanite/noise/internal/collaboration/session_manager.go:426.2,426.44 1 0
github.com/Kyanite/noise/internal/collaboration/session_manager.go:426.44,428.3 1 0
github.com/Kyanite/noise/internal/collaboration/session_manager.go:430.2,430.25 1 0
github.com/Kyanite/noise/internal/collaboration/session_manager.go:430.25,432.3 1 0
github.com/Kyanite/noise/internal/collaboration/session_manager.go:434.2,435.24 2 0
github.com/Kyanite/noise/internal/collaboration/session_manager.go:439.75,444.13 4 0
github.com/Kyanite/noise/internal/collaboration/session_manager.go:444.13,446.3 1 0
github.com/Kyanite/noise/internal/collaboration/session_manager.go:449.2,450.12 2 0
github.com/Kyanite/noise/internal/collaboration/session_manager.go:454.86,459.13 4 0
github.com/Kyanite/noise/internal/collaboration/session_manager.go:459.13,461.3 1 0
github.com/Kyanite/noise/internal/collaboration/session_manager.go:463.2,463.24 1 0
github.com/Kyanite/noise/internal/collaboration/session_manager.go:467.81,472.44 4 0
github.com/Kyanite/noise/internal/collaboration/session_manager.go:472.44,473.101 1 0
github.com/Kyanite/noise/internal/collaboration/session_manager.go:473.101,475.4 1 0
github.com/Kyanite/noise/internal/collaboration/session_manager.go:478.2,478.24 1 0
github.com/Kyanite/noise/internal/collaboration/session_manager.go:482.86,487.44 4 0
github.com/Kyanite/noise/internal/collaboration/session_manager.go:487.44,488.107 1 0
github.com/Kyanite/noise/internal/collaboration/session_manager.go:488.107,490.4 1 0
github.com/Kyanite/noise/internal/collaboration/session_manager.go:493.2,493.27 1 0
github.com/Kyanite/noise/internal/collaboration/session_manager.go:497.72,504.45 5 0
github.com/Kyanite/noise/internal/collaboration/session_manager.go:504.45,505.38 1 0
github.com/Kyanite/noise/internal/collaboration/session_manager.go:505.38,508.4 2 0
github.com/Kyanite/noise/internal/collaboration/session_manager.go:511.2,511.16 1 0
github.com/Kyanite/noise/internal/collaboration/session_manager.go:516.36,518.2 1 0
github.com/Kyanite/noise/internal/collaboration/test_infrastructure.go:23.26,30.2 1 1
github.com/Kyanite/noise/internal/collaboration/test_infrastructure.go:33.46,37.2 3 0
github.com/Kyanite/noise/internal/collaboration/test_infrastructure.go:49.74,66.34 5 1
github.com/Kyanite/noise/internal/collaboration/test_infrastructure.go:66.34,67.28 1 1
github.com/Kyanite/noise/internal/collaboration/test_infrastructure.go:67.28,73.5 1 0
github.com/Kyanite/noise/internal/collaboration/test_infrastructure.go:75.35,76.29 1 0
github.com/Kyanite/noise/internal/collaboration/test_infrastructure.go:76.29,82.5 1 0
github.com/Kyanite/noise/internal/collaboration/test_infrastructure.go:84.29,90.4 1 0
github.com/Kyanite/noise/internal/collaboration/test_infrastructure.go:93.2,93.12 1 1
github.com/Kyanite/noise/internal/collaboration/test_infrastructure.go:97.77,101.2 3 0
github.com/Kyanite/noise/internal/collaboration/test_infrastructure.go:104.71,111.2 5 0
github.com/Kyanite/noise/internal/collaboration/test_infrastructure.go:114.52,118.2 3 0
github.com/Kyanite/noise/internal/collaboration/test_infrastructure.go:136.50,146.26 3 1
github.com/Kyanite/noise/internal/collaboration/test_infrastructure.go:146.26,152.4 1 0
github.com/Kyanite/noise/internal/collaboration/test_infrastructure.go:153.26,159.4 1 0
github.com/Kyanite/noise/internal/collaboration/test_infrastructure.go:160.52,167.4 1 0
github.com/Kyanite/noise/internal/collaboration/test_infrastructure.go:168.52,175.4 1 0
github.com/Kyanite/noise/internal/collaboration/test_infrastructure.go:178.2,178.12 1 1
github.com/Kyanite/noise/internal/collaboration/test_infrastructure.go:182.65,186.2 3 0
github.com/Kyanite/noise/internal/collaboration/test_infrastructure.go:189.66,196.2 5 0
github.com/Kyanite/noise/internal/collaboration/test_infrastructure.go:199.53,203.2 3 0
github.com/Kyanite/noise/internal/collaboration/test_infrastructure.go:213.52,223.35 3 1
github.com/Kyanite/noise/internal/collaboration/test_infrastructure.go:223.35,229.4 1 0
github.com/Kyanite/noise/internal/collaboration/test_infrastructure.go:230.34,237.4 1 0
github.com/Kyanite/noise/internal/collaboration/test_infrastructure.go:238.34,245.4 1 0
github.com/Kyanite/noise/internal/collaboration/test_infrastructure.go:248.2,248.12 1 1
github.com/Kyanite/noise/internal/collaboration/test_infrastructure.go:252.67,256.2 3 0
github.com/Kyanite/noise/internal/collaboration/test_infrastructure.go:259.69,266.2 5 1
github.com/Kyanite/noise/internal/collaboration/test_infrastructure.go:269.55,273.2 3 1
github.com/Kyanite/noise/internal/collaboration/test_infrastructure.go:281.46,283.2 1 1
github.com/Kyanite/noise/internal/collaboration/test_infrastructure.go:286.77,302.2 1 0
github.com/Kyanite/noise/internal/collaboration/test_infrastructure.go:305.115,317.2 1 0
github.com/Kyanite/noise/internal/collaboration/test_infrastructure.go:320.130,333.2 1 1
github.com/Kyanite/noise/internal/collaboration/test_infrastructure.go:336.72,354.2 1 0
github.com/Kyanite/noise/internal/collaboration/test_infrastructure.go:357.47,358.16 1 1
github.com/Kyanite/noise/internal/collaboration/test_infrastructure.go:358.16,360.3 1 1
github.com/Kyanite/noise/internal/collaboration/test_infrastructure.go:364.45,365.16 1 1
github.com/Kyanite/noise/internal/collaboration/test_infrastructure.go:365.16,367.3 1 0
github.com/Kyanite/noise/internal/collaboration/test_infrastructure.go:371.64,372.24 1 1
github.com/Kyanite/noise/internal/collaboration/test_infrastructure.go:372.24,374.3 1 0
github.com/Kyanite/noise/internal/collaboration/test_infrastructure.go:378.67,379.24 1 1
github.com/Kyanite/noise/internal/collaboration/test_infrastructure.go:379.24,381.3 1 0
github.com/Kyanite/noise/internal/collaboration/test_infrastructure.go:385.76,386.16 1 1
github.com/Kyanite/noise/internal/collaboration/test_infrastructure.go:386.16,387.27 1 1
github.com/Kyanite/noise/internal/collaboration/test_infrastructure.go:387.27,389.4 1 1
github.com/Kyanite/noise/internal/collaboration/test_infrastructure.go:389.9,389.34 1 1
github.com/Kyanite/noise/internal/collaboration/test_infrastructure.go:389.34,391.4 1 1
github.com/Kyanite/noise/internal/collaboration/test_infrastructure.go:391.9,395.4 3 1
github.com/Kyanite/noise/internal/collaboration/test_infrastructure.go:400.62,401.15 1 1
github.com/Kyanite/noise/internal/collaboration/test_infrastructure.go:401.15,403.3 1 0
github.com/Kyanite/noise/internal/collaboration/test_infrastructure.go:407.54,408.18 1 1
github.com/Kyanite/noise/internal/collaboration/test_infrastructure.go:408.18,410.3 1 0
github.com/Kyanite/noise/internal/collaboration/test_infrastructure.go:414.68,415.27 1 1
github.com/Kyanite/noise/internal/collaboration/test_infrastructure.go:416.17,417.25 1 0
github.com/Kyanite/noise/internal/collaboration/test_infrastructure.go:417.25,419.4 1 0
github.com/Kyanite/noise/internal/collaboration/test_infrastructure.go:420.21,421.25 1 0
github.com/Kyanite/noise/internal/collaboration/test_infrastructure.go:421.25,423.4 1 0
github.com/Kyanite/noise/internal/collaboration/test_infrastructure.go:424.19,425.25 1 0
github.com/Kyanite/noise/internal/collaboration/test_infrastructure.go:425.25,427.4 1 0
github.com/Kyanite/noise/internal/collaboration/test_infrastructure.go:428.28,429.25 1 0
github.com/Kyanite/noise/internal/collaboration/test_infrastructure.go:429.25,431.4 1 0
github.com/Kyanite/noise/internal/collaboration/test_infrastructure.go:432.23,433.25 1 0
github.com/Kyanite/noise/internal/collaboration/test_infrastructure.go:433.25,435.4 1 0
github.com/Kyanite/noise/internal/collaboration/test_infrastructure.go:436.22,437.25 1 0
github.com/Kyanite/noise/internal/collaboration/test_infrastructure.go:437.25,439.4 1 0
github.com/Kyanite/noise/internal/collaboration/test_infrastructure.go:440.18,441.25 1 0
github.com/Kyanite/noise/internal/collaboration/test_infrastructure.go:441.25,443.4 1 0
github.com/Kyanite/noise/internal/collaboration/test_infrastructure.go:444.24,445.25 1 0
github.com/Kyanite/noise/internal/collaboration/test_infrastructure.go:445.25,447.4 1 0
github.com/Kyanite/noise/internal/collaboration/test_infrastructure.go:448.21,449.25 1 0
github.com/Kyanite/noise/internal/collaboration/test_infrastructure.go:449.25,451.4 1 0
github.com/Kyanite/noise/internal/collaboration/test_infrastructure.go:452.10,455.41 2 1
github.com/Kyanite/noise/internal/collaboration/test_infrastructure.go:455.41,456.36 1 1
github.com/Kyanite/noise/internal/collaboration/test_infrastructure.go:456.36,458.5 1 1
github.com/Kyanite/noise/internal/collaboration/test_infrastructure.go:459.9,461.4 1 0
github.com/Kyanite/noise/internal/collaboration/test_infrastructure.go:466.101,468.34 2 0
github.com/Kyanite/noise/internal/collaboration/test_infrastructure.go:468.34,469.18 1 0
github.com/Kyanite/noise/internal/collaboration/test_infrastructure.go:469.18,471.4 1 0
github.com/Kyanite/noise/internal/collaboration/test_infrastructure.go:472.3,472.36 1 0
github.com/Kyanite/noise/internal/collaboration/test_infrastructure.go:475.2,475.61 1 0
github.com/Kyanite/noise/internal/collaboration/test_infrastructure.go:489.44,496.20 6 1
github.com/Kyanite/noise/internal/collaboration/test_infrastructure.go:496.20,499.3 2 1
github.com/Kyanite/noise/internal/collaboration/test_infrastructure.go:501.2,508.3 1 1
github.com/Kyanite/noise/internal/collaboration/test_infrastructure.go:512.73,513.14 1 0
github.com/Kyanite/noise/internal/collaboration/test_infrastructure.go:514.17,520.4 1 0
github.com/Kyanite/noise/internal/collaboration/test_infrastructure.go:521.18,527.4 1 0
github.com/Kyanite/noise/internal/collaboration/test_infrastructure.go:528.18,534.4 1 0
github.com/Kyanite/noise/internal/collaboration/test_infrastructure.go:535.10,536.34 1 0
